###############################################################
#  Generated by:      Cadence Innovus 15.23-s045_1
#  OS:                Linux x86_64(Host ID ieng6-ece-02.ucsd.edu)
#  Generated on:      Mon Mar 16 21:40:43 2026
#  Design:            core
#  Command:           report_timing -max_paths 5 > ${design}.post_route.timing.rpt
###############################################################
Path 1: VIOLATED Setup Check with Pin sfp_instance/sfp_out_sign3_reg_0_/CP 
Endpoint:   sfp_instance/sfp_out_sign3_reg_0_/D        (v) checked with  
leading edge of 'clk'
Beginpoint: sfp_instance/fifo_inst_int/rd_ptr_reg_0_/Q (^) triggered by  
leading edge of 'clk'
Path Groups: {clk}
Analysis View: WC_VIEW
Other End Arrival Time          4.686
- Setup                         0.143
+ Phase Shift                   1.000
+ CPPR Adjustment               0.000
= Required Time                 5.543
- Arrival Time                 22.024
= Slack Time                  -16.481
     Clock Rise Edge                 0.000
     + Clock Network Latency (Prop)  1.058
     = Beginpoint Arrival Time       1.058
     +------------------------------------------------------------------------------------------------------------+ 
     |                      Instance                      |     Arc      |   Cell    | Delay | Arrival | Required | 
     |                                                    |              |           |       |  Time   |   Time   | 
     |----------------------------------------------------+--------------+-----------+-------+---------+----------| 
     | sfp_instance/fifo_inst_int/rd_ptr_reg_0_           | CP ^         |           |       |   1.058 |  -15.423 | 
     | sfp_instance/fifo_inst_int/rd_ptr_reg_0_           | CP ^ -> Q ^  | EDFKCNQD4 | 0.150 |   1.207 |  -15.273 | 
     | sfp_instance/fifo_inst_int/FE_OCPC10112_rd_ptr_0_  | I ^ -> ZN v  | CKND16    | 0.035 |   1.243 |  -15.238 | 
     | sfp_instance/fifo_inst_int/FE_OCPC12454_rd_ptr_0_  | I v -> ZN ^  | INVD16    | 0.041 |   1.283 |  -15.197 | 
     | sfp_instance/fifo_inst_int/fifo_mux_16_1a/FE_OCPC1 | I ^ -> ZN v  | INVD16    | 0.028 |   1.312 |  -15.169 | 
     | 2457_rd_ptr_0_                                     |              |           |       |         |          | 
     | sfp_instance/fifo_inst_int/fifo_mux_16_1a/FE_OCPC1 | I v -> ZN ^  | CKND16    | 0.033 |   1.345 |  -15.136 | 
     | 2462_rd_ptr_0_                                     |              |           |       |         |          | 
     | sfp_instance/fifo_inst_int/fifo_mux_16_1a/mux_8_1a | A1 ^ -> ZN v | ND2D4     | 0.027 |   1.372 |  -15.108 | 
     | /fifo_mux_2_1c/FE_RC_15770_0                       |              |           |       |         |          | 
     | sfp_instance/fifo_inst_int/fifo_mux_16_1a/mux_8_1a | B v -> ZN ^  | OAI21D4   | 0.027 |   1.399 |  -15.081 | 
     | /fifo_mux_2_1c/FE_RC_15769_0                       |              |           |       |         |          | 
     | sfp_instance/fifo_inst_int/fifo_mux_16_1a/mux_8_1a | B1 ^ -> ZN v | IND2D4    | 0.027 |   1.426 |  -15.054 | 
     | /fifo_mux_2_1f/FE_RC_25823_0                       |              |           |       |         |          | 
     | sfp_instance/fifo_inst_int/fifo_mux_16_1a/mux_8_1a | A1 v -> ZN ^ | CKND2D4   | 0.023 |   1.449 |  -15.031 | 
     | /fifo_mux_2_1f/FE_RC_25821_0                       |              |           |       |         |          | 
     | sfp_instance/fifo_inst_int/fifo_mux_16_1a/mux_8_1a | B1 ^ -> ZN v | IND2D4    | 0.023 |   1.473 |  -15.008 | 
     | /fifo_mux_2_1g/FE_RC_46072_0                       |              |           |       |         |          | 
     | sfp_instance/fifo_inst_int/fifo_mux_16_1a/mux_8_1a | A1 v -> ZN ^ | CKND2D4   | 0.024 |   1.496 |  -14.984 | 
     | /fifo_mux_2_1g/FE_RC_46071_0                       |              |           |       |         |          | 
     | sfp_instance/fifo_inst_int/fifo_mux_16_1a/mux_2_1a | B1 ^ -> ZN v | IND2D4    | 0.030 |   1.526 |  -14.954 | 
     | /FE_RC_410_0                                       |              |           |       |         |          | 
     | sfp_instance/fifo_inst_int/fifo_mux_16_1a/mux_2_1a | A1 v -> ZN ^ | ND2D8     | 0.040 |   1.567 |  -14.914 | 
     | /FE_RC_409_0                                       |              |           |       |         |          | 
     | sfp_instance/add_88/FE_RC_54927_0                  | A1 ^ -> ZN v | NR2XD4    | 0.033 |   1.599 |  -14.881 | 
     | sfp_instance/add_88/FE_RC_54928_0                  | I v -> ZN ^  | INVD4     | 0.020 |   1.619 |  -14.861 | 
     | sfp_instance/add_88/FE_RC_49201_0                  | A1 ^ -> ZN v | ND2D4     | 0.021 |   1.641 |  -14.840 | 
     | sfp_instance/add_88/FE_RC_49200_0                  | A1 v -> ZN ^ | CKND2D4   | 0.024 |   1.664 |  -14.816 | 
     | sfp_instance/add_88/FE_RC_51437_0                  | A1 ^ -> ZN v | ND2D2     | 0.025 |   1.689 |  -14.791 | 
     | sfp_instance/add_88/FE_RC_51436_0                  | A1 v -> ZN ^ | ND2D2     | 0.020 |   1.710 |  -14.771 | 
     | sfp_instance/add_88/U1_4                           | CI ^ -> CO ^ | FA1D2     | 0.072 |   1.781 |  -14.699 | 
     | sfp_instance/add_88/FE_RC_64011_0                  | A1 ^ -> ZN v | ND2D4     | 0.030 |   1.811 |  -14.669 | 
     | sfp_instance/add_88/FE_RC_64010_0                  | A1 v -> ZN ^ | CKND2D4   | 0.024 |   1.836 |  -14.645 | 
     | sfp_instance/add_88/U1_6                           | CI ^ -> CO ^ | FA1D2     | 0.075 |   1.911 |  -14.570 | 
     | sfp_instance/add_88/FE_RC_11310_0                  | A1 ^ -> ZN v | ND2D4     | 0.033 |   1.944 |  -14.537 | 
     | sfp_instance/add_88/FE_RC_47281_0                  | B1 v -> ZN ^ | IND2D4    | 0.027 |   1.971 |  -14.510 | 
     | sfp_instance/add_88/FE_RC_47280_0                  | A1 ^ -> ZN v | ND2D8     | 0.035 |   2.005 |  -14.475 | 
     | sfp_instance/add_88/FE_RC_47876_0                  | B1 v -> ZN ^ | IND2D4    | 0.026 |   2.031 |  -14.450 | 
     | sfp_instance/add_88/FE_RC_47875_0                  | A1 ^ -> ZN v | ND2D4     | 0.026 |   2.057 |  -14.424 | 
     | sfp_instance/add_88/FE_RC_45316_0                  | A1 v -> ZN ^ | OAI21D4   | 0.032 |   2.089 |  -14.392 | 
     | sfp_instance/add_88/U1_13                          | CI ^ -> CO ^ | FA1D2     | 0.076 |   2.165 |  -14.315 | 
     | sfp_instance/add_88/FE_OCPC15556_carry_14          | I ^ -> Z ^   | BUFFD6    | 0.069 |   2.234 |  -14.247 | 
     | sfp_instance/add_88/FE_RC_83_0_dup_dup             | A1 ^ -> ZN v | CKND2D4   | 0.028 |   2.262 |  -14.218 | 
     | sfp_instance/add_88/FE_RC_15818_0                  | B1 v -> ZN ^ | IND2D4    | 0.021 |   2.283 |  -14.197 | 
     | sfp_instance/add_88/FE_RC_38948_0                  | A1 ^ -> ZN v | CKND2D4   | 0.027 |   2.310 |  -14.170 | 
     | sfp_instance/add_88/FE_RC_30163_0                  | A1 v -> ZN ^ | AOI21D4   | 0.049 |   2.360 |  -14.121 | 
     | sfp_instance/add_88/FE_RC_30159_0                  | A2 ^ -> ZN v | CKND2D8   | 0.045 |   2.405 |  -14.076 | 
     | sfp_instance/FE_OCPC14684_sum_2core_17_            | I v -> ZN ^  | INVD12    | 0.030 |   2.436 |  -14.045 | 
     | sfp_instance/FE_OCPC14686_sum_2core_17_            | I ^ -> ZN v  | INVD12    | 0.022 |   2.457 |  -14.023 | 
     | sfp_instance/div3/div_19/FE_OCPC10863_FE_OFN3019_s | I v -> ZN ^  | CKND6     | 0.021 |   2.479 |  -14.002 | 
     | um_2core_17_                                       |              |           |       |         |          | 
     | sfp_instance/div3/div_19/FE_RC_56225_0             | I ^ -> ZN v  | INVD3     | 0.013 |   2.492 |  -13.989 | 
     | sfp_instance/div3/div_19/FE_RC_56224_0             | A1 v -> ZN ^ | NR2XD2    | 0.019 |   2.511 |  -13.970 | 
     | sfp_instance/div3/div_19/FE_RC_56223_0             | A1 ^ -> ZN v | ND2D2     | 0.023 |   2.534 |  -13.947 | 
     | sfp_instance/div3/div_19/FE_RC_56185_0             | A1 v -> ZN v | IND2D4    | 0.055 |   2.589 |  -13.892 | 
     | sfp_instance/div3/div_19/FE_RC_56186_0             | I v -> ZN ^  | CKND6     | 0.026 |   2.615 |  -13.866 | 
     | sfp_instance/div3/div_19/FE_RC_21463_0             | I ^ -> ZN v  | INVD12    | 0.020 |   2.635 |  -13.846 | 
     | sfp_instance/div3/div_19/FE_RC_57609_0             | B1 v -> ZN ^ | INR2XD2   | 0.028 |   2.663 |  -13.818 | 
     | sfp_instance/div3/div_19/FE_RC_57610_0             | I ^ -> ZN v  | INVD2     | 0.021 |   2.683 |  -13.797 | 
     | sfp_instance/div3/div_19/FE_RC_56637_0             | A1 v -> ZN ^ | ND2D4     | 0.024 |   2.708 |  -13.773 | 
     | sfp_instance/div3/div_19/FE_RC_56597_0             | B1 ^ -> ZN v | IND2D4    | 0.025 |   2.733 |  -13.748 | 
     | sfp_instance/div3/div_19/FE_RC_54452_0             | A1 v -> ZN ^ | ND2D4     | 0.023 |   2.755 |  -13.725 | 
     | sfp_instance/div3/div_19/FE_RC_1879_0_dup          | A1 ^ -> ZN v | ND2D2     | 0.024 |   2.779 |  -13.701 | 
     | sfp_instance/div3/div_19/FE_OCPC7372_FE_RN_1414_0  | I v -> ZN ^  | CKND2     | 0.020 |   2.800 |  -13.681 | 
     | sfp_instance/div3/div_19/FE_RC_23556_0             | A1 ^ -> ZN v | ND2D3     | 0.034 |   2.834 |  -13.647 | 
     | sfp_instance/div3/div_19/FE_RC_23553_0             | A1 v -> ZN ^ | ND2D8     | 0.032 |   2.866 |  -13.615 | 
     | sfp_instance/div3/div_19/FE_RC_40152_0             | A1 ^ -> ZN ^ | IND2D4    | 0.043 |   2.908 |  -13.572 | 
     | sfp_instance/div3/div_19/FE_RC_40151_0             | A1 ^ -> ZN v | ND2D4     | 0.024 |   2.933 |  -13.548 | 
     | sfp_instance/div3/div_19/FE_RC_40291_0             | A1 v -> ZN ^ | AOI21D4   | 0.040 |   2.973 |  -13.508 | 
     | sfp_instance/div3/div_19/FE_RC_20455_0             | A1 ^ -> ZN v | ND2D2     | 0.043 |   3.015 |  -13.465 | 
     | sfp_instance/div3/div_19/FE_RC_20453_0             | B v -> ZN ^  | OAI21D4   | 0.037 |   3.053 |  -13.428 | 
     | sfp_instance/div3/div_19/FE_RC_44292_0             | A1 ^ -> ZN ^ | IND2D4    | 0.054 |   3.107 |  -13.374 | 
     | sfp_instance/div3/div_19/FE_RC_44569_0             | A2 ^ -> ZN v | ND2D4     | 0.025 |   3.132 |  -13.349 | 
     | sfp_instance/div3/div_19/FE_RC_64156_0             | A1 v -> ZN ^ | ND2D3     | 0.019 |   3.151 |  -13.330 | 
     | sfp_instance/div3/div_19/u_div_u_fa_PartRem_0_27_3 | CI ^ -> CO ^ | FA1D4     | 0.078 |   3.229 |  -13.252 | 
     | sfp_instance/div3/div_19/FE_RC_22370_0_dup_dup     | A1 ^ -> Z ^  | AN2D8     | 0.073 |   3.302 |  -13.178 | 
     | sfp_instance/div3/div_19/FE_RC_36683_0             | A1 ^ -> ZN v | NR2D4     | 0.022 |   3.324 |  -13.157 | 
     | sfp_instance/div3/div_19/FE_RC_36682_0             | A1 v -> ZN ^ | NR2XD3    | 0.026 |   3.349 |  -13.131 | 
     | sfp_instance/div3/div_19/FE_RC_36681_0             | A1 ^ -> ZN v | CKND2D4   | 0.025 |   3.375 |  -13.106 | 
     | sfp_instance/div3/div_19/FE_RC_8500_0              | A2 v -> ZN ^ | CKND2D2   | 0.028 |   3.403 |  -13.078 | 
     | sfp_instance/div3/div_19/FE_RC_8499_0              | A1 ^ -> ZN v | ND2D2     | 0.030 |   3.433 |  -13.048 | 
     | sfp_instance/div3/div_19/FE_RC_49406_0             | A1 v -> ZN ^ | CKND2D2   | 0.026 |   3.459 |  -13.022 | 
     | sfp_instance/div3/div_19/FE_RC_49405_0             | A1 ^ -> ZN v | ND2D2     | 0.032 |   3.491 |  -12.990 | 
     | sfp_instance/div3/div_19/FE_RC_55825_0             | A1 v -> ZN ^ | CKND2D4   | 0.033 |   3.524 |  -12.957 | 
     | sfp_instance/div3/div_19/FE_RC_55824_0             | A1 ^ -> ZN v | ND2D4     | 0.024 |   3.549 |  -12.932 | 
     | sfp_instance/div3/div_19/U496_dup                  | A1 v -> Z v  | AN2D8     | 0.055 |   3.604 |  -12.877 | 
     | sfp_instance/div3/div_19/FE_RC_11517_0             | A1 v -> ZN ^ | OAI21D4   | 0.044 |   3.648 |  -12.833 | 
     | sfp_instance/div3/div_19/FE_RC_40474_0             | A1 ^ -> ZN v | CKND2D4   | 0.028 |   3.676 |  -12.805 | 
     | sfp_instance/div3/div_19/FE_RC_40473_0             | A1 v -> ZN ^ | ND2D4     | 0.022 |   3.698 |  -12.782 | 
     | sfp_instance/div3/div_19/FE_RC_49774_0             | A2 ^ -> ZN v | ND2D4     | 0.028 |   3.726 |  -12.755 | 
     | sfp_instance/div3/div_19/FE_RC_49773_0             | A1 v -> ZN ^ | ND2D4     | 0.022 |   3.748 |  -12.733 | 
     | sfp_instance/div3/div_19/FE_RC_5640_0              | B1 ^ -> ZN v | IND2D4    | 0.023 |   3.771 |  -12.710 | 
     | sfp_instance/div3/div_19/FE_RC_5639_0              | A1 v -> ZN ^ | ND2D2     | 0.020 |   3.791 |  -12.690 | 
     | sfp_instance/div3/div_19/u_div_u_fa_PartRem_0_25_4 | CI ^ -> CO ^ | FA1D2     | 0.072 |   3.863 |  -12.618 | 
     | sfp_instance/div3/div_19/FE_RC_28558_0             | A1 ^ -> ZN v | OAI21D4   | 0.039 |   3.901 |  -12.579 | 
     | sfp_instance/div3/div_19/FE_RC_1548_0              | A1 v -> ZN ^ | NR2D8     | 0.063 |   3.965 |  -12.516 | 
     | sfp_instance/div3/div_19/FE_RC_3423_0              | A1 ^ -> ZN v | ND2D4     | 0.038 |   4.003 |  -12.478 | 
     | sfp_instance/div3/div_19/FE_RC_3421_0              | B v -> ZN ^  | OAI21D4   | 0.030 |   4.033 |  -12.448 | 
     | sfp_instance/div3/div_19/FE_RC_24554_0             | A1 ^ -> ZN v | ND2D2     | 0.028 |   4.061 |  -12.420 | 
     | sfp_instance/div3/div_19/FE_RC_24553_0             | B v -> ZN ^  | IOA21D2   | 0.029 |   4.090 |  -12.391 | 
     | sfp_instance/div3/div_19/FE_RC_49286_0             | A2 ^ -> ZN v | ND2D2     | 0.030 |   4.120 |  -12.361 | 
     | sfp_instance/div3/div_19/FE_RC_49285_0             | A1 v -> ZN ^ | ND2D2     | 0.022 |   4.142 |  -12.339 | 
     | sfp_instance/div3/div_19/u_div_u_fa_PartRem_0_24_3 | CI ^ -> CO ^ | FA1D1     | 0.069 |   4.211 |  -12.270 | 
     | sfp_instance/div3/div_19/u_div_u_fa_PartRem_0_24_4 | CI ^ -> CO ^ | FA1D2     | 0.073 |   4.284 |  -12.197 | 
     | sfp_instance/div3/div_19/FE_RC_21165_0             | A1 ^ -> ZN v | ND2D2     | 0.035 |   4.318 |  -12.162 | 
     | sfp_instance/div3/div_19/FE_RC_21164_0_dup         | A1 v -> ZN ^ | CKND2D3   | 0.028 |   4.346 |  -12.134 | 
     | sfp_instance/div3/div_19/FE_RC_42123_0             | A1 ^ -> ZN v | CKND2D4   | 0.031 |   4.378 |  -12.103 | 
     | sfp_instance/div3/div_19/FE_RC_56231_0             | A1 v -> ZN ^ | CKND2D4   | 0.025 |   4.403 |  -12.078 | 
     | sfp_instance/div3/div_19/U530                      | A1 ^ -> Z ^  | AN2D4     | 0.066 |   4.469 |  -12.012 | 
     | sfp_instance/div3/div_19/FE_OCPC9897_n105          | I ^ -> Z ^   | BUFFD4    | 0.042 |   4.510 |  -11.970 | 
     | sfp_instance/div3/div_19/FE_RC_38589_0             | A1 ^ -> ZN v | OAI21D4   | 0.027 |   4.537 |  -11.943 | 
     | sfp_instance/div3/div_19/u_div_u_fa_PartRem_0_23_3 | A v -> CO v  | FA1D1     | 0.147 |   4.684 |  -11.797 | 
     | sfp_instance/div3/div_19/u_div_u_fa_PartRem_0_23_4 | CI v -> CO v | FA1D1     | 0.076 |   4.759 |  -11.721 | 
     | sfp_instance/div3/div_19/u_div_u_fa_PartRem_0_23_5 | CI v -> CO v | FA1D1     | 0.081 |   4.840 |  -11.641 | 
     | sfp_instance/div3/div_19/u_div_u_fa_PartRem_0_23_6 | CI v -> CO v | FA1D2     | 0.100 |   4.940 |  -11.540 | 
     | sfp_instance/div3/div_19/FE_RC_21649_0             | A1 v -> ZN ^ | ND2D8     | 0.043 |   4.983 |  -11.497 | 
     | sfp_instance/div3/div_19/FE_RC_57810_0             | A1 ^ -> ZN v | CKND2D8   | 0.035 |   5.018 |  -11.462 | 
     | sfp_instance/div3/div_19/FE_RC_57118_0             | B1 v -> ZN ^ | IND2D4    | 0.022 |   5.040 |  -11.441 | 
     | sfp_instance/div3/div_19/FE_RC_57117_0             | A1 ^ -> ZN v | CKND2D4   | 0.023 |   5.064 |  -11.417 | 
     | sfp_instance/div3/div_19/FE_RC_25867_0             | A1 v -> ZN ^ | ND2D2     | 0.019 |   5.083 |  -11.398 | 
     | sfp_instance/div3/div_19/FE_RC_25866_0             | A1 ^ -> ZN v | CKND2D2   | 0.029 |   5.111 |  -11.369 | 
     | sfp_instance/div3/div_19/FE_RC_43699_0             | A1 v -> ZN ^ | ND2D2     | 0.023 |   5.134 |  -11.346 | 
     | sfp_instance/div3/div_19/FE_RC_43698_0             | A1 ^ -> ZN v | ND2D2     | 0.023 |   5.157 |  -11.323 | 
     | sfp_instance/div3/div_19/u_div_u_fa_PartRem_0_22_3 | CI v -> CO v | FA1D1     | 0.072 |   5.229 |  -11.251 | 
     | sfp_instance/div3/div_19/u_div_u_fa_PartRem_0_22_4 | CI v -> CO v | FA1D2     | 0.092 |   5.321 |  -11.160 | 
     | sfp_instance/div3/div_19/FE_RC_25303_0             | B1 v -> ZN ^ | IND2D4    | 0.029 |   5.350 |  -11.131 | 
     | sfp_instance/div3/div_19/FE_RC_25302_0             | A1 ^ -> ZN v | CKND2D4   | 0.019 |   5.369 |  -11.112 | 
     | sfp_instance/div3/div_19/u_div_u_fa_PartRem_0_22_6 | CI v -> CO v | FA1D2     | 0.074 |   5.443 |  -11.037 | 
     | sfp_instance/div3/div_19/FE_RC_41665_0             | A1 v -> ZN ^ | ND2D2     | 0.031 |   5.475 |  -11.006 | 
     | sfp_instance/div3/div_19/FE_RC_41664_0             | A1 ^ -> ZN v | CKND2D4   | 0.025 |   5.500 |  -10.981 | 
     | sfp_instance/div3/div_19/FE_RC_39556_0             | A1 v -> ZN ^ | AOI21D4   | 0.042 |   5.542 |  -10.938 | 
     | sfp_instance/div3/div_19/FE_RC_39557_0             | I ^ -> ZN v  | INVD6     | 0.040 |   5.582 |  -10.898 | 
     | sfp_instance/div3/div_19/FE_RC_22191_0             | A1 v -> ZN ^ | ND2D4     | 0.025 |   5.608 |  -10.873 | 
     | sfp_instance/div3/div_19/FE_RC_54751_0             | B ^ -> ZN v  | OAI21D4   | 0.033 |   5.641 |  -10.840 | 
     | sfp_instance/div3/div_19/FE_RC_22165_0             | A1 v -> ZN ^ | ND2D2     | 0.027 |   5.668 |  -10.813 | 
     | sfp_instance/div3/div_19/FE_RC_40236_0             | A1 ^ -> ZN v | CKND2D4   | 0.028 |   5.696 |  -10.785 | 
     | sfp_instance/div3/div_19/FE_RC_40087_0             | A1 v -> ZN ^ | ND2D4     | 0.022 |   5.718 |  -10.763 | 
     | sfp_instance/div3/div_19/FE_RC_40086_0             | A1 ^ -> ZN v | ND2D4     | 0.031 |   5.749 |  -10.732 | 
     | sfp_instance/div3/div_19/FE_RC_51466_0             | A1 v -> ZN ^ | AOI21D4   | 0.042 |   5.791 |  -10.690 | 
     | sfp_instance/div3/div_19/FE_RC_51465_0             | A1 ^ -> ZN v | OAI21D4   | 0.035 |   5.826 |  -10.654 | 
     | sfp_instance/div3/div_19/FE_RC_49188_0             | A1 v -> ZN ^ | ND2D2     | 0.022 |   5.849 |  -10.632 | 
     | sfp_instance/div3/div_19/FE_RC_49187_0             | A1 ^ -> ZN v | CKND2D2   | 0.023 |   5.871 |  -10.609 | 
     | sfp_instance/div3/div_19/u_div_u_fa_PartRem_0_21_6 | CI v -> CO v | FA1D1     | 0.068 |   5.940 |  -10.541 | 
     | sfp_instance/div3/div_19/u_div_u_fa_PartRem_0_21_7 | CI v -> CO v | FA1D1     | 0.074 |   6.014 |  -10.466 | 
     | sfp_instance/div3/div_19/u_div_u_fa_PartRem_0_21_8 | CI v -> CO v | FA1D1     | 0.075 |   6.089 |  -10.391 | 
     | sfp_instance/div3/div_19/u_div_u_fa_PartRem_0_21_9 | CI v -> CO v | FA1D2     | 0.084 |   6.173 |  -10.307 | 
     | sfp_instance/div3/div_19/FE_RC_11535_0             | B1 v -> ZN ^ | IND2D4    | 0.038 |   6.211 |  -10.269 | 
     | sfp_instance/div3/div_19/FE_RC_11536_0             | I ^ -> ZN v  | INVD12    | 0.028 |   6.240 |  -10.241 | 
     | sfp_instance/div3/div_19/FE_RC_3338_0              | A1 v -> ZN ^ | NR2XD4    | 0.023 |   6.263 |  -10.218 | 
     | sfp_instance/div3/div_19/FE_RC_3337_0              | A1 ^ -> ZN ^ | IND2D4    | 0.042 |   6.304 |  -10.176 | 
     | sfp_instance/div3/div_19/FE_RC_40319_0             | A1 ^ -> ZN v | ND2D4     | 0.023 |   6.327 |  -10.154 | 
     | sfp_instance/div3/div_19/FE_RC_47335_0             | A1 v -> ZN ^ | CKND2D4   | 0.021 |   6.348 |  -10.133 | 
     | sfp_instance/div3/div_19/FE_RC_39994_0             | A1 ^ -> ZN v | ND2D2     | 0.024 |   6.372 |  -10.109 | 
     | sfp_instance/div3/div_19/FE_RC_39993_0             | A1 v -> ZN ^ | ND2D2     | 0.022 |   6.394 |  -10.087 | 
     | sfp_instance/div3/div_19/u_div_u_fa_PartRem_0_20_3 | CI ^ -> CO ^ | FA1D1     | 0.066 |   6.459 |  -10.021 | 
     | sfp_instance/div3/div_19/u_div_u_fa_PartRem_0_20_4 | CI ^ -> CO ^ | FA1D2     | 0.065 |   6.524 |   -9.956 | 
     | sfp_instance/div3/div_19/u_div_u_fa_PartRem_0_20_5 | CI ^ -> CO ^ | FA1D1     | 0.065 |   6.590 |   -9.891 | 
     | sfp_instance/div3/div_19/u_div_u_fa_PartRem_0_20_6 | CI ^ -> CO ^ | FA1D2     | 0.071 |   6.661 |   -9.820 | 
     | sfp_instance/div3/div_19/FE_RC_10846_0             | B1 ^ -> ZN v | IND2D4    | 0.043 |   6.704 |   -9.777 | 
     | sfp_instance/div3/div_19/FE_RC_53899_0_dup         | A2 v -> ZN ^ | OAI211D4  | 0.051 |   6.755 |   -9.726 | 
     | sfp_instance/div3/div_19/U586                      | S ^ -> Z v   | MUX2D4    | 0.103 |   6.858 |   -9.623 | 
     | sfp_instance/div3/div_19/FE_RC_10205_0             | B1 v -> ZN ^ | IND2D4    | 0.026 |   6.884 |   -9.597 | 
     | sfp_instance/div3/div_19/FE_RC_10204_0             | A1 ^ -> ZN v | CKND2D4   | 0.026 |   6.909 |   -9.571 | 
     | sfp_instance/div3/div_19/FE_RC_39844_0             | A1 v -> ZN ^ | ND2D4     | 0.023 |   6.932 |   -9.548 | 
     | sfp_instance/div3/div_19/FE_RC_39843_0_dup         | A1 ^ -> ZN v | CKND2D2   | 0.021 |   6.954 |   -9.527 | 
     | sfp_instance/div3/div_19/FE_RC_57567_0             | A1 v -> ZN ^ | ND2D2     | 0.020 |   6.974 |   -9.507 | 
     | sfp_instance/div3/div_19/FE_RC_57566_0             | A1 ^ -> ZN v | CKND2D2   | 0.023 |   6.997 |   -9.484 | 
     | sfp_instance/div3/div_19/u_div_u_fa_PartRem_0_19_4 | CI v -> CO v | FA1D1     | 0.073 |   7.070 |   -9.411 | 
     | sfp_instance/div3/div_19/u_div_u_fa_PartRem_0_19_5 | CI v -> CO v | FA1D1     | 0.075 |   7.144 |   -9.336 | 
     | sfp_instance/div3/div_19/u_div_u_fa_PartRem_0_19_6 | CI v -> CO v | FA1D2     | 0.084 |   7.229 |   -9.252 | 
     | sfp_instance/div3/div_19/FE_RC_48025_0             | A1 v -> ZN ^ | ND2D2     | 0.034 |   7.263 |   -9.218 | 
     | sfp_instance/div3/div_19/FE_RC_47980_0             | B1 ^ -> ZN v | IND2D4    | 0.038 |   7.300 |   -9.180 | 
     | sfp_instance/div3/div_19/FE_RC_21723_0_dup         | B1 v -> ZN ^ | IND2D4    | 0.030 |   7.330 |   -9.150 | 
     | sfp_instance/div3/div_19/FE_RC_21722_0_dup         | A1 ^ -> ZN v | CKND2D8   | 0.043 |   7.373 |   -9.107 | 
     | sfp_instance/div3/div_19/FE_RC_12425_0             | A1 v -> ZN ^ | ND2D4     | 0.030 |   7.403 |   -9.077 | 
     | sfp_instance/div3/div_19/FE_RC_54682_0             | I ^ -> ZN v  | CKND4     | 0.018 |   7.422 |   -9.059 | 
     | sfp_instance/div3/div_19/FE_RC_54681_0             | A1 v -> ZN ^ | NR2D4     | 0.029 |   7.450 |   -9.030 | 
     | sfp_instance/div3/div_19/FE_RC_54680_0             | A1 ^ -> ZN v | OAI21D4   | 0.028 |   7.479 |   -9.002 | 
     | sfp_instance/div3/div_19/FE_RC_54529_0             | A1 v -> ZN ^ | ND2D2     | 0.023 |   7.502 |   -8.979 | 
     | sfp_instance/div3/div_19/FE_RC_54528_0             | A1 ^ -> ZN v | CKND2D2   | 0.022 |   7.523 |   -8.957 | 
     | sfp_instance/div3/div_19/u_div_u_fa_PartRem_0_18_3 | CI v -> CO v | FA1D1     | 0.070 |   7.594 |   -8.887 | 
     | sfp_instance/div3/div_19/u_div_u_fa_PartRem_0_18_4 | CI v -> CO v | FA1D1     | 0.072 |   7.666 |   -8.815 | 
     | sfp_instance/div3/div_19/u_div_u_fa_PartRem_0_18_5 | CI v -> CO v | FA1D1     | 0.077 |   7.742 |   -8.738 | 
     | sfp_instance/div3/div_19/u_div_u_fa_PartRem_0_18_6 | CI v -> CO v | FA1D2     | 0.086 |   7.829 |   -8.652 | 
     | sfp_instance/div3/div_19/FE_RC_39157_0             | A1 v -> ZN ^ | ND2D4     | 0.036 |   7.864 |   -8.616 | 
     | sfp_instance/div3/div_19/FE_RC_48353_0             | B1 ^ -> ZN v | IND2D4    | 0.029 |   7.894 |   -8.587 | 
     | sfp_instance/div3/div_19/FE_RC_48629_0             | A1 v -> ZN ^ | ND2D4     | 0.022 |   7.915 |   -8.565 | 
     | sfp_instance/div3/div_19/FE_RC_46016_0             | A1 ^ -> ZN v | ND2D4     | 0.025 |   7.941 |   -8.540 | 
     | sfp_instance/div3/div_19/FE_RC_47882_0             | B1 v -> ZN ^ | IND2D4    | 0.022 |   7.963 |   -8.518 | 
     | sfp_instance/div3/div_19/FE_RC_47881_0             | A1 ^ -> ZN v | CKND2D4   | 0.024 |   7.987 |   -8.493 | 
     | sfp_instance/div3/div_19/U606                      | A1 v -> Z v  | AN2D4     | 0.053 |   8.040 |   -8.440 | 
     | sfp_instance/div3/div_19/FE_RC_11761_0             | A1 v -> ZN ^ | ND2D4     | 0.023 |   8.064 |   -8.417 | 
     | sfp_instance/div3/div_19/FE_RC_23007_0             | I ^ -> ZN v  | CKND4     | 0.018 |   8.082 |   -8.399 | 
     | sfp_instance/div3/div_19/FE_RC_38461_0             | A1 v -> ZN ^ | OAI21D4   | 0.033 |   8.114 |   -8.367 | 
     | sfp_instance/div3/div_19/FE_RC_23005_0             | A1 ^ -> ZN v | CKND2D4   | 0.026 |   8.141 |   -8.340 | 
     | sfp_instance/div3/div_19/FE_RC_26145_0             | A1 v -> ZN ^ | ND2D2     | 0.021 |   8.162 |   -8.319 | 
     | sfp_instance/div3/div_19/FE_RC_26144_0             | A1 ^ -> ZN v | ND2D2     | 0.024 |   8.186 |   -8.294 | 
     | sfp_instance/div3/div_19/u_div_u_fa_PartRem_0_17_3 | CI v -> CO v | FA1D1     | 0.076 |   8.262 |   -8.218 | 
     | sfp_instance/div3/div_19/u_div_u_fa_PartRem_0_17_4 | CI v -> CO v | FA1D1     | 0.083 |   8.345 |   -8.135 | 
     | sfp_instance/div3/div_19/u_div_u_fa_PartRem_0_17_5 | CI v -> CO v | FA1D1     | 0.087 |   8.433 |   -8.048 | 
     | sfp_instance/div3/div_19/u_div_u_fa_PartRem_0_17_6 | CI v -> CO v | FA1D2     | 0.086 |   8.519 |   -7.962 | 
     | sfp_instance/div3/div_19/FE_RC_28764_0             | A1 v -> ZN ^ | AOI21D4   | 0.042 |   8.560 |   -7.920 | 
     | sfp_instance/div3/div_19/FE_RC_28643_0             | A1 ^ -> ZN v | OAI21D4   | 0.035 |   8.595 |   -7.885 | 
     | sfp_instance/div3/div_19/FE_RC_36136_0             | A1 v -> ZN ^ | ND2D4     | 0.031 |   8.626 |   -7.855 | 
     | sfp_instance/div3/div_19/FE_RC_48447_0             | B1 ^ -> ZN v | IND2D4    | 0.025 |   8.651 |   -7.830 | 
     | sfp_instance/div3/div_19/FE_RC_48446_0             | A1 v -> ZN ^ | ND2D4     | 0.025 |   8.676 |   -7.804 | 
     | sfp_instance/div3/div_19/FE_RC_27863_0             | A1 ^ -> ZN v | CKND2D8   | 0.037 |   8.713 |   -7.768 | 
     | sfp_instance/div3/div_19/FE_RC_3971_0              | A1 v -> ZN ^ | ND2D4     | 0.025 |   8.738 |   -7.742 | 
     | sfp_instance/div3/div_19/FE_RC_11707_0             | A1 ^ -> ZN v | ND2D4     | 0.025 |   8.763 |   -7.717 | 
     | sfp_instance/div3/div_19/FE_RC_56005_0             | A1 v -> ZN ^ | AOI21D4   | 0.039 |   8.802 |   -7.679 | 
     | sfp_instance/div3/div_19/FE_RC_38324_0             | A1 ^ -> ZN v | OAI21D4   | 0.038 |   8.840 |   -7.641 | 
     | sfp_instance/div3/div_19/FE_RC_43177_0_dup         | A1 v -> ZN ^ | ND2D2     | 0.023 |   8.862 |   -7.618 | 
     | sfp_instance/div3/div_19/FE_RC_43176_0             | A1 ^ -> ZN v | CKND2D2   | 0.021 |   8.884 |   -7.597 | 
     | sfp_instance/div3/div_19/FE_RC_55325_0             | A1 v -> ZN ^ | ND2D2     | 0.020 |   8.903 |   -7.577 | 
     | sfp_instance/div3/div_19/FE_RC_55324_0             | A1 ^ -> ZN v | ND2D2     | 0.027 |   8.930 |   -7.551 | 
     | sfp_instance/div3/div_19/FE_RC_57355_0             | A1 v -> ZN ^ | ND2D2     | 0.022 |   8.952 |   -7.528 | 
     | sfp_instance/div3/div_19/FE_RC_57354_0             | A1 ^ -> ZN v | ND2D2     | 0.026 |   8.979 |   -7.502 | 
     | sfp_instance/div3/div_19/u_div_u_fa_PartRem_0_16_6 | CI v -> CO v | FA1D1     | 0.075 |   9.054 |   -7.427 | 
     | sfp_instance/div3/div_19/u_div_u_fa_PartRem_0_16_7 | CI v -> CO v | FA1D2     | 0.078 |   9.131 |   -7.349 | 
     | sfp_instance/div3/div_19/u_div_u_fa_PartRem_0_16_8 | CI v -> CO v | FA1D1     | 0.082 |   9.213 |   -7.268 | 
     | sfp_instance/div3/div_19/u_div_u_fa_PartRem_0_16_9 | CI v -> CO v | FA1D2     | 0.089 |   9.302 |   -7.179 | 
     | sfp_instance/div3/div_19/FE_RC_38509_0             | A1 v -> ZN ^ | ND2D2     | 0.028 |   9.330 |   -7.150 | 
     | sfp_instance/div3/div_19/FE_RC_38508_0             | A1 ^ -> ZN v | CKND2D2   | 0.028 |   9.359 |   -7.122 | 
     | sfp_instance/div3/div_19/FE_RC_33245_0             | A1 v -> ZN ^ | ND2D3     | 0.024 |   9.383 |   -7.098 | 
     | sfp_instance/div3/div_19/FE_RC_31882_0             | B1 ^ -> ZN v | IND2D4    | 0.042 |   9.425 |   -7.056 | 
     | sfp_instance/div3/div_19/FE_RC_38359_0             | B v -> ZN ^  | IOA21D2   | 0.028 |   9.453 |   -7.028 | 
     | sfp_instance/div3/div_19/FE_RC_38357_0             | B ^ -> ZN v  | OAI21D2   | 0.043 |   9.496 |   -6.985 | 
     | sfp_instance/div3/div_19/FE_RC_38615_0             | A1 v -> ZN ^ | ND2D2     | 0.024 |   9.520 |   -6.960 | 
     | sfp_instance/div3/div_19/FE_RC_38614_0             | A1 ^ -> ZN v | CKND2D2   | 0.026 |   9.547 |   -6.934 | 
     | sfp_instance/div3/div_19/FE_RC_13222_0             | A1 v -> ZN ^ | ND2D2     | 0.030 |   9.577 |   -6.904 | 
     | sfp_instance/div3/div_19/FE_RC_13221_0             | A1 ^ -> ZN v | ND2D4     | 0.029 |   9.606 |   -6.875 | 
     | sfp_instance/div3/div_19/FE_RC_13720_0             | A1 v -> ZN ^ | ND2D4     | 0.021 |   9.627 |   -6.854 | 
     | sfp_instance/div3/div_19/FE_RC_13719_0             | A1 ^ -> ZN v | CKND2D4   | 0.023 |   9.649 |   -6.831 | 
     | sfp_instance/div3/div_19/FE_RC_13068_0             | B1 v -> ZN ^ | IND2D4    | 0.020 |   9.670 |   -6.811 | 
     | sfp_instance/div3/div_19/FE_RC_13067_0             | A1 ^ -> ZN v | CKND2D4   | 0.026 |   9.696 |   -6.785 | 
     | sfp_instance/div3/div_19/FE_RC_33998_0             | A1 v -> ZN ^ | OAI21D4   | 0.037 |   9.733 |   -6.748 | 
     | sfp_instance/div3/div_19/FE_RC_23668_0             | A1 ^ -> ZN v | ND2D4     | 0.031 |   9.764 |   -6.717 | 
     | sfp_instance/div3/div_19/FE_RC_47686_0             | B1 v -> ZN ^ | IND2D4    | 0.025 |   9.789 |   -6.692 | 
     | sfp_instance/div3/div_19/FE_RC_55133_0             | A2 ^ -> ZN v | OAI211D4  | 0.040 |   9.828 |   -6.652 | 
     | sfp_instance/div3/div_19/FE_RC_27626_0             | A1 v -> ZN ^ | OAI21D4   | 0.050 |   9.879 |   -6.602 | 
     | sfp_instance/div3/div_19/FE_RC_30291_0             | A1 ^ -> ZN v | OAI21D4   | 0.036 |   9.914 |   -6.566 | 
     | sfp_instance/div3/div_19/FE_RC_29630_0_dup         | A1 v -> ZN ^ | ND2D4     | 0.033 |   9.947 |   -6.533 | 
     | sfp_instance/div3/div_19/FE_RC_27172_0_dup         | A1 ^ -> ZN v | ND2D8     | 0.046 |   9.994 |   -6.487 | 
     | sfp_instance/div3/div_19/FE_OCPC12385_FE_RN_76     | I v -> ZN ^  | CKND4     | 0.029 |  10.022 |   -6.458 | 
     | sfp_instance/div3/div_19/FE_OCPC12386_FE_RN_76     | I ^ -> ZN v  | INVD6     | 0.023 |  10.046 |   -6.435 | 
     | sfp_instance/div3/div_19/FE_RC_47161_0             | B1 v -> ZN ^ | IND2D4    | 0.019 |  10.065 |   -6.416 | 
     | sfp_instance/div3/div_19/FE_RC_47159_0             | B ^ -> ZN v  | OAI21D4   | 0.036 |  10.101 |   -6.380 | 
     | sfp_instance/div3/div_19/u_div_u_fa_PartRem_0_14_4 | A v -> CO v  | FA1D2     | 0.177 |  10.277 |   -6.203 | 
     | sfp_instance/div3/div_19/FE_RC_54905_0             | A1 v -> ZN ^ | ND2D2     | 0.028 |  10.306 |   -6.175 | 
     | sfp_instance/div3/div_19/FE_RC_54904_0             | A1 ^ -> ZN v | ND2D2     | 0.023 |  10.329 |   -6.152 | 
     | sfp_instance/div3/div_19/u_div_u_fa_PartRem_0_14_6 | CI v -> CO v | FA1D1     | 0.074 |  10.403 |   -6.078 | 
     | sfp_instance/div3/div_19/u_div_u_fa_PartRem_0_14_7 | CI v -> CO v | FA1D1     | 0.077 |  10.480 |   -6.001 | 
     | sfp_instance/div3/div_19/u_div_u_fa_PartRem_0_14_8 | CI v -> CO v | FA1D2     | 0.084 |  10.564 |   -5.917 | 
     | sfp_instance/div3/div_19/FE_RC_21633_0             | A1 v -> ZN ^ | ND2D3     | 0.031 |  10.595 |   -5.886 | 
     | sfp_instance/div3/div_19/FE_RC_21632_0             | A1 ^ -> ZN v | ND2D4     | 0.032 |  10.627 |   -5.854 | 
     | sfp_instance/div3/div_19/FE_RC_8891_0              | A1 v -> ZN ^ | ND2D4     | 0.029 |  10.656 |   -5.824 | 
     | sfp_instance/div3/div_19/FE_RC_52778_0             | A1 ^ -> ZN v | OAI21D4   | 0.033 |  10.689 |   -5.792 | 
     | sfp_instance/div3/div_19/FE_RC_38681_0             | A1 v -> ZN ^ | OAI21D4   | 0.047 |  10.736 |   -5.745 | 
     | sfp_instance/div3/div_19/FE_RC_38539_0             | I ^ -> ZN v  | INVD6     | 0.042 |  10.778 |   -5.703 | 
     | sfp_instance/div3/div_19/FE_RC_56929_0             | A1 v -> ZN ^ | NR2D4     | 0.036 |  10.813 |   -5.667 | 
     | sfp_instance/div3/div_19/FE_RC_56928_0             | A1 ^ -> ZN ^ | IND2D4    | 0.043 |  10.856 |   -5.625 | 
     | sfp_instance/div3/div_19/FE_RC_15262_0             | A1 ^ -> ZN v | ND2D2     | 0.023 |  10.879 |   -5.602 | 
     | sfp_instance/div3/div_19/FE_RC_21639_0             | A1 v -> ZN ^ | ND2D2     | 0.028 |  10.906 |   -5.575 | 
     | sfp_instance/div3/div_19/FE_RC_12762_0             | A1 ^ -> ZN v | ND2D2     | 0.026 |  10.932 |   -5.549 | 
     | sfp_instance/div3/div_19/FE_RC_12761_0             | A1 v -> ZN ^ | ND2D2     | 0.021 |  10.953 |   -5.527 | 
     | sfp_instance/div3/div_19/FE_RC_45986_0             | A1 ^ -> ZN v | CKND2D2   | 0.025 |  10.978 |   -5.503 | 
     | sfp_instance/div3/div_19/FE_RC_45985_0             | A1 v -> ZN ^ | ND2D2     | 0.022 |  11.000 |   -5.481 | 
     | sfp_instance/div3/div_19/FE_RC_47645_0             | A1 ^ -> ZN v | ND2D2     | 0.028 |  11.028 |   -5.452 | 
     | sfp_instance/div3/div_19/FE_RC_47644_0             | A1 v -> ZN ^ | CKND2D4   | 0.030 |  11.059 |   -5.422 | 
     | sfp_instance/div3/div_19/FE_RC_54447_0             | A2 ^ -> ZN v | OAI211D4  | 0.039 |  11.098 |   -5.383 | 
     | sfp_instance/div3/div_19/FE_RC_25291_0             | A1 v -> ZN ^ | CKND2D4   | 0.035 |  11.133 |   -5.348 | 
     | sfp_instance/div3/div_19/FE_RC_39730_0             | A1 ^ -> ZN v | ND2D4     | 0.027 |  11.160 |   -5.321 | 
     | sfp_instance/div3/div_19/FE_RC_39729_0             | A1 v -> ZN ^ | ND2D4     | 0.023 |  11.183 |   -5.298 | 
     | sfp_instance/div3/div_19/FE_RC_49625_0             | A1 ^ -> ZN v | ND2D4     | 0.032 |  11.215 |   -5.266 | 
     | sfp_instance/div3/div_19/FE_RC_54521_0             | A2 v -> ZN ^ | OAI211D4  | 0.045 |  11.260 |   -5.221 | 
     | sfp_instance/div3/div_19/FE_RC_41953_0_dup         | A2 ^ -> ZN v | OAI211D4  | 0.047 |  11.307 |   -5.174 | 
     | sfp_instance/div3/div_19/FE_RC_42414_0             | B1 v -> ZN ^ | IND2D4    | 0.029 |  11.336 |   -5.145 | 
     | sfp_instance/div3/div_19/FE_RC_42743_0             | A1 ^ -> ZN v | CKND2D4   | 0.028 |  11.364 |   -5.117 | 
     | sfp_instance/div3/div_19/FE_RC_35812_0             | A1 v -> ZN ^ | ND2D8     | 0.041 |  11.405 |   -5.075 | 
     | sfp_instance/div3/div_19/FE_RC_53239_0             | I ^ -> Z ^   | BUFFD16   | 0.053 |  11.459 |   -5.022 | 
     | sfp_instance/div3/div_19/FE_RC_26272_0             | A1 ^ -> ZN v | OAI21D4   | 0.025 |  11.484 |   -4.997 | 
     | sfp_instance/div3/div_19/u_div_u_fa_PartRem_0_12_3 | A v -> CO v  | FA1D1     | 0.149 |  11.633 |   -4.848 | 
     | sfp_instance/div3/div_19/u_div_u_fa_PartRem_0_12_4 | CI v -> CO v | FA1D2     | 0.090 |  11.722 |   -4.758 | 
     | sfp_instance/div3/div_19/FE_RC_8187_0              | B1 v -> ZN ^ | IND2D4    | 0.030 |  11.752 |   -4.729 | 
     | sfp_instance/div3/div_19/FE_RC_25498_0             | A1 ^ -> ZN v | CKND2D4   | 0.023 |  11.775 |   -4.706 | 
     | sfp_instance/div3/div_19/FE_RC_56336_0             | B1 v -> ZN ^ | IND2D4    | 0.023 |  11.798 |   -4.683 | 
     | sfp_instance/div3/div_19/FE_RC_56335_0             | A1 ^ -> ZN v | CKND2D4   | 0.024 |  11.821 |   -4.659 | 
     | sfp_instance/div3/div_19/FE_RC_8937_0              | A1 v -> ZN ^ | ND2D4     | 0.025 |  11.846 |   -4.634 | 
     | sfp_instance/div3/div_19/FE_RC_43633_0_dup         | A2 ^ -> ZN v | OAI211D4  | 0.033 |  11.880 |   -4.601 | 
     | sfp_instance/div3/div_19/FE_RC_42878_0             | A1 v -> ZN ^ | ND2D2     | 0.025 |  11.905 |   -4.576 | 
     | sfp_instance/div3/div_19/FE_RC_42877_0             | A1 ^ -> ZN v | CKND2D2   | 0.022 |  11.927 |   -4.553 | 
     | sfp_instance/div3/div_19/u_div_u_fa_PartRem_0_12_1 | CI v -> CO v | FA1D1     | 0.074 |  12.001 |   -4.479 | 
     | 0                                                  |              |           |       |         |          | 
     | sfp_instance/div3/div_19/u_div_u_fa_PartRem_0_12_1 | CI v -> CO v | FA1D2     | 0.091 |  12.092 |   -4.389 | 
     | 1                                                  |              |           |       |         |          | 
     | sfp_instance/div3/div_19/FE_RC_37922_0             | A1 v -> ZN ^ | AOI21D4   | 0.056 |  12.148 |   -4.333 | 
     | sfp_instance/div3/div_19/FE_RC_37921_0             | A1 ^ -> ZN v | CKND2D4   | 0.033 |  12.181 |   -4.300 | 
     | sfp_instance/div3/div_19/FE_RC_37848_0_dup         | A1 v -> ZN ^ | ND2D4     | 0.026 |  12.207 |   -4.274 | 
     | sfp_instance/div3/div_19/FE_RC_37779_0             | A1 ^ -> ZN v | CKND2D8   | 0.036 |  12.243 |   -4.238 | 
     | sfp_instance/div3/div_19/FE_RC_56824_0             | B1 v -> ZN ^ | IND2D4    | 0.026 |  12.269 |   -4.211 | 
     | sfp_instance/div3/div_19/FE_RC_20372_0             | B ^ -> ZN v  | OAI21D4   | 0.037 |  12.306 |   -4.174 | 
     | sfp_instance/div3/div_19/FE_RC_7273_0              | A1 v -> ZN ^ | ND2D3     | 0.025 |  12.332 |   -4.149 | 
     | sfp_instance/div3/div_19/FE_RC_7272_0              | A1 ^ -> ZN v | ND2D4     | 0.030 |  12.361 |   -4.119 | 
     | sfp_instance/div3/div_19/FE_RC_13812_0             | A1 v -> ZN ^ | ND2D4     | 0.026 |  12.387 |   -4.093 | 
     | sfp_instance/div3/div_19/FE_RC_13811_0             | A1 ^ -> ZN v | ND2D4     | 0.024 |  12.412 |   -4.069 | 
     | sfp_instance/div3/div_19/FE_RC_24397_0             | A1 v -> ZN ^ | ND2D4     | 0.021 |  12.433 |   -4.048 | 
     | sfp_instance/div3/div_19/FE_RC_24396_0             | A1 ^ -> ZN v | CKND2D4   | 0.026 |  12.459 |   -4.022 | 
     | sfp_instance/div3/div_19/FE_RC_11935_0             | A1 v -> ZN ^ | ND2D4     | 0.023 |  12.482 |   -3.999 | 
     | sfp_instance/div3/div_19/FE_RC_11934_0             | A1 ^ -> ZN v | ND2D4     | 0.023 |  12.505 |   -3.976 | 
     | sfp_instance/div3/div_19/FE_RC_47887_0             | B1 v -> ZN ^ | IND2D4    | 0.021 |  12.526 |   -3.955 | 
     | sfp_instance/div3/div_19/FE_RC_47886_0             | A1 ^ -> ZN v | ND2D4     | 0.026 |  12.552 |   -3.928 | 
     | sfp_instance/div3/div_19/FE_RC_8045_0              | B1 v -> ZN ^ | IND2D4    | 0.026 |  12.578 |   -3.902 | 
     | sfp_instance/div3/div_19/FE_RC_56442_0             | A1 ^ -> ZN v | OAI21D4   | 0.023 |  12.601 |   -3.879 | 
     | sfp_instance/div3/div_19/FE_RC_25548_0             | A1 v -> ZN ^ | ND2D2     | 0.023 |  12.624 |   -3.857 | 
     | sfp_instance/div3/div_19/FE_RC_25547_0             | A1 ^ -> ZN v | ND2D2     | 0.024 |  12.648 |   -3.833 | 
     | sfp_instance/div3/div_19/u_div_u_fa_PartRem_0_11_9 | CI v -> CO v | FA1D2     | 0.080 |  12.728 |   -3.753 | 
     | sfp_instance/div3/div_19/FE_RC_46886_0             | A1 v -> ZN ^ | ND2D2     | 0.027 |  12.755 |   -3.726 | 
     | sfp_instance/div3/div_19/FE_RC_46885_0             | A1 ^ -> ZN v | ND2D2     | 0.024 |  12.779 |   -3.702 | 
     | sfp_instance/div3/div_19/u_div_u_fa_PartRem_0_11_1 | CI v -> CO v | FA1D2     | 0.073 |  12.852 |   -3.628 | 
     | 1                                                  |              |           |       |         |          | 
     | sfp_instance/div3/div_19/u_div_u_fa_PartRem_0_11_1 | CI v -> CO v | FA1D1     | 0.080 |  12.933 |   -3.548 | 
     | 2                                                  |              |           |       |         |          | 
     | sfp_instance/div3/div_19/u_div_u_fa_PartRem_0_11_1 | CI v -> CO v | FA1D1     | 0.076 |  13.009 |   -3.472 | 
     | 3                                                  |              |           |       |         |          | 
     | sfp_instance/div3/div_19/u_div_u_fa_PartRem_0_11_1 | CI v -> CO v | FA1D2     | 0.095 |  13.104 |   -3.377 | 
     | 4                                                  |              |           |       |         |          | 
     | sfp_instance/div3/div_19/FE_RC_54900_0             | A1 v -> ZN ^ | ND2D8     | 0.038 |  13.142 |   -3.339 | 
     | sfp_instance/div3/div_19/FE_RC_19123_0_dup         | A1 ^ -> ZN v | CKND2D8   | 0.048 |  13.189 |   -3.291 | 
     | sfp_instance/div3/div_19/FE_RC_3401_0              | A1 v -> ZN ^ | ND2D4     | 0.032 |  13.222 |   -3.259 | 
     | sfp_instance/div3/div_19/FE_RC_3786_0              | B1 ^ -> ZN v | IND2D4    | 0.027 |  13.248 |   -3.233 | 
     | sfp_instance/div3/div_19/FE_RC_6709_0              | B1 v -> ZN ^ | IND2D4    | 0.023 |  13.271 |   -3.210 | 
     | sfp_instance/div3/div_19/FE_RC_6708_0              | A1 ^ -> ZN v | ND2D4     | 0.025 |  13.296 |   -3.185 | 
     | sfp_instance/div3/div_19/FE_RC_6567_0              | A1 v -> ZN ^ | ND2D4     | 0.024 |  13.320 |   -3.161 | 
     | sfp_instance/div3/div_19/FE_RC_6566_0              | A1 ^ -> ZN v | ND2D4     | 0.028 |  13.348 |   -3.133 | 
     | sfp_instance/div3/div_19/FE_RC_54182_0             | A1 v -> ZN ^ | ND2D4     | 0.023 |  13.370 |   -3.110 | 
     | sfp_instance/div3/div_19/FE_RC_54181_0             | A1 ^ -> ZN v | ND2D4     | 0.023 |  13.394 |   -3.087 | 
     | sfp_instance/div3/div_19/FE_RC_64299_0             | A1 v -> ZN ^ | ND2D3     | 0.023 |  13.417 |   -3.064 | 
     | sfp_instance/div3/div_19/FE_RC_64298_0             | A1 ^ -> ZN v | CKND2D4   | 0.024 |  13.441 |   -3.040 | 
     | sfp_instance/div3/div_19/FE_RC_13870_0             | A1 v -> ZN ^ | CKND2D2   | 0.024 |  13.464 |   -3.017 | 
     | sfp_instance/div3/div_19/FE_RC_13869_0             | A1 ^ -> ZN v | ND2D2     | 0.030 |  13.494 |   -2.986 | 
     | sfp_instance/div3/div_19/FE_RC_15025_0             | A1 v -> ZN ^ | ND2D2     | 0.025 |  13.519 |   -2.961 | 
     | sfp_instance/div3/div_19/FE_RC_15024_0             | A1 ^ -> ZN v | ND2D2     | 0.026 |  13.545 |   -2.935 | 
     | sfp_instance/div3/div_19/FE_RC_35905_0             | A1 v -> ZN ^ | ND2D2     | 0.028 |  13.573 |   -2.908 | 
     | sfp_instance/div3/div_19/FE_RC_35904_0             | A1 ^ -> ZN v | CKND2D4   | 0.028 |  13.601 |   -2.879 | 
     | sfp_instance/div3/div_19/FE_RC_29826_0             | A1 v -> ZN ^ | OAI21D4   | 0.038 |  13.640 |   -2.841 | 
     | sfp_instance/div3/div_19/FE_RC_29258_0             | A1 ^ -> ZN v | ND2D4     | 0.030 |  13.670 |   -2.811 | 
     | sfp_instance/div3/div_19/FE_RC_30030_0             | A1 v -> ZN ^ | ND2D4     | 0.023 |  13.693 |   -2.788 | 
     | sfp_instance/div3/div_19/FE_RC_30029_0             | A1 ^ -> ZN v | ND2D4     | 0.025 |  13.717 |   -2.763 | 
     | sfp_instance/div3/div_19/FE_RC_56238_0             | B1 v -> ZN ^ | IND2D4    | 0.024 |  13.741 |   -2.740 | 
     | sfp_instance/div3/div_19/FE_RC_56237_0             | A1 ^ -> ZN v | ND2D4     | 0.028 |  13.769 |   -2.712 | 
     | sfp_instance/div3/div_19/FE_RC_27083_0             | A2 v -> ZN ^ | OAI211D4  | 0.045 |  13.814 |   -2.666 | 
     | sfp_instance/div3/div_19/FE_RC_29064_0             | A1 ^ -> ZN v | ND2D4     | 0.031 |  13.846 |   -2.635 | 
     | sfp_instance/div3/div_19/FE_RC_29062_0             | B1 v -> ZN ^ | IND2D4    | 0.031 |  13.876 |   -2.605 | 
     | sfp_instance/div3/div_19/FE_RC_22950_0             | I ^ -> ZN v  | CKND12    | 0.031 |  13.908 |   -2.573 | 
     | sfp_instance/div3/div_19/FE_RC_2796_0              | A1 v -> ZN ^ | ND2D4     | 0.030 |  13.937 |   -2.544 | 
     | sfp_instance/div3/div_19/FE_RC_48680_0             | I ^ -> ZN v  | CKND4     | 0.017 |  13.954 |   -2.526 | 
     | sfp_instance/div3/div_19/FE_RC_48679_0             | A1 v -> ZN ^ | OAI21D4   | 0.033 |  13.987 |   -2.493 | 
     | sfp_instance/div3/div_19/FE_RC_48027_0             | B1 ^ -> ZN v | IND2D4    | 0.029 |  14.017 |   -2.464 | 
     | sfp_instance/div3/div_19/FE_RC_24501_0             | A1 v -> ZN ^ | CKND2D4   | 0.024 |  14.040 |   -2.440 | 
     | sfp_instance/div3/div_19/FE_RC_28809_0_dup         | A1 ^ -> ZN v | ND2D2     | 0.026 |  14.066 |   -2.415 | 
     | sfp_instance/div3/div_19/FE_RC_21714_0             | A1 v -> ZN ^ | ND2D2     | 0.022 |  14.088 |   -2.393 | 
     | sfp_instance/div3/div_19/FE_RC_21713_0_dup         | A1 ^ -> ZN v | ND2D2     | 0.026 |  14.114 |   -2.367 | 
     | sfp_instance/div3/div_19/FE_RC_49466_0             | A1 v -> ZN ^ | ND2D2     | 0.022 |  14.136 |   -2.345 | 
     | sfp_instance/div3/div_19/FE_RC_49465_0             | A1 ^ -> ZN v | ND2D2     | 0.023 |  14.158 |   -2.322 | 
     | sfp_instance/div3/div_19/u_div_u_fa_PartRem_0_9_5  | CI v -> CO v | FA1D1     | 0.076 |  14.234 |   -2.246 | 
     | sfp_instance/div3/div_19/FE_RC_51915_0             | A1 v -> ZN ^ | ND2D2     | 0.026 |  14.260 |   -2.221 | 
     | sfp_instance/div3/div_19/FE_RC_56919_0             | A1 ^ -> ZN v | ND2D2     | 0.025 |  14.285 |   -2.196 | 
     | sfp_instance/div3/div_19/FE_RC_44377_0             | A1 v -> ZN ^ | ND2D2     | 0.022 |  14.307 |   -2.174 | 
     | sfp_instance/div3/div_19/FE_RC_44376_0             | A1 ^ -> ZN v | ND2D2     | 0.026 |  14.333 |   -2.148 | 
     | sfp_instance/div3/div_19/FE_RC_45637_0             | A1 v -> ZN ^ | ND2D2     | 0.023 |  14.356 |   -2.125 | 
     | sfp_instance/div3/div_19/FE_RC_45636_0             | A1 ^ -> ZN v | ND2D2     | 0.033 |  14.389 |   -2.092 | 
     | sfp_instance/div3/div_19/FE_RC_53768_0             | A2 v -> ZN ^ | OAI211D4  | 0.039 |  14.428 |   -2.053 | 
     | sfp_instance/div3/div_19/FE_RC_53767_0             | A1 ^ -> ZN v | ND2D2     | 0.032 |  14.460 |   -2.020 | 
     | sfp_instance/div3/div_19/FE_RC_53528_0             | A1 v -> ZN ^ | ND2D2     | 0.025 |  14.485 |   -1.995 | 
     | sfp_instance/div3/div_19/FE_RC_53527_0             | A1 ^ -> ZN v | ND2D2     | 0.023 |  14.509 |   -1.972 | 
     | sfp_instance/div3/div_19/u_div_u_fa_PartRem_0_9_13 | CI v -> CO v | FA1D2     | 0.083 |  14.592 |   -1.888 | 
     | sfp_instance/div3/div_19/FE_RC_4382_0              | B1 v -> ZN ^ | IND2D4    | 0.039 |  14.631 |   -1.850 | 
     | sfp_instance/div3/div_19/FE_RC_28364_0             | A2 ^ -> ZN v | OAI211D4  | 0.039 |  14.670 |   -1.811 | 
     | sfp_instance/div3/div_19/U350                      | A1 v -> Z v  | AN2D8     | 0.069 |  14.739 |   -1.742 | 
     | sfp_instance/div3/div_19/FE_RC_54298_0             | A1 v -> ZN ^ | ND2D4     | 0.030 |  14.769 |   -1.712 | 
     | sfp_instance/div3/div_19/FE_RC_54296_0             | B ^ -> ZN v  | OAI21D4   | 0.039 |  14.808 |   -1.672 | 
     | sfp_instance/div3/div_19/FE_OCPC5128_u_div_PartRem | I v -> Z v   | BUFFD4    | 0.048 |  14.856 |   -1.625 | 
     | _9__2_                                             |              |           |       |         |          | 
     | sfp_instance/div3/div_19/FE_RC_22023_0             | A1 v -> ZN ^ | ND2D4     | 0.017 |  14.873 |   -1.608 | 
     | sfp_instance/div3/div_19/FE_RC_22020_0             | A2 ^ -> ZN v | ND2D2     | 0.043 |  14.916 |   -1.565 | 
     | sfp_instance/div3/div_19/FE_RC_49703_0             | A1 v -> ZN ^ | ND2D2     | 0.023 |  14.939 |   -1.542 | 
     | sfp_instance/div3/div_19/FE_RC_49702_0             | A1 ^ -> ZN v | CKND2D2   | 0.022 |  14.961 |   -1.520 | 
     | sfp_instance/div3/div_19/u_div_u_fa_PartRem_0_8_4  | CI v -> CO v | FA1D2     | 0.084 |  15.045 |   -1.435 | 
     | sfp_instance/div3/div_19/FE_RC_35849_0             | A2 v -> ZN ^ | OAI211D4  | 0.042 |  15.087 |   -1.394 | 
     | sfp_instance/div3/div_19/FE_RC_35848_0             | A1 ^ -> ZN v | ND2D2     | 0.031 |  15.118 |   -1.363 | 
     | sfp_instance/div3/div_19/FE_RC_55647_0             | A1 v -> ZN ^ | ND2D2     | 0.023 |  15.141 |   -1.340 | 
     | sfp_instance/div3/div_19/FE_RC_55646_0             | B ^ -> ZN v  | IOA21D2   | 0.031 |  15.172 |   -1.309 | 
     | sfp_instance/div3/div_19/FE_RC_55637_0             | A1 v -> ZN ^ | ND2D3     | 0.027 |  15.199 |   -1.282 | 
     | sfp_instance/div3/div_19/FE_RC_55636_0             | A1 ^ -> ZN v | CKND2D4   | 0.029 |  15.227 |   -1.254 | 
     | sfp_instance/div3/div_19/FE_RC_53882_0             | A2 v -> ZN ^ | OAI211D4  | 0.041 |  15.268 |   -1.213 | 
     | sfp_instance/div3/div_19/FE_RC_54119_0             | A1 ^ -> ZN v | ND2D2     | 0.034 |  15.302 |   -1.179 | 
     | sfp_instance/div3/div_19/u_div_u_fa_PartRem_0_8_14 | CI v -> CO v | FA1D1     | 0.076 |  15.377 |   -1.104 | 
     | sfp_instance/div3/div_19/u_div_u_fa_PartRem_0_8_15 | CI v -> CO v | FA1D2     | 0.091 |  15.468 |   -1.012 | 
     | sfp_instance/div3/div_19/FE_RC_52725_0             | A1 v -> ZN ^ | ND2D4     | 0.039 |  15.507 |   -0.973 | 
     | sfp_instance/div3/div_19/FE_RC_41191_0             | A2 ^ -> ZN v | OAI211D4  | 0.073 |  15.580 |   -0.900 | 
     | sfp_instance/div3/div_19/FE_RC_21682_0             | A1 v -> ZN v | IND2D4    | 0.075 |  15.655 |   -0.825 | 
     | sfp_instance/div3/div_19/FE_RC_21681_0             | A1 v -> ZN ^ | ND2D3     | 0.025 |  15.680 |   -0.800 | 
     | sfp_instance/div3/div_19/FE_RC_53179_0             | A1 ^ -> ZN v | CKND2D3   | 0.026 |  15.706 |   -0.775 | 
     | sfp_instance/div3/div_19/FE_RC_54605_0             | B1 v -> ZN ^ | IND2D4    | 0.025 |  15.731 |   -0.749 | 
     | sfp_instance/div3/div_19/FE_RC_25104_0             | A2 ^ -> ZN v | ND2D4     | 0.028 |  15.759 |   -0.721 | 
     | sfp_instance/div3/div_19/FE_RC_25103_0             | A1 v -> ZN ^ | ND2D4     | 0.023 |  15.782 |   -0.699 | 
     | sfp_instance/div3/div_19/FE_RC_55722_0             | A1 ^ -> ZN v | AOI21D4   | 0.030 |  15.812 |   -0.669 | 
     | sfp_instance/div3/div_19/FE_RC_44774_0             | A1 v -> ZN ^ | OAI21D4   | 0.045 |  15.856 |   -0.624 | 
     | sfp_instance/div3/div_19/FE_RC_46798_0             | A1 ^ -> ZN v | ND2D4     | 0.031 |  15.887 |   -0.594 | 
     | sfp_instance/div3/div_19/FE_RC_46797_0             | A1 v -> ZN ^ | ND2D4     | 0.025 |  15.912 |   -0.569 | 
     | sfp_instance/div3/div_19/FE_RC_53909_0             | A1 ^ -> ZN v | OAI21D4   | 0.031 |  15.943 |   -0.537 | 
     | sfp_instance/div3/div_19/FE_RC_53908_0             | A1 v -> ZN ^ | OAI21D4   | 0.043 |  15.986 |   -0.494 | 
     | sfp_instance/div3/div_19/FE_RC_53781_0             | A1 ^ -> ZN v | ND2D4     | 0.029 |  16.016 |   -0.465 | 
     | sfp_instance/div3/div_19/FE_RC_53780_0_dup         | A1 v -> ZN ^ | ND2D2     | 0.022 |  16.038 |   -0.443 | 
     | sfp_instance/div3/div_19/FE_RC_57784_0             | A1 ^ -> ZN v | ND2D2     | 0.031 |  16.069 |   -0.412 | 
     | sfp_instance/div3/div_19/FE_RC_57783_0             | A1 v -> ZN ^ | ND2D3     | 0.028 |  16.097 |   -0.383 | 
     | sfp_instance/div3/div_19/FE_RC_64278_0             | A1 ^ -> ZN v | ND2D2     | 0.026 |  16.123 |   -0.357 | 
     | sfp_instance/div3/div_19/FE_RC_64277_0             | A1 v -> ZN ^ | ND2D2     | 0.022 |  16.145 |   -0.336 | 
     | sfp_instance/div3/div_19/u_div_u_fa_PartRem_0_7_12 | CI ^ -> CO ^ | FA1D2     | 0.063 |  16.208 |   -0.273 | 
     | sfp_instance/div3/div_19/u_div_u_fa_PartRem_0_7_13 | CI ^ -> CO ^ | FA1D2     | 0.084 |  16.292 |   -0.189 | 
     | sfp_instance/div3/div_19/FE_RC_42593_0             | A2 ^ -> ZN v | OAI211D4  | 0.050 |  16.342 |   -0.139 | 
     | sfp_instance/div3/div_19/FE_RC_42538_0_dup         | B1 v -> ZN ^ | IND2D4    | 0.033 |  16.375 |   -0.105 | 
     | sfp_instance/div3/div_19/FE_RC_53553_0_dup         | B1 ^ -> ZN v | IND2D4    | 0.030 |  16.405 |   -0.075 | 
     | sfp_instance/div3/div_19/FE_RC_53552_0             | A1 v -> ZN ^ | ND2D8     | 0.031 |  16.436 |   -0.045 | 
     | sfp_instance/div3/div_19/FE_RC_2880_0              | A1 ^ -> Z ^  | OR2D4     | 0.054 |  16.490 |    0.009 | 
     | sfp_instance/div3/div_19/FE_RC_2879_0              | A1 ^ -> ZN v | ND2D4     | 0.029 |  16.519 |    0.038 | 
     | sfp_instance/div3/div_19/FE_RC_39263_0             | A1 v -> ZN ^ | ND2D4     | 0.022 |  16.541 |    0.060 | 
     | sfp_instance/div3/div_19/FE_RC_39262_0             | B1 ^ -> ZN v | IND2D4    | 0.024 |  16.564 |    0.084 | 
     | sfp_instance/div3/div_19/FE_RC_34863_0             | A1 v -> ZN ^ | CKND2D4   | 0.024 |  16.588 |    0.107 | 
     | sfp_instance/div3/div_19/FE_RC_34862_0             | A1 ^ -> ZN v | CKND2D4   | 0.022 |  16.610 |    0.129 | 
     | sfp_instance/div3/div_19/u_div_u_fa_PartRem_0_6_3  | CI v -> CO v | FA1D1     | 0.069 |  16.678 |    0.198 | 
     | sfp_instance/div3/div_19/u_div_u_fa_PartRem_0_6_4  | CI v -> CO v | FA1D2     | 0.077 |  16.756 |    0.275 | 
     | sfp_instance/div3/div_19/u_div_u_fa_PartRem_0_6_5  | CI v -> CO v | FA1D2     | 0.088 |  16.844 |    0.363 | 
     | sfp_instance/div3/div_19/FE_RC_28815_0             | B1 v -> ZN ^ | IND2D4    | 0.028 |  16.872 |    0.391 | 
     | sfp_instance/div3/div_19/FE_RC_28864_0             | A1 ^ -> ZN v | CKND2D4   | 0.024 |  16.896 |    0.415 | 
     | sfp_instance/div3/div_19/FE_RC_7852_0              | B1 v -> ZN ^ | IND2D4    | 0.023 |  16.919 |    0.438 | 
     | sfp_instance/div3/div_19/FE_RC_44047_0             | A1 ^ -> ZN v | ND2D4     | 0.027 |  16.946 |    0.465 | 
     | sfp_instance/div3/div_19/FE_RC_53141_0             | B1 v -> ZN ^ | IND2D4    | 0.023 |  16.970 |    0.489 | 
     | sfp_instance/div3/div_19/FE_RC_46284_0             | A1 ^ -> ZN v | CKND2D4   | 0.024 |  16.994 |    0.513 | 
     | sfp_instance/div3/div_19/FE_RC_44126_0             | A1 v -> ZN ^ | ND2D4     | 0.022 |  17.016 |    0.535 | 
     | sfp_instance/div3/div_19/FE_RC_48347_0             | B1 ^ -> ZN v | IND2D4    | 0.026 |  17.042 |    0.562 | 
     | sfp_instance/div3/div_19/FE_RC_48346_0             | A1 v -> ZN ^ | ND2D4     | 0.025 |  17.068 |    0.587 | 
     | sfp_instance/div3/div_19/FE_RC_36214_0             | A1 ^ -> ZN v | ND2D8     | 0.034 |  17.101 |    0.621 | 
     | sfp_instance/div3/div_19/FE_RC_19907_0             | A2 v -> ZN ^ | OAI211D4  | 0.048 |  17.150 |    0.669 | 
     | sfp_instance/div3/div_19/FE_OCPC7489_div_out3_6_   | I ^ -> ZN v  | INVD6     | 0.035 |  17.185 |    0.704 | 
     | sfp_instance/div3/div_19/FE_RC_22179_0             | A1 v -> ZN ^ | ND2D4     | 0.027 |  17.212 |    0.731 | 
     | sfp_instance/div3/div_19/FE_RC_22177_0             | B ^ -> ZN v  | OAI21D4   | 0.040 |  17.252 |    0.771 | 
     | sfp_instance/div3/div_19/FE_RC_56512_0             | A1 v -> ZN ^ | OAI21D4   | 0.042 |  17.294 |    0.813 | 
     | sfp_instance/div3/div_19/FE_RC_21509_0             | A1 ^ -> ZN v | ND2D4     | 0.029 |  17.323 |    0.843 | 
     | sfp_instance/div3/div_19/FE_RC_48889_0             | A1 v -> ZN ^ | ND2D2     | 0.021 |  17.344 |    0.864 | 
     | sfp_instance/div3/div_19/FE_RC_48888_0             | A1 ^ -> ZN v | ND2D2     | 0.023 |  17.367 |    0.886 | 
     | sfp_instance/div3/div_19/u_div_u_fa_PartRem_0_5_4  | CI v -> CO v | FA1D2     | 0.086 |  17.453 |    0.973 | 
     | sfp_instance/div3/div_19/FE_RC_21594_0             | A1 v -> ZN ^ | AOI21D4   | 0.044 |  17.497 |    1.016 | 
     | sfp_instance/div3/div_19/FE_RC_21593_0             | A1 ^ -> ZN v | OAI21D4   | 0.034 |  17.531 |    1.050 | 
     | sfp_instance/div3/div_19/FE_RC_5435_0              | B1 v -> ZN ^ | IND2D4    | 0.026 |  17.557 |    1.076 | 
     | sfp_instance/div3/div_19/FE_RC_39269_0             | A2 ^ -> ZN v | OAI211D4  | 0.040 |  17.597 |    1.116 | 
     | sfp_instance/div3/div_19/FE_RC_5340_0              | B1 v -> ZN ^ | IND2D4    | 0.030 |  17.627 |    1.146 | 
     | sfp_instance/div3/div_19/FE_RC_5339_0              | A1 ^ -> ZN v | ND2D4     | 0.025 |  17.652 |    1.171 | 
     | sfp_instance/div3/div_19/FE_RC_5272_0              | B1 v -> ZN ^ | IND2D4    | 0.028 |  17.680 |    1.200 | 
     | sfp_instance/div3/div_19/FE_RC_30060_0             | A1 ^ -> ZN v | OAI21D4   | 0.029 |  17.710 |    1.229 | 
     | sfp_instance/div3/div_19/FE_RC_5826_0              | B1 v -> ZN ^ | IND2D4    | 0.028 |  17.738 |    1.257 | 
     | sfp_instance/div3/div_19/FE_RC_54228_0             | A2 ^ -> ZN v | OAI211D4  | 0.035 |  17.773 |    1.292 | 
     | sfp_instance/div3/div_19/FE_RC_41588_0             | A1 v -> ZN ^ | ND2D2     | 0.027 |  17.800 |    1.320 | 
     | sfp_instance/div3/div_19/FE_RC_41587_0             | A1 ^ -> ZN v | ND2D2     | 0.030 |  17.831 |    1.350 | 
     | sfp_instance/div3/div_19/FE_RC_56030_0             | A1 v -> ZN ^ | CKND2D2   | 0.027 |  17.857 |    1.377 | 
     | sfp_instance/div3/div_19/FE_RC_56029_0             | A1 ^ -> ZN v | ND2D2     | 0.027 |  17.884 |    1.403 | 
     | sfp_instance/div3/div_19/FE_RC_57011_0             | A1 v -> ZN ^ | ND2D2     | 0.025 |  17.909 |    1.428 | 
     | sfp_instance/div3/div_19/FE_RC_57010_0             | A1 ^ -> ZN v | ND2D3     | 0.030 |  17.939 |    1.459 | 
     | sfp_instance/div3/div_19/FE_RC_33683_0             | B1 v -> ZN ^ | IND2D4    | 0.029 |  17.969 |    1.488 | 
     | sfp_instance/div3/div_19/FE_RC_56069_0             | A1 ^ -> ZN v | ND2D8     | 0.048 |  18.016 |    1.536 | 
     | sfp_instance/div3/div_19/FE_RC_24047_0             | A1 v -> ZN v | IND2D2    | 0.064 |  18.081 |    1.600 | 
     | sfp_instance/div3/div_19/FE_RC_24046_0             | B v -> ZN ^  | IOA21D2   | 0.028 |  18.109 |    1.629 | 
     | sfp_instance/div3/div_19/u_div_u_fa_PartRem_0_4_3  | A ^ -> CO ^  | FA1D1     | 0.139 |  18.249 |    1.768 | 
     | sfp_instance/div3/div_19/u_div_u_fa_PartRem_0_4_4  | CI ^ -> CO ^ | FA1D2     | 0.077 |  18.326 |    1.845 | 
     | sfp_instance/div3/div_19/FE_RC_5780_0              | B1 ^ -> ZN v | IND2D4    | 0.030 |  18.356 |    1.876 | 
     | sfp_instance/div3/div_19/FE_RC_5779_0              | A1 v -> ZN ^ | ND2D4     | 0.022 |  18.378 |    1.897 | 
     | sfp_instance/div3/div_19/FE_RC_5743_0              | B1 ^ -> ZN v | IND2D4    | 0.029 |  18.407 |    1.926 | 
     | sfp_instance/div3/div_19/FE_RC_5742_0              | A1 v -> ZN ^ | CKND2D4   | 0.027 |  18.434 |    1.954 | 
     | sfp_instance/div3/div_19/FE_RC_5695_0              | B1 ^ -> ZN v | IND2D4    | 0.033 |  18.467 |    1.986 | 
     | sfp_instance/div3/div_19/FE_RC_57462_0             | B1 v -> ZN ^ | IND2D4    | 0.022 |  18.489 |    2.009 | 
     | sfp_instance/div3/div_19/FE_RC_57461_0             | A1 ^ -> ZN v | ND2D4     | 0.023 |  18.512 |    2.031 | 
     | sfp_instance/div3/div_19/FE_RC_54607_0             | B1 v -> ZN ^ | IND2D4    | 0.022 |  18.534 |    2.053 | 
     | sfp_instance/div3/div_19/FE_RC_44472_0             | A1 ^ -> ZN v | ND2D4     | 0.028 |  18.562 |    2.081 | 
     | sfp_instance/div3/div_19/FE_RC_51624_0             | A2 v -> ZN ^ | OAI211D4  | 0.041 |  18.603 |    2.122 | 
     | sfp_instance/div3/div_19/FE_RC_37529_0             | A1 ^ -> ZN v | ND2D3     | 0.036 |  18.639 |    2.158 | 
     | sfp_instance/div3/div_19/FE_RC_37673_0             | A1 v -> ZN ^ | CKND2D4   | 0.031 |  18.670 |    2.189 | 
     | sfp_instance/div3/div_19/FE_RC_38313_0             | A1 ^ -> ZN v | ND2D4     | 0.026 |  18.696 |    2.216 | 
     | sfp_instance/div3/div_19/FE_RC_38311_0             | B1 v -> ZN ^ | IND2D4    | 0.024 |  18.720 |    2.239 | 
     | sfp_instance/div3/div_19/FE_RC_48450_0             | A1 ^ -> ZN v | ND2D4     | 0.028 |  18.748 |    2.268 | 
     | sfp_instance/div3/div_19/FE_RC_56217_0             | B1 v -> ZN ^ | IND2D4    | 0.030 |  18.778 |    2.297 | 
     | sfp_instance/div3/div_19/FE_RC_56216_0             | A1 ^ -> ZN v | ND2D8     | 0.035 |  18.813 |    2.333 | 
     | sfp_instance/div3/div_19/FE_RC_39191_0             | A1 v -> ZN ^ | ND2D8     | 0.036 |  18.849 |    2.368 | 
     | sfp_instance/div3/div_19/FE_RC_10368_0             | A1 ^ -> ZN v | ND2D4     | 0.035 |  18.884 |    2.404 | 
     | sfp_instance/div3/div_19/FE_RC_10366_0_dup         | B v -> ZN ^  | OAI21D4   | 0.031 |  18.915 |    2.435 | 
     | sfp_instance/div3/div_19/FE_RC_10293_0             | A1 ^ -> ZN v | CKND2D4   | 0.027 |  18.942 |    2.462 | 
     | sfp_instance/div3/div_19/FE_RC_10289_0             | A2 v -> ZN ^ | CKND2D4   | 0.042 |  18.984 |    2.503 | 
     | sfp_instance/div3/div_19/FE_RC_43686_0             | A1 ^ -> ZN v | ND2D2     | 0.027 |  19.011 |    2.530 | 
     | sfp_instance/div3/div_19/FE_RC_43685_0             | A1 v -> ZN ^ | CKND2D2   | 0.025 |  19.035 |    2.555 | 
     | sfp_instance/div3/div_19/u_div_u_fa_PartRem_0_3_4  | CI ^ -> CO ^ | FA1D1     | 0.078 |  19.113 |    2.633 | 
     | sfp_instance/div3/div_19/u_div_u_fa_PartRem_0_3_5  | CI ^ -> CO ^ | FA1D1     | 0.068 |  19.181 |    2.700 | 
     | sfp_instance/div3/div_19/u_div_u_fa_PartRem_0_3_6  | CI ^ -> CO ^ | FA1D1     | 0.066 |  19.247 |    2.766 | 
     | sfp_instance/div3/div_19/u_div_u_fa_PartRem_0_3_7  | CI ^ -> CO ^ | FA1D1     | 0.069 |  19.316 |    2.836 | 
     | sfp_instance/div3/div_19/u_div_u_fa_PartRem_0_3_8  | CI ^ -> CO ^ | FA1D2     | 0.076 |  19.392 |    2.911 | 
     | sfp_instance/div3/div_19/FE_RC_41082_0             | B1 ^ -> ZN v | IND2D4    | 0.029 |  19.421 |    2.941 | 
     | sfp_instance/div3/div_19/FE_RC_41150_0             | A1 v -> ZN ^ | CKND2D4   | 0.030 |  19.451 |    2.971 | 
     | sfp_instance/div3/div_19/FE_RC_52320_0_dup_dup     | A2 ^ -> ZN v | OAI211D4  | 0.042 |  19.493 |    3.013 | 
     | sfp_instance/div3/div_19/FE_RC_57615_0             | B1 v -> ZN ^ | IND2D4    | 0.031 |  19.524 |    3.043 | 
     | sfp_instance/div3/div_19/FE_RC_57686_0             | A1 ^ -> ZN v | ND2D4     | 0.028 |  19.551 |    3.071 | 
     | sfp_instance/div3/div_19/FE_RC_40966_0             | A1 v -> ZN ^ | OAI21D4   | 0.040 |  19.591 |    3.111 | 
     | sfp_instance/div3/div_19/FE_OCPC10526_FE_RN_2      | I ^ -> Z ^   | BUFFD16   | 0.056 |  19.648 |    3.167 | 
     | sfp_instance/div3/div_19/FE_RC_21276_0             | A1 ^ -> ZN v | ND2D4     | 0.032 |  19.680 |    3.199 | 
     | sfp_instance/div3/div_19/FE_RC_21274_0             | B v -> ZN ^  | OAI21D4   | 0.031 |  19.711 |    3.230 | 
     | sfp_instance/div3/div_19/FE_RC_14795_0             | A1 ^ -> ZN v | CKND2D4   | 0.030 |  19.741 |    3.260 | 
     | sfp_instance/div3/div_19/FE_RC_14791_0             | A2 v -> ZN ^ | ND2D4     | 0.039 |  19.780 |    3.299 | 
     | sfp_instance/div3/div_19/FE_RC_25825_0             | A1 ^ -> ZN v | ND2D4     | 0.025 |  19.805 |    3.324 | 
     | sfp_instance/div3/div_19/FE_RC_25824_0             | A1 v -> ZN ^ | CKND2D4   | 0.024 |  19.829 |    3.348 | 
     | sfp_instance/div3/div_19/FE_RC_49548_0             | A1 ^ -> ZN v | ND2D2     | 0.026 |  19.854 |    3.374 | 
     | sfp_instance/div3/div_19/FE_RC_49547_0             | A1 v -> ZN ^ | ND2D2     | 0.022 |  19.876 |    3.395 | 
     | sfp_instance/div3/div_19/u_div_u_fa_PartRem_0_2_5  | CI ^ -> CO ^ | FA1D1     | 0.062 |  19.938 |    3.457 | 
     | sfp_instance/div3/div_19/u_div_u_fa_PartRem_0_2_6  | CI ^ -> CO ^ | FA1D1     | 0.070 |  20.008 |    3.527 | 
     | sfp_instance/div3/div_19/FE_RC_25300_0             | A1 ^ -> ZN v | ND2D2     | 0.033 |  20.041 |    3.561 | 
     | sfp_instance/div3/div_19/FE_RC_25299_0             | A1 v -> ZN ^ | CKND2D4   | 0.031 |  20.073 |    3.592 | 
     | sfp_instance/div3/div_19/FE_RC_57796_0             | B1 ^ -> ZN v | IND2D4    | 0.028 |  20.101 |    3.620 | 
     | sfp_instance/div3/div_19/FE_RC_57795_0             | A1 v -> ZN ^ | CKND2D4   | 0.026 |  20.127 |    3.646 | 
     | sfp_instance/div3/div_19/FE_RC_57774_0             | B1 ^ -> ZN v | IND2D4    | 0.028 |  20.155 |    3.674 | 
     | sfp_instance/div3/div_19/FE_RC_57773_0             | A1 v -> ZN ^ | CKND2D4   | 0.025 |  20.180 |    3.699 | 
     | sfp_instance/div3/div_19/FE_RC_57799_0             | A1 ^ -> ZN v | ND2D2     | 0.030 |  20.210 |    3.729 | 
     | sfp_instance/div3/div_19/FE_RC_64181_0             | A1 v -> ZN ^ | ND2D2     | 0.022 |  20.232 |    3.751 | 
     | sfp_instance/div3/div_19/u_div_u_fa_PartRem_0_2_11 | CI ^ -> CO ^ | FA1D1     | 0.068 |  20.300 |    3.819 | 
     | sfp_instance/div3/div_19/u_div_u_fa_PartRem_0_2_12 | CI ^ -> CO ^ | FA1D1     | 0.070 |  20.369 |    3.889 | 
     | sfp_instance/div3/div_19/u_div_u_fa_PartRem_0_2_13 | CI ^ -> CO ^ | FA1D2     | 0.074 |  20.443 |    3.963 | 
     | sfp_instance/div3/div_19/FE_RC_6343_0              | B1 ^ -> ZN v | IND2D4    | 0.038 |  20.481 |    4.001 | 
     | sfp_instance/div3/div_19/FE_RC_53664_0             | A1 v -> ZN ^ | OAI21D4   | 0.041 |  20.522 |    4.042 | 
     | sfp_instance/div3/div_19/FE_RC_54609_0             | B1 ^ -> ZN v | IND2D4    | 0.035 |  20.558 |    4.077 | 
     | sfp_instance/div3/div_19/FE_RC_19632_0             | A1 v -> ZN ^ | ND2D8     | 0.039 |  20.597 |    4.116 | 
     | sfp_instance/div3/div_19/FE_RC_24120_0             | A1 ^ -> ZN ^ | IND2D2    | 0.051 |  20.648 |    4.167 | 
     | sfp_instance/div3/div_19/FE_RC_24119_0             | B ^ -> ZN v  | IOA21D2   | 0.032 |  20.680 |    4.200 | 
     | sfp_instance/div3/div_19/FE_RC_49008_0             | A1 v -> ZN v | IND2D2    | 0.060 |  20.740 |    4.259 | 
     | sfp_instance/div3/div_19/FE_RC_49007_0             | A2 v -> ZN ^ | ND2D2     | 0.030 |  20.770 |    4.290 | 
     | sfp_instance/div3/div_19/FE_RC_49006_0             | A1 ^ -> ZN v | ND2D2     | 0.024 |  20.795 |    4.314 | 
     | sfp_instance/div3/div_19/u_div_u_fa_PartRem_0_1_4  | CI v -> CO v | FA1D1     | 0.073 |  20.868 |    4.387 | 
     | sfp_instance/div3/div_19/FE_RC_9232_0              | A1 v -> ZN ^ | CKND2D2   | 0.029 |  20.897 |    4.416 | 
     | sfp_instance/div3/div_19/FE_RC_9231_0              | A1 ^ -> ZN v | ND2D2     | 0.032 |  20.929 |    4.448 | 
     | sfp_instance/div3/div_19/FE_RC_18641_0             | A1 v -> ZN ^ | AOI21D4   | 0.038 |  20.967 |    4.486 | 
     | sfp_instance/div3/div_19/FE_RC_18310_0             | A1 ^ -> ZN v | OAI21D4   | 0.035 |  21.002 |    4.521 | 
     | sfp_instance/div3/div_19/FE_RC_24969_0             | A1 v -> ZN ^ | ND2D3     | 0.027 |  21.029 |    4.549 | 
     | sfp_instance/div3/div_19/FE_RC_48534_0             | A1 ^ -> ZN v | CKND2D4   | 0.024 |  21.054 |    4.573 | 
     | sfp_instance/div3/div_19/FE_RC_48508_0             | B1 v -> ZN ^ | IND2D4    | 0.022 |  21.075 |    4.595 | 
     | sfp_instance/div3/div_19/FE_RC_41337_0             | A1 ^ -> ZN v | CKND2D4   | 0.025 |  21.101 |    4.620 | 
     | sfp_instance/div3/div_19/FE_RC_41238_0             | A2 v -> ZN ^ | OAI211D4  | 0.045 |  21.146 |    4.665 | 
     | sfp_instance/div3/div_19/FE_RC_42288_0             | A1 ^ -> ZN v | OAI21D4   | 0.042 |  21.188 |    4.708 | 
     | sfp_instance/div3/div_19/FE_RC_57689_0             | A1 v -> ZN ^ | OAI21D4   | 0.048 |  21.236 |    4.756 | 
     | sfp_instance/div3/div_19/FE_RC_38654_0             | A2 ^ -> ZN v | OAI211D4  | 0.044 |  21.280 |    4.799 | 
     | sfp_instance/div3/div_19/FE_RC_44758_0             | A1 v -> ZN ^ | CKND2D4   | 0.043 |  21.323 |    4.842 | 
     | sfp_instance/div3/div_19/FE_RC_48159_0             | B1 ^ -> ZN v | IND2D4    | 0.030 |  21.353 |    4.872 | 
     | sfp_instance/div3/div_19/FE_RC_53144_0             | B1 v -> ZN ^ | IND2D4    | 0.026 |  21.379 |    4.898 | 
     | sfp_instance/div3/div_19/FE_RC_53143_0             | A1 ^ -> ZN v | ND2D8     | 0.046 |  21.425 |    4.944 | 
     | sfp_instance/div3/div_19/FE_RC_26310_0             | A1 v -> ZN ^ | ND2D4     | 0.032 |  21.457 |    4.976 | 
     | sfp_instance/div3/div_19/FE_RC_21449_0             | B ^ -> ZN v  | OAI21D4   | 0.041 |  21.497 |    5.017 | 
     | sfp_instance/div3/div_19/FE_RC_8513_0              | A1 v -> ZN ^ | NR2D2     | 0.035 |  21.533 |    5.052 | 
     | sfp_instance/div3/div_19/FE_RC_16775_0             | A1 ^ -> ZN v | OAI21D2   | 0.038 |  21.571 |    5.090 | 
     | sfp_instance/div3/div_19/FE_RC_47328_0             | A1 v -> ZN ^ | ND2D2     | 0.024 |  21.595 |    5.114 | 
     | sfp_instance/div3/div_19/FE_RC_22193_0             | B ^ -> ZN v  | IOA21D2   | 0.029 |  21.624 |    5.143 | 
     | sfp_instance/div3/div_19/FE_RC_4016_0              | B1 v -> ZN ^ | IND2D4    | 0.022 |  21.645 |    5.165 | 
     | sfp_instance/div3/div_19/FE_RC_4015_0              | A1 ^ -> ZN v | ND2D2     | 0.022 |  21.667 |    5.187 | 
     | sfp_instance/div3/div_19/FE_RC_64274_0             | A1 v -> ZN ^ | ND2D2     | 0.020 |  21.687 |    5.206 | 
     | sfp_instance/div3/div_19/FE_RC_52803_0             | A1 ^ -> ZN v | ND2D2     | 0.022 |  21.709 |    5.228 | 
     | sfp_instance/div3/div_19/FE_RC_52802_0             | A1 v -> ZN ^ | ND2D2     | 0.020 |  21.729 |    5.248 | 
     | sfp_instance/div3/div_19/FE_RC_23998_0             | A1 ^ -> ZN v | ND2D2     | 0.027 |  21.756 |    5.276 | 
     | sfp_instance/div3/div_19/FE_RC_46173_0             | A1 v -> ZN ^ | CKND2D4   | 0.026 |  21.782 |    5.301 | 
     | sfp_instance/div3/div_19/FE_RC_54346_0             | B1 ^ -> ZN v | IND2D4    | 0.029 |  21.811 |    5.330 | 
     | sfp_instance/div3/div_19/FE_RC_21301_0             | A1 v -> ZN ^ | AOI21D4   | 0.044 |  21.855 |    5.374 | 
     | sfp_instance/div3/div_19/FE_RC_21300_0             | A1 ^ -> ZN v | OAI21D4   | 0.036 |  21.891 |    5.411 | 
     | sfp_instance/div3/div_19/FE_RC_21296_0             | B1 v -> ZN ^ | IND2D4    | 0.029 |  21.920 |    5.440 | 
     | sfp_instance/div3/div_19/FE_RC_53432_0             | A1 ^ -> ZN v | OAI21D4   | 0.030 |  21.951 |    5.470 | 
     | sfp_instance/div3/div_19/FE_RC_21291_0             | A1 v -> ZN ^ | ND2D4     | 0.030 |  21.980 |    5.500 | 
     | sfp_instance/div3/div_19/FE_RC_21290_0             | A1 ^ -> ZN v | ND2D8     | 0.041 |  22.021 |    5.541 | 
     | sfp_instance/sfp_out_sign3_reg_0_                  | D v          | EDFKCNQD1 | 0.003 |  22.024 |    5.543 | 
     +------------------------------------------------------------------------------------------------------------+ 
Path 2: VIOLATED Setup Check with Pin sfp_instance/sfp_out_sign7_reg_0_/CP 
Endpoint:   sfp_instance/sfp_out_sign7_reg_0_/D        (^) checked with  
leading edge of 'clk'
Beginpoint: sfp_instance/fifo_inst_int/rd_ptr_reg_0_/Q (v) triggered by  
leading edge of 'clk'
Path Groups: {clk}
Analysis View: WC_VIEW
Other End Arrival Time          4.685
- Setup                         0.150
+ Phase Shift                   1.000
+ CPPR Adjustment               0.000
= Required Time                 5.535
- Arrival Time                 21.950
= Slack Time                  -16.415
     Clock Rise Edge                 0.000
     + Clock Network Latency (Prop)  1.058
     = Beginpoint Arrival Time       1.058
     +------------------------------------------------------------------------------------------------------------+ 
     |                      Instance                      |     Arc      |   Cell    | Delay | Arrival | Required | 
     |                                                    |              |           |       |  Time   |   Time   | 
     |----------------------------------------------------+--------------+-----------+-------+---------+----------| 
     | sfp_instance/fifo_inst_int/rd_ptr_reg_0_           | CP ^         |           |       |   1.058 |  -15.357 | 
     | sfp_instance/fifo_inst_int/rd_ptr_reg_0_           | CP ^ -> Q v  | EDFKCNQD4 | 0.145 |   1.203 |  -15.212 | 
     | sfp_instance/fifo_inst_int/FE_OCPC10112_rd_ptr_0_  | I v -> ZN ^  | CKND16    | 0.036 |   1.239 |  -15.175 | 
     | sfp_instance/fifo_inst_int/FE_OCPC12454_rd_ptr_0_  | I ^ -> ZN v  | INVD16    | 0.034 |   1.273 |  -15.142 | 
     | sfp_instance/fifo_inst_int/fifo_mux_16_1a/FE_OCPC1 | I v -> ZN ^  | INVD16    | 0.029 |   1.302 |  -15.112 | 
     | 2457_rd_ptr_0_                                     |              |           |       |         |          | 
     | sfp_instance/fifo_inst_int/fifo_mux_16_1a/FE_OCPC1 | I ^ -> ZN v  | CKND16    | 0.030 |   1.332 |  -15.083 | 
     | 2462_rd_ptr_0_                                     |              |           |       |         |          | 
     | sfp_instance/fifo_inst_int/fifo_mux_16_1a/mux_8_1a | A1 v -> ZN ^ | ND2D4     | 0.023 |   1.354 |  -15.060 | 
     | /fifo_mux_2_1c/FE_RC_15770_0                       |              |           |       |         |          | 
     | sfp_instance/fifo_inst_int/fifo_mux_16_1a/mux_8_1a | B ^ -> ZN v  | OAI21D4   | 0.035 |   1.389 |  -15.025 | 
     | /fifo_mux_2_1c/FE_RC_15769_0                       |              |           |       |         |          | 
     | sfp_instance/fifo_inst_int/fifo_mux_16_1a/mux_8_1a | B1 v -> ZN ^ | IND2D4    | 0.022 |   1.411 |  -15.003 | 
     | /fifo_mux_2_1f/FE_RC_25823_0                       |              |           |       |         |          | 
     | sfp_instance/fifo_inst_int/fifo_mux_16_1a/mux_8_1a | A1 ^ -> ZN v | CKND2D4   | 0.021 |   1.432 |  -14.982 | 
     | /fifo_mux_2_1f/FE_RC_25821_0                       |              |           |       |         |          | 
     | sfp_instance/fifo_inst_int/fifo_mux_16_1a/mux_8_1a | B1 v -> ZN ^ | IND2D4    | 0.019 |   1.451 |  -14.963 | 
     | /fifo_mux_2_1g/FE_RC_46072_0                       |              |           |       |         |          | 
     | sfp_instance/fifo_inst_int/fifo_mux_16_1a/mux_8_1a | A1 ^ -> ZN v | CKND2D4   | 0.022 |   1.473 |  -14.941 | 
     | /fifo_mux_2_1g/FE_RC_46071_0                       |              |           |       |         |          | 
     | sfp_instance/fifo_inst_int/fifo_mux_16_1a/mux_2_1a | B1 v -> ZN ^ | IND2D4    | 0.024 |   1.497 |  -14.917 | 
     | /FE_RC_410_0                                       |              |           |       |         |          | 
     | sfp_instance/fifo_inst_int/fifo_mux_16_1a/mux_2_1a | A1 ^ -> ZN v | ND2D8     | 0.051 |   1.549 |  -14.866 | 
     | /FE_RC_409_0                                       |              |           |       |         |          | 
     | sfp_instance/add_88/FE_RC_54927_0                  | A1 v -> ZN ^ | NR2XD4    | 0.038 |   1.586 |  -14.828 | 
     | sfp_instance/add_88/FE_RC_54928_0                  | I ^ -> ZN v  | INVD4     | 0.019 |   1.605 |  -14.809 | 
     | sfp_instance/add_88/FE_RC_49201_0                  | A1 v -> ZN ^ | ND2D4     | 0.017 |   1.623 |  -14.792 | 
     | sfp_instance/add_88/FE_RC_49200_0                  | A1 ^ -> ZN v | CKND2D4   | 0.022 |   1.645 |  -14.770 | 
     | sfp_instance/add_88/FE_RC_51437_0                  | A1 v -> ZN ^ | ND2D2     | 0.020 |   1.665 |  -14.749 | 
     | sfp_instance/add_88/FE_RC_51436_0                  | A1 ^ -> ZN v | ND2D2     | 0.023 |   1.688 |  -14.727 | 
     | sfp_instance/add_88/U1_4                           | CI v -> CO v | FA1D2     | 0.085 |   1.773 |  -14.642 | 
     | sfp_instance/add_88/FE_RC_64011_0                  | A1 v -> ZN ^ | ND2D4     | 0.029 |   1.802 |  -14.613 | 
     | sfp_instance/add_88/FE_RC_64010_0                  | A1 ^ -> ZN v | CKND2D4   | 0.023 |   1.824 |  -14.591 | 
     | sfp_instance/add_88/U1_6                           | CI v -> CO v | FA1D2     | 0.086 |   1.910 |  -14.504 | 
     | sfp_instance/add_88/FE_RC_11310_0                  | A1 v -> ZN ^ | ND2D4     | 0.032 |   1.942 |  -14.473 | 
     | sfp_instance/add_88/FE_RC_47281_0                  | B1 ^ -> ZN v | IND2D4    | 0.031 |   1.973 |  -14.442 | 
     | sfp_instance/add_88/FE_RC_47280_0                  | A1 v -> ZN ^ | ND2D8     | 0.029 |   2.002 |  -14.413 | 
     | sfp_instance/add_88/FE_RC_47876_0                  | B1 ^ -> ZN v | IND2D4    | 0.026 |   2.028 |  -14.387 | 
     | sfp_instance/add_88/FE_RC_47875_0                  | A1 v -> ZN ^ | ND2D4     | 0.023 |   2.051 |  -14.364 | 
     | sfp_instance/add_88/FE_RC_45316_0                  | A1 ^ -> ZN v | OAI21D4   | 0.023 |   2.074 |  -14.340 | 
     | sfp_instance/add_88/U1_13                          | CI v -> CO v | FA1D2     | 0.086 |   2.160 |  -14.254 | 
     | sfp_instance/add_88/FE_RC_15893_0                  | A1 v -> ZN ^ | CKND2D4   | 0.038 |   2.198 |  -14.216 | 
     | sfp_instance/add_88/FE_RC_15944_0                  | B1 ^ -> ZN v | IND2D4    | 0.032 |   2.230 |  -14.185 | 
     | sfp_instance/add_88/FE_RC_15943_0                  | A1 v -> ZN ^ | ND2D8     | 0.029 |   2.259 |  -14.155 | 
     | sfp_instance/add_88/FE_RC_40_0_dup1_dup1           | A1 ^ -> ZN v | ND2D8     | 0.040 |   2.299 |  -14.115 | 
     | sfp_instance/add_88/FE_RC_15869_0                  | B1 v -> ZN ^ | IND2D4    | 0.027 |   2.327 |  -14.088 | 
     | sfp_instance/add_88/FE_RC_19298_0                  | A1 ^ -> ZN v | CKND2D4   | 0.022 |   2.349 |  -14.065 | 
     | sfp_instance/add_88/FE_RC_117_0                    | A1 v -> ZN ^ | ND2D4     | 0.024 |   2.373 |  -14.041 | 
     | sfp_instance/add_88/FE_RC_111_0                    | A1 ^ -> ZN v | CKND2D8   | 0.038 |   2.412 |  -14.003 | 
     | sfp_instance/FE_OCPC14871_sum_2core_22_            | I v -> ZN ^  | INVD6     | 0.029 |   2.440 |  -13.974 | 
     | sfp_instance/FE_OCPC14874_sum_2core_22_            | I ^ -> ZN v  | INVD12    | 0.022 |   2.462 |  -13.952 | 
     | sfp_instance/div7/div_19/U604                      | A2 v -> ZN ^ | NR2XD8    | 0.036 |   2.499 |  -13.916 | 
     | sfp_instance/div7/div_19/FE_RC_617_0               | A1 ^ -> ZN v | CKND2D8   | 0.026 |   2.525 |  -13.890 | 
     | sfp_instance/div7/div_19/FE_RC_21074_0             | A1 v -> ZN ^ | NR2XD4    | 0.028 |   2.553 |  -13.862 | 
     | sfp_instance/div7/div_19/FE_RC_21073_0             | A1 ^ -> ZN v | CKND2D8   | 0.031 |   2.584 |  -13.830 | 
     | sfp_instance/div7/div_19/FE_RC_40327_0             | A1 v -> ZN ^ | NR2XD8    | 0.035 |   2.619 |  -13.795 | 
     | sfp_instance/div7/div_19/FE_RC_44620_0             | A1 ^ -> ZN ^ | INR2XD4   | 0.055 |   2.674 |  -13.741 | 
     | sfp_instance/div7/div_19/FE_RC_38144_0             | A2 ^ -> ZN v | CKND2D8   | 0.038 |   2.712 |  -13.703 | 
     | sfp_instance/div7/div_19/FE_RC_42513_0             | A1 v -> ZN ^ | OAI21D4   | 0.046 |   2.757 |  -13.657 | 
     | sfp_instance/div7/div_19/FE_RC_54465_0             | A1 ^ -> ZN v | CKND2D4   | 0.030 |   2.788 |  -13.627 | 
     | sfp_instance/div7/div_19/FE_RC_54464_0             | B1 v -> ZN ^ | IND2D4    | 0.026 |   2.814 |  -13.600 | 
     | sfp_instance/div7/div_19/FE_RC_48072_0             | A1 ^ -> ZN v | ND2D4     | 0.030 |   2.844 |  -13.570 | 
     | sfp_instance/div7/div_19/FE_RC_48071_0             | A1 v -> ZN ^ | ND2D4     | 0.031 |   2.875 |  -13.540 | 
     | sfp_instance/div7/div_19/FE_RC_54692_0             | A1 ^ -> ZN v | AOI21D4   | 0.026 |   2.901 |  -13.513 | 
     | sfp_instance/div7/div_19/FE_RC_54691_0             | A1 v -> ZN v | IND2D4    | 0.075 |   2.976 |  -13.438 | 
     | sfp_instance/div7/div_19/FE_RC_52289_0             | A1 v -> ZN ^ | NR2XD3    | 0.039 |   3.015 |  -13.399 | 
     | sfp_instance/div7/div_19/FE_RC_53917_0_dup         | A1 ^ -> ZN v | OAI21D4   | 0.031 |   3.046 |  -13.368 | 
     | sfp_instance/div7/div_19/FE_RC_49126_0             | A1 v -> ZN ^ | ND2D4     | 0.023 |   3.069 |  -13.346 | 
     | sfp_instance/div7/div_19/FE_RC_49125_0             | A1 ^ -> ZN v | ND2D4     | 0.030 |   3.098 |  -13.316 | 
     | sfp_instance/div7/div_19/FE_RC_53377_0             | A1 v -> Z v  | AN2D4     | 0.053 |   3.152 |  -13.263 | 
     | sfp_instance/div7/div_19/FE_RC_54417_0             | A1 v -> ZN ^ | ND2D4     | 0.021 |   3.173 |  -13.242 | 
     | sfp_instance/div7/div_19/FE_RC_54415_0             | B ^ -> ZN v  | OAI21D4   | 0.048 |   3.221 |  -13.194 | 
     | sfp_instance/div7/div_19/FE_RC_10055_0             | A1 v -> Z v  | OR2D4     | 0.067 |   3.288 |  -13.127 | 
     | sfp_instance/div7/div_19/FE_RC_47523_0             | A2 v -> ZN ^ | ND2D2     | 0.024 |   3.311 |  -13.103 | 
     | sfp_instance/div7/div_19/FE_RC_47522_0             | A1 ^ -> ZN v | ND2D2     | 0.025 |   3.337 |  -13.078 | 
     | sfp_instance/div7/div_19/u_div_u_fa_PartRem_0_26_4 | CI v -> CO v | FA1D4     | 0.108 |   3.445 |  -12.970 | 
     | sfp_instance/div7/div_19/FE_RC_64128_0             | A1 v -> ZN v | INR2XD4   | 0.059 |   3.503 |  -12.911 | 
     | sfp_instance/div7/div_19/FE_RC_24622_0             | A1 v -> ZN ^ | OAI21D4   | 0.041 |   3.544 |  -12.870 | 
     | sfp_instance/div7/div_19/FE_RC_26441_0             | A1 ^ -> ZN v | ND2D2     | 0.029 |   3.573 |  -12.842 | 
     | sfp_instance/div7/div_19/FE_RC_26440_0             | A1 v -> ZN ^ | ND2D2     | 0.024 |   3.597 |  -12.817 | 
     | sfp_instance/div7/div_19/FE_RC_39444_0             | A1 ^ -> ZN v | ND2D2     | 0.025 |   3.622 |  -12.793 | 
     | sfp_instance/div7/div_19/FE_RC_39443_0             | A1 v -> ZN ^ | ND2D2     | 0.024 |   3.646 |  -12.769 | 
     | sfp_instance/div7/div_19/FE_RC_39639_0             | A1 ^ -> ZN v | ND2D2     | 0.024 |   3.670 |  -12.744 | 
     | sfp_instance/div7/div_19/FE_RC_39638_0             | A1 v -> ZN ^ | CKND2D2   | 0.024 |   3.694 |  -12.721 | 
     | sfp_instance/div7/div_19/u_div_u_fa_PartRem_0_25_4 | CI ^ -> CO ^ | FA1D2     | 0.072 |   3.766 |  -12.649 | 
     | sfp_instance/div7/div_19/FE_RC_39554_0             | A1 ^ -> ZN v | OAI21D4   | 0.036 |   3.802 |  -12.612 | 
     | sfp_instance/div7/div_19/FE_OCPC9545_FE_RN_1089_0  | I v -> ZN ^  | INVD6     | 0.042 |   3.844 |  -12.570 | 
     | sfp_instance/div7/div_19/FE_RC_54850_0             | B1 ^ -> ZN v | IND2D4    | 0.030 |   3.874 |  -12.541 | 
     | sfp_instance/div7/div_19/FE_RC_64002_0             | B v -> ZN ^  | OAI21D4   | 0.030 |   3.904 |  -12.511 | 
     | sfp_instance/div7/div_19/FE_RC_15109_0             | A1 ^ -> ZN v | ND2D4     | 0.030 |   3.934 |  -12.481 | 
     | sfp_instance/div7/div_19/FE_RC_38568_0             | B1 v -> ZN ^ | IND2D4    | 0.022 |   3.956 |  -12.459 | 
     | sfp_instance/div7/div_19/FE_RC_24856_0             | A1 ^ -> ZN v | ND2D2     | 0.022 |   3.978 |  -12.437 | 
     | sfp_instance/div7/div_19/FE_RC_24855_0             | A1 v -> ZN ^ | ND2D2     | 0.020 |   3.998 |  -12.417 | 
     | sfp_instance/div7/div_19/u_div_u_fa_PartRem_0_24_3 | CI ^ -> CO ^ | FA1D1     | 0.065 |   4.063 |  -12.351 | 
     | sfp_instance/div7/div_19/u_div_u_fa_PartRem_0_24_4 | CI ^ -> CO ^ | FA1D2     | 0.073 |   4.137 |  -12.278 | 
     | sfp_instance/div7/div_19/FE_RC_56778_0             | A1 ^ -> ZN v | OAI21D4   | 0.034 |   4.170 |  -12.244 | 
     | sfp_instance/div7/div_19/FE_RC_20180_0             | A1 v -> ZN ^ | AOI21D4   | 0.059 |   4.229 |  -12.186 | 
     | sfp_instance/div7/div_19/FE_RC_51374_0             | A1 ^ -> ZN v | NR2XD1    | 0.041 |   4.270 |  -12.145 | 
     | sfp_instance/div7/div_19/FE_RC_51373_0             | A1 v -> ZN v | IND2D4    | 0.056 |   4.325 |  -12.089 | 
     | sfp_instance/div7/div_19/FE_RC_52197_0             | I v -> ZN ^  | CKND2     | 0.018 |   4.343 |  -12.071 | 
     | sfp_instance/div7/div_19/FE_RC_52196_0             | A1 ^ -> ZN v | ND2D2     | 0.024 |   4.368 |  -12.047 | 
     | sfp_instance/div7/div_19/FE_RC_48839_0             | A1 v -> ZN ^ | ND2D2     | 0.027 |   4.395 |  -12.020 | 
     | sfp_instance/div7/div_19/FE_RC_48838_0             | A1 ^ -> ZN v | ND2D3     | 0.028 |   4.422 |  -11.992 | 
     | sfp_instance/div7/div_19/FE_RC_51395_0             | A1 v -> ZN ^ | ND2D2     | 0.024 |   4.447 |  -11.968 | 
     | sfp_instance/div7/div_19/FE_RC_51394_0             | A1 ^ -> ZN v | ND2D2     | 0.024 |   4.471 |  -11.944 | 
     | sfp_instance/div7/div_19/u_div_u_fa_PartRem_0_23_4 | CI v -> CO v | FA1D2     | 0.088 |   4.559 |  -11.856 | 
     | sfp_instance/div7/div_19/FE_RC_40789_0             | A1 v -> ZN ^ | ND2D4     | 0.031 |   4.590 |  -11.825 | 
     | sfp_instance/div7/div_19/FE_RC_55017_0             | B1 ^ -> ZN v | IND2D4    | 0.023 |   4.613 |  -11.802 | 
     | sfp_instance/div7/div_19/FE_RC_55016_0             | A1 v -> ZN ^ | AOI21D4   | 0.036 |   4.648 |  -11.766 | 
     | sfp_instance/div7/div_19/FE_RC_51372_0             | A1 ^ -> ZN v | OAI21D4   | 0.040 |   4.688 |  -11.726 | 
     | sfp_instance/div7/div_19/U535_dup                  | A1 v -> Z v  | AN2D8     | 0.065 |   4.753 |  -11.662 | 
     | sfp_instance/div7/div_19/FE_RC_1382_0              | A1 v -> ZN ^ | OAI21D4   | 0.044 |   4.797 |  -11.618 | 
     | sfp_instance/div7/div_19/FE_RC_54433_0             | B1 ^ -> ZN v | IND2D4    | 0.030 |   4.827 |  -11.587 | 
     | sfp_instance/div7/div_19/FE_RC_54432_0             | A1 v -> ZN ^ | ND2D4     | 0.024 |   4.851 |  -11.564 | 
     | sfp_instance/div7/div_19/FE_RC_21837_0             | A1 ^ -> ZN v | ND2D4     | 0.025 |   4.876 |  -11.539 | 
     | sfp_instance/div7/div_19/FE_RC_21836_0             | A1 v -> ZN ^ | ND2D2     | 0.021 |   4.897 |  -11.518 | 
     | sfp_instance/div7/div_19/FE_RC_42301_0             | A1 ^ -> ZN v | ND2D2     | 0.024 |   4.921 |  -11.494 | 
     | sfp_instance/div7/div_19/FE_RC_42300_0             | A1 v -> ZN ^ | ND2D2     | 0.021 |   4.942 |  -11.473 | 
     | sfp_instance/div7/div_19/u_div_u_fa_PartRem_0_22_4 | CI ^ -> CO ^ | FA1D1     | 0.069 |   5.011 |  -11.404 | 
     | sfp_instance/div7/div_19/u_div_u_fa_PartRem_0_22_5 | CI ^ -> CO ^ | FA1D2     | 0.073 |   5.084 |  -11.331 | 
     | sfp_instance/div7/div_19/FE_RC_41144_0             | A1 ^ -> ZN v | ND2D2     | 0.027 |   5.111 |  -11.304 | 
     | sfp_instance/div7/div_19/FE_RC_41143_0             | A1 v -> ZN ^ | ND2D2     | 0.022 |   5.133 |  -11.282 | 
     | sfp_instance/div7/div_19/FE_RC_49027_0             | A1 ^ -> ZN v | CKND2D2   | 0.023 |   5.156 |  -11.259 | 
     | sfp_instance/div7/div_19/FE_RC_49026_0             | A1 v -> ZN ^ | ND2D2     | 0.024 |   5.180 |  -11.235 | 
     | sfp_instance/div7/div_19/FE_RC_52009_0             | A1 ^ -> ZN v | CKND2D3   | 0.029 |   5.209 |  -11.206 | 
     | sfp_instance/div7/div_19/FE_RC_52008_0             | A1 v -> ZN ^ | AOI21D4   | 0.066 |   5.275 |  -11.140 | 
     | sfp_instance/div7/div_19/U549                      | S ^ -> Z v   | MUX2D4    | 0.108 |   5.383 |  -11.032 | 
     | sfp_instance/div7/div_19/FE_RC_52309_0             | A1 v -> ZN ^ | ND2D2     | 0.024 |   5.407 |  -11.007 | 
     | sfp_instance/div7/div_19/FE_RC_52308_0             | A1 ^ -> ZN v | CKND2D2   | 0.023 |   5.430 |  -10.985 | 
     | sfp_instance/div7/div_19/u_div_u_fa_PartRem_0_21_2 | CI v -> CO v | FA1D1     | 0.072 |   5.502 |  -10.913 | 
     | sfp_instance/div7/div_19/u_div_u_fa_PartRem_0_21_3 | CI v -> CO v | FA1D1     | 0.075 |   5.577 |  -10.838 | 
     | sfp_instance/div7/div_19/u_div_u_fa_PartRem_0_21_4 | CI v -> CO v | FA1D2     | 0.087 |   5.664 |  -10.750 | 
     | sfp_instance/div7/div_19/FE_RC_64049_0             | A1 v -> ZN ^ | AOI21D4   | 0.046 |   5.710 |  -10.705 | 
     | sfp_instance/div7/div_19/FE_RC_64042_0             | A1 ^ -> ZN v | OAI21D4   | 0.033 |   5.742 |  -10.672 | 
     | sfp_instance/div7/div_19/FE_RC_56655_0             | A1 v -> ZN ^ | ND2D2     | 0.027 |   5.769 |  -10.645 | 
     | sfp_instance/div7/div_19/FE_RC_56654_0             | A1 ^ -> ZN v | CKND2D4   | 0.033 |   5.803 |  -10.612 | 
     | sfp_instance/div7/div_19/FE_RC_64396_0             | B1 v -> ZN ^ | IND2D4    | 0.029 |   5.832 |  -10.583 | 
     | sfp_instance/div7/div_19/FE_RC_64393_0             | A1 ^ -> ZN v | CKND2D8   | 0.055 |   5.886 |  -10.528 | 
     | sfp_instance/div7/div_19/FE_RC_1499_0              | A1 v -> ZN ^ | NR2XD4    | 0.039 |   5.925 |  -10.490 | 
     | sfp_instance/div7/div_19/FE_RC_34296_0             | A2 ^ -> ZN v | NR2XD4    | 0.026 |   5.952 |  -10.463 | 
     | sfp_instance/div7/div_19/FE_RC_34245_0             | A1 v -> ZN ^ | OAI21D4   | 0.033 |   5.984 |  -10.430 | 
     | sfp_instance/div7/div_19/FE_RC_30657_0             | A1 ^ -> ZN v | ND2D2     | 0.029 |   6.013 |  -10.402 | 
     | sfp_instance/div7/div_19/FE_RC_30656_0             | A1 v -> ZN ^ | ND2D2     | 0.023 |   6.035 |  -10.379 | 
     | sfp_instance/div7/div_19/u_div_u_fa_PartRem_0_20_3 | CI ^ -> CO ^ | FA1D1     | 0.061 |   6.096 |  -10.319 | 
     | sfp_instance/div7/div_19/u_div_u_fa_PartRem_0_20_4 | CI ^ -> CO ^ | FA1D2     | 0.077 |   6.173 |  -10.242 | 
     | sfp_instance/div7/div_19/FE_RC_9240_0              | B1 ^ -> ZN v | IND2D4    | 0.034 |   6.207 |  -10.208 | 
     | sfp_instance/div7/div_19/FE_RC_29809_0             | A1 v -> ZN ^ | OAI21D4   | 0.039 |   6.246 |  -10.169 | 
     | sfp_instance/div7/div_19/FE_RC_25855_0             | A1 ^ -> ZN v | ND2D2     | 0.033 |   6.278 |  -10.137 | 
     | sfp_instance/div7/div_19/FE_RC_25854_0             | A1 v -> ZN ^ | ND2D3     | 0.027 |   6.305 |  -10.110 | 
     | sfp_instance/div7/div_19/FE_RC_35643_0             | A1 ^ -> ZN v | ND2D4     | 0.028 |   6.333 |  -10.081 | 
     | sfp_instance/div7/div_19/FE_RC_52646_0             | A2 v -> ZN ^ | OAI211D4  | 0.047 |   6.380 |  -10.035 | 
     | sfp_instance/div7/div_19/FE_RC_38661_0             | A1 ^ -> ZN v | ND2D4     | 0.039 |   6.419 |   -9.996 | 
     | sfp_instance/div7/div_19/FE_RC_28139_0_dup         | B1 v -> ZN ^ | IND2D4    | 0.039 |   6.458 |   -9.957 | 
     | sfp_instance/div7/div_19/FE_RC_42625_0             | B1 ^ -> ZN v | IND2D4    | 0.033 |   6.490 |   -9.924 | 
     | sfp_instance/div7/div_19/FE_RC_41593_0             | I v -> ZN ^  | CKND4     | 0.018 |   6.509 |   -9.906 | 
     | sfp_instance/div7/div_19/FE_RC_41592_0             | A1 ^ -> ZN v | NR2XD2    | 0.021 |   6.530 |   -9.885 | 
     | sfp_instance/div7/div_19/FE_RC_41585_0             | A1 v -> ZN ^ | OAI21D4   | 0.037 |   6.567 |   -9.848 | 
     | sfp_instance/div7/div_19/FE_RC_8378_0              | A1 ^ -> ZN v | ND2D3     | 0.033 |   6.599 |   -9.815 | 
     | sfp_instance/div7/div_19/FE_RC_8377_0              | A1 v -> ZN ^ | ND2D4     | 0.025 |   6.625 |   -9.790 | 
     | sfp_instance/div7/div_19/FE_RC_64061_0             | A1 ^ -> ZN v | ND2D2     | 0.024 |   6.649 |   -9.766 | 
     | sfp_instance/div7/div_19/FE_RC_64060_0             | A1 v -> ZN ^ | ND2D2     | 0.022 |   6.671 |   -9.744 | 
     | sfp_instance/div7/div_19/u_div_u_fa_PartRem_0_19_4 | CI ^ -> CO ^ | FA1D1     | 0.068 |   6.738 |   -9.676 | 
     | sfp_instance/div7/div_19/u_div_u_fa_PartRem_0_19_5 | CI ^ -> CO ^ | FA1D2     | 0.082 |   6.820 |   -9.595 | 
     | sfp_instance/div7/div_19/FE_RC_8760_0              | B1 ^ -> ZN v | IND2D4    | 0.033 |   6.853 |   -9.561 | 
     | sfp_instance/div7/div_19/FE_RC_64111_0             | B1 v -> ZN ^ | IND2D4    | 0.022 |   6.876 |   -9.539 | 
     | sfp_instance/div7/div_19/FE_RC_64110_0             | A1 ^ -> ZN v | ND2D4     | 0.023 |   6.899 |   -9.516 | 
     | sfp_instance/div7/div_19/FE_RC_64057_0             | A1 v -> ZN ^ | ND2D4     | 0.024 |   6.922 |   -9.492 | 
     | sfp_instance/div7/div_19/FE_RC_64175_0             | A1 ^ -> ZN v | ND2D4     | 0.027 |   6.949 |   -9.465 | 
     | sfp_instance/div7/div_19/FE_RC_64332_0             | A1 v -> ZN ^ | ND2D4     | 0.022 |   6.971 |   -9.444 | 
     | sfp_instance/div7/div_19/FE_RC_32610_0             | A1 ^ -> ZN v | AOI21D4   | 0.034 |   7.005 |   -9.410 | 
     | sfp_instance/div7/div_19/FE_RC_32559_0             | I v -> ZN ^  | INVD6     | 0.045 |   7.050 |   -9.364 | 
     | sfp_instance/div7/div_19/FE_RC_56041_0             | B1 ^ -> ZN v | IND2D4    | 0.032 |   7.082 |   -9.333 | 
     | sfp_instance/div7/div_19/FE_RC_56627_0             | A1 v -> ZN v | INR2XD4   | 0.051 |   7.133 |   -9.282 | 
     | sfp_instance/div7/div_19/FE_RC_56626_0             | A1 v -> ZN ^ | OAI21D4   | 0.034 |   7.167 |   -9.247 | 
     | sfp_instance/div7/div_19/FE_RC_14665_0             | A1 ^ -> ZN v | ND2D2     | 0.028 |   7.195 |   -9.220 | 
     | sfp_instance/div7/div_19/FE_RC_18738_0             | A1 v -> ZN ^ | ND2D2     | 0.023 |   7.218 |   -9.197 | 
     | sfp_instance/div7/div_19/FE_RC_14636_0             | A1 ^ -> ZN v | ND2D2     | 0.023 |   7.241 |   -9.174 | 
     | sfp_instance/div7/div_19/FE_RC_27510_0             | A1 v -> ZN ^ | CKND2D2   | 0.025 |   7.266 |   -9.149 | 
     | sfp_instance/div7/div_19/u_div_u_fa_PartRem_0_18_4 | CI ^ -> CO ^ | FA1D1     | 0.069 |   7.335 |   -9.080 | 
     | sfp_instance/div7/div_19/u_div_u_fa_PartRem_0_18_5 | CI ^ -> CO ^ | FA1D2     | 0.076 |   7.410 |   -9.004 | 
     | sfp_instance/div7/div_19/FE_RC_12359_0             | B1 ^ -> ZN v | IND2D4    | 0.030 |   7.441 |   -8.974 | 
     | sfp_instance/div7/div_19/FE_RC_56684_0             | A1 v -> ZN ^ | OAI21D4   | 0.042 |   7.483 |   -8.932 | 
     | sfp_instance/div7/div_19/FE_RC_23775_0             | A1 ^ -> ZN v | ND2D4     | 0.032 |   7.515 |   -8.900 | 
     | sfp_instance/div7/div_19/FE_RC_38493_0             | A2 v -> ZN ^ | OAI211D4  | 0.042 |   7.557 |   -8.858 | 
     | sfp_instance/div7/div_19/FE_RC_40016_0             | A1 ^ -> ZN v | ND2D3     | 0.032 |   7.589 |   -8.825 | 
     | sfp_instance/div7/div_19/FE_RC_42808_0             | A1 v -> ZN ^ | CKND2D4   | 0.029 |   7.618 |   -8.797 | 
     | sfp_instance/div7/div_19/FE_RC_43613_0             | A1 ^ -> ZN v | OAI21D4   | 0.036 |   7.654 |   -8.760 | 
     | sfp_instance/div7/div_19/FE_RC_38572_0             | A1 v -> ZN ^ | CKND2D8   | 0.045 |   7.699 |   -8.715 | 
     | sfp_instance/div7/div_19/FE_RC_55345_0             | A1 ^ -> Z ^  | AN2D4     | 0.058 |   7.758 |   -8.657 | 
     | sfp_instance/div7/div_19/FE_RC_55344_0             | A1 ^ -> ZN v | OAI21D4   | 0.026 |   7.783 |   -8.631 | 
     | sfp_instance/div7/div_19/FE_RC_55342_0             | B1 v -> ZN ^ | IND2D4    | 0.026 |   7.809 |   -8.606 | 
     | sfp_instance/div7/div_19/FE_RC_48775_0             | A2 ^ -> ZN v | ND2D2     | 0.026 |   7.835 |   -8.580 | 
     | sfp_instance/div7/div_19/FE_RC_48774_0             | A1 v -> ZN ^ | ND2D2     | 0.028 |   7.862 |   -8.552 | 
     | sfp_instance/div7/div_19/FE_RC_52032_0             | A1 ^ -> ZN v | ND2D2     | 0.026 |   7.888 |   -8.526 | 
     | sfp_instance/div7/div_19/FE_RC_52031_0             | A1 v -> ZN ^ | ND2D2     | 0.024 |   7.913 |   -8.502 | 
     | sfp_instance/div7/div_19/u_div_u_fa_PartRem_0_17_4 | CI ^ -> CO ^ | FA1D2     | 0.069 |   7.982 |   -8.432 | 
     | sfp_instance/div7/div_19/FE_RC_13334_0             | B1 ^ -> ZN v | IND2D4    | 0.032 |   8.014 |   -8.400 | 
     | sfp_instance/div7/div_19/FE_RC_18010_0             | A2 v -> ZN ^ | OAI211D4  | 0.045 |   8.060 |   -8.355 | 
     | sfp_instance/div7/div_19/FE_RC_26665_0             | A1 ^ -> ZN v | ND2D4     | 0.040 |   8.100 |   -8.315 | 
     | sfp_instance/div7/div_19/FE_RC_41774_0_dup         | A1 v -> ZN ^ | ND2D4     | 0.023 |   8.123 |   -8.292 | 
     | sfp_instance/div7/div_19/FE_RC_41787_0             | A1 ^ -> ZN v | CKND2D4   | 0.021 |   8.144 |   -8.271 | 
     | sfp_instance/div7/div_19/FE_RC_52640_0             | B1 v -> ZN ^ | IND2D4    | 0.025 |   8.168 |   -8.246 | 
     | sfp_instance/div7/div_19/FE_RC_52639_0             | A1 ^ -> ZN v | ND2D8     | 0.030 |   8.198 |   -8.217 | 
     | sfp_instance/div7/div_19/FE_RC_16962_0             | A1 v -> ZN ^ | OAI21D4   | 0.031 |   8.229 |   -8.186 | 
     | sfp_instance/div7/div_19/FE_RC_41694_0             | A1 ^ -> ZN v | ND2D2     | 0.026 |   8.255 |   -8.159 | 
     | sfp_instance/div7/div_19/FE_RC_47254_0             | A1 v -> ZN ^ | ND2D2     | 0.026 |   8.282 |   -8.133 | 
     | sfp_instance/div7/div_19/u_div_u_fa_PartRem_0_16_2 | A ^ -> CO ^  | FA1D1     | 0.133 |   8.415 |   -8.000 | 
     | sfp_instance/div7/div_19/u_div_u_fa_PartRem_0_16_3 | CI ^ -> CO ^ | FA1D1     | 0.067 |   8.482 |   -7.933 | 
     | sfp_instance/div7/div_19/u_div_u_fa_PartRem_0_16_4 | CI ^ -> CO ^ | FA1D1     | 0.072 |   8.553 |   -7.861 | 
     | sfp_instance/div7/div_19/u_div_u_fa_PartRem_0_16_5 | CI ^ -> CO ^ | FA1D2     | 0.076 |   8.630 |   -7.785 | 
     | sfp_instance/div7/div_19/FE_RC_47783_0             | A2 ^ -> ZN v | OAI211D4  | 0.041 |   8.671 |   -7.744 | 
     | sfp_instance/div7/div_19/FE_RC_47306_0             | A1 v -> ZN ^ | CKND2D4   | 0.034 |   8.704 |   -7.710 | 
     | sfp_instance/div7/div_19/FE_RC_47972_0             | A1 ^ -> ZN v | ND2D4     | 0.029 |   8.733 |   -7.681 | 
     | sfp_instance/div7/div_19/FE_RC_47971_0             | A1 v -> ZN ^ | ND2D4     | 0.022 |   8.755 |   -7.660 | 
     | sfp_instance/div7/div_19/FE_RC_47837_0             | B1 ^ -> ZN v | IND2D4    | 0.029 |   8.784 |   -7.631 | 
     | sfp_instance/div7/div_19/FE_RC_48409_0             | B1 v -> ZN ^ | IND2D4    | 0.021 |   8.805 |   -7.609 | 
     | sfp_instance/div7/div_19/FE_RC_54803_0             | A1 ^ -> ZN v | ND2D4     | 0.029 |   8.834 |   -7.581 | 
     | sfp_instance/div7/div_19/FE_RC_37497_0_dup         | A1 v -> ZN ^ | ND2D4     | 0.024 |   8.858 |   -7.556 | 
     | sfp_instance/div7/div_19/FE_RC_55698_0             | B1 ^ -> ZN v | IND2D4    | 0.029 |   8.888 |   -7.527 | 
     | sfp_instance/div7/div_19/FE_RC_55697_0             | A1 v -> ZN ^ | ND2D8     | 0.031 |   8.919 |   -7.496 | 
     | sfp_instance/div7/div_19/FE_RC_24822_0             | A1 ^ -> ZN v | NR2D4     | 0.021 |   8.940 |   -7.474 | 
     | sfp_instance/div7/div_19/FE_RC_24821_0             | A1 v -> ZN v | IND2D4    | 0.055 |   8.996 |   -7.419 | 
     | sfp_instance/div7/div_19/FE_RC_54694_0             | A1 v -> ZN v | IND2D4    | 0.054 |   9.049 |   -7.365 | 
     | sfp_instance/div7/div_19/FE_RC_54557_0             | A2 v -> ZN ^ | ND2D2     | 0.022 |   9.072 |   -7.343 | 
     | sfp_instance/div7/div_19/FE_RC_54556_0             | A1 ^ -> ZN v | CKND2D2   | 0.021 |   9.093 |   -7.322 | 
     | sfp_instance/div7/div_19/u_div_u_fa_PartRem_0_15_3 | CI v -> CO v | FA1D1     | 0.068 |   9.161 |   -7.254 | 
     | sfp_instance/div7/div_19/u_div_u_fa_PartRem_0_15_4 | CI v -> CO v | FA1D2     | 0.089 |   9.250 |   -7.165 | 
     | sfp_instance/div7/div_19/FE_RC_7762_0              | B1 v -> ZN ^ | IND2D4    | 0.029 |   9.279 |   -7.136 | 
     | sfp_instance/div7/div_19/FE_RC_7761_0              | A1 ^ -> ZN v | CKND2D4   | 0.025 |   9.304 |   -7.111 | 
     | sfp_instance/div7/div_19/FE_RC_10629_0             | A1 v -> ZN ^ | ND2D4     | 0.025 |   9.329 |   -7.086 | 
     | sfp_instance/div7/div_19/FE_RC_21872_0             | A2 ^ -> ZN v | OAI211D4  | 0.040 |   9.369 |   -7.046 | 
     | sfp_instance/div7/div_19/FE_RC_38492_0             | A2 v -> ZN ^ | OAI211D4  | 0.052 |   9.421 |   -6.994 | 
     | sfp_instance/div7/div_19/FE_RC_42532_0             | A1 ^ -> ZN v | OAI21D4   | 0.032 |   9.453 |   -6.961 | 
     | sfp_instance/div7/div_19/u_div_u_fa_PartRem_0_15_1 | CI v -> CO v | FA1D1     | 0.072 |   9.525 |   -6.890 | 
     | 1                                                  |              |           |       |         |          | 
     | sfp_instance/div7/div_19/u_div_u_fa_PartRem_0_15_1 | CI v -> CO v | FA1D2     | 0.077 |   9.602 |   -6.813 | 
     | 2                                                  |              |           |       |         |          | 
     | sfp_instance/div7/div_19/u_div_u_fa_PartRem_0_15_1 | CI v -> CO v | FA1D1     | 0.076 |   9.678 |   -6.736 | 
     | 3                                                  |              |           |       |         |          | 
     | sfp_instance/div7/div_19/u_div_u_fa_PartRem_0_15_1 | CI v -> CO v | FA1D1     | 0.073 |   9.752 |   -6.663 | 
     | 4                                                  |              |           |       |         |          | 
     | sfp_instance/div7/div_19/u_div_u_fa_PartRem_0_15_1 | CI v -> CO v | FA1D2     | 0.089 |   9.841 |   -6.574 | 
     | 5                                                  |              |           |       |         |          | 
     | sfp_instance/div7/div_19/U589_dup                  | A1 v -> Z v  | AN2D8     | 0.061 |   9.902 |   -6.513 | 
     | sfp_instance/div7/div_19/FE_RC_55369_0             | A1 v -> ZN ^ | ND2D8     | 0.022 |   9.924 |   -6.491 | 
     | sfp_instance/div7/div_19/FE_RC_34295_0             | I ^ -> ZN v  | INVD6     | 0.017 |   9.942 |   -6.473 | 
     | sfp_instance/div7/div_19/FE_RC_34294_0             | A1 v -> ZN ^ | NR2XD4    | 0.020 |   9.961 |   -6.453 | 
     | sfp_instance/div7/div_19/FE_RC_34243_0             | A1 ^ -> ZN v | OAI21D4   | 0.029 |   9.990 |   -6.424 | 
     | sfp_instance/div7/div_19/FE_RC_64045_0             | A1 v -> ZN ^ | ND2D4     | 0.024 |  10.015 |   -6.400 | 
     | sfp_instance/div7/div_19/FE_RC_64044_0             | A1 ^ -> ZN v | CKND2D4   | 0.023 |  10.038 |   -6.377 | 
     | sfp_instance/div7/div_19/FE_RC_46646_0             | A1 v -> ZN ^ | ND2D2     | 0.021 |  10.059 |   -6.356 | 
     | sfp_instance/div7/div_19/FE_RC_46645_0             | A1 ^ -> ZN v | ND2D2     | 0.026 |  10.085 |   -6.330 | 
     | sfp_instance/div7/div_19/u_div_u_fa_PartRem_0_14_4 | CI v -> CO v | FA1D1     | 0.075 |  10.160 |   -6.255 | 
     | sfp_instance/div7/div_19/u_div_u_fa_PartRem_0_14_5 | CI v -> CO v | FA1D1     | 0.079 |  10.239 |   -6.176 | 
     | sfp_instance/div7/div_19/u_div_u_fa_PartRem_0_14_6 | CI v -> CO v | FA1D1     | 0.076 |  10.314 |   -6.100 | 
     | sfp_instance/div7/div_19/u_div_u_fa_PartRem_0_14_7 | CI v -> CO v | FA1D1     | 0.075 |  10.389 |   -6.026 | 
     | sfp_instance/div7/div_19/u_div_u_fa_PartRem_0_14_8 | CI v -> CO v | FA1D1     | 0.074 |  10.463 |   -5.951 | 
     | sfp_instance/div7/div_19/u_div_u_fa_PartRem_0_14_9 | CI v -> CO v | FA1D2     | 0.086 |  10.549 |   -5.866 | 
     | sfp_instance/div7/div_19/FE_RC_37876_0             | A1 v -> ZN ^ | ND2D3     | 0.030 |  10.579 |   -5.835 | 
     | sfp_instance/div7/div_19/FE_RC_37900_0             | A1 ^ -> ZN v | CKND2D4   | 0.025 |  10.604 |   -5.811 | 
     | sfp_instance/div7/div_19/FE_RC_39173_0             | B1 v -> ZN ^ | IND2D4    | 0.025 |  10.629 |   -5.786 | 
     | sfp_instance/div7/div_19/FE_RC_41537_0             | A1 ^ -> ZN v | OAI21D4   | 0.023 |  10.652 |   -5.762 | 
     | sfp_instance/div7/div_19/u_div_u_fa_PartRem_0_14_1 | CI v -> CO v | FA1D2     | 0.083 |  10.735 |   -5.680 | 
     | 6                                                  |              |           |       |         |          | 
     | sfp_instance/div7/div_19/U587                      | A1 v -> Z v  | AN2D4     | 0.055 |  10.789 |   -5.625 | 
     | sfp_instance/div7/div_19/FE_RC_55723_0             | B1 v -> ZN ^ | IND2D4    | 0.021 |  10.810 |   -5.605 | 
     | sfp_instance/div7/div_19/FE_RC_41325_0             | B ^ -> ZN v  | OAI21D4   | 0.039 |  10.849 |   -5.565 | 
     | sfp_instance/div7/div_19/FE_RC_8132_0              | B1 v -> ZN ^ | IND2D4    | 0.030 |  10.880 |   -5.535 | 
     | sfp_instance/div7/div_19/FE_RC_8131_0              | A1 ^ -> ZN v | CKND2D4   | 0.026 |  10.906 |   -5.509 | 
     | sfp_instance/div7/div_19/FE_RC_24428_0             | A1 v -> ZN ^ | ND2D4     | 0.024 |  10.929 |   -5.485 | 
     | sfp_instance/div7/div_19/FE_RC_24427_0             | A1 ^ -> ZN v | CKND2D4   | 0.024 |  10.953 |   -5.461 | 
     | sfp_instance/div7/div_19/FE_RC_53540_0             | B1 v -> ZN ^ | IND2D4    | 0.020 |  10.973 |   -5.441 | 
     | sfp_instance/div7/div_19/FE_RC_53539_0             | A1 ^ -> ZN v | CKND2D4   | 0.019 |  10.992 |   -5.422 | 
     | sfp_instance/div7/div_19/u_div_u_fa_PartRem_0_13_4 | CI v -> CO v | FA1D1     | 0.069 |  11.061 |   -5.353 | 
     | sfp_instance/div7/div_19/u_div_u_fa_PartRem_0_13_5 | CI v -> CO v | FA1D1     | 0.079 |  11.140 |   -5.275 | 
     | sfp_instance/div7/div_19/u_div_u_fa_PartRem_0_13_6 | CI v -> CO v | FA1D1     | 0.074 |  11.214 |   -5.200 | 
     | sfp_instance/div7/div_19/u_div_u_fa_PartRem_0_13_7 | CI v -> CO v | FA1D2     | 0.083 |  11.297 |   -5.118 | 
     | sfp_instance/div7/div_19/FE_RC_16456_0             | A1 v -> ZN ^ | ND2D3     | 0.030 |  11.327 |   -5.088 | 
     | sfp_instance/div7/div_19/FE_RC_19139_0             | A1 ^ -> ZN v | ND2D4     | 0.033 |  11.360 |   -5.054 | 
     | sfp_instance/div7/div_19/FE_RC_55021_0             | B1 v -> ZN ^ | IND2D4    | 0.027 |  11.387 |   -5.027 | 
     | sfp_instance/div7/div_19/FE_RC_55156_0             | A1 ^ -> ZN v | ND2D4     | 0.025 |  11.413 |   -5.002 | 
     | sfp_instance/div7/div_19/FE_RC_55155_0             | A1 v -> ZN ^ | ND2D4     | 0.023 |  11.436 |   -4.979 | 
     | sfp_instance/div7/div_19/FE_RC_64197_0             | B1 ^ -> ZN v | IND2D4    | 0.025 |  11.461 |   -4.954 | 
     | sfp_instance/div7/div_19/FE_RC_64235_0             | A1 v -> ZN ^ | ND2D4     | 0.026 |  11.486 |   -4.928 | 
     | sfp_instance/div7/div_19/FE_RC_64046_0             | A1 ^ -> ZN v | CKND2D8   | 0.040 |  11.527 |   -4.888 | 
     | sfp_instance/div7/div_19/FE_RC_44374_0             | B1 v -> ZN ^ | IND2D4    | 0.028 |  11.555 |   -4.860 | 
     | sfp_instance/div7/div_19/FE_RC_9877_0              | B ^ -> ZN v  | OAI21D4   | 0.037 |  11.592 |   -4.823 | 
     | sfp_instance/div7/div_19/FE_RC_9328_0              | B1 v -> ZN ^ | IND2D4    | 0.026 |  11.618 |   -4.797 | 
     | sfp_instance/div7/div_19/FE_RC_9327_0              | A1 ^ -> ZN v | CKND2D4   | 0.021 |  11.639 |   -4.776 | 
     | sfp_instance/div7/div_19/FE_RC_54881_0             | A1 v -> ZN ^ | ND2D2     | 0.021 |  11.660 |   -4.755 | 
     | sfp_instance/div7/div_19/FE_RC_54880_0             | A1 ^ -> ZN v | CKND2D2   | 0.022 |  11.682 |   -4.732 | 
     | sfp_instance/div7/div_19/u_div_u_fa_PartRem_0_12_3 | CI v -> CO v | FA1D1     | 0.072 |  11.754 |   -4.661 | 
     | sfp_instance/div7/div_19/u_div_u_fa_PartRem_0_12_4 | CI v -> CO v | FA1D1     | 0.074 |  11.828 |   -4.586 | 
     | sfp_instance/div7/div_19/u_div_u_fa_PartRem_0_12_5 | CI v -> CO v | FA1D2     | 0.091 |  11.919 |   -4.495 | 
     | sfp_instance/div7/div_19/FE_RC_8281_0              | B1 v -> ZN ^ | IND2D4    | 0.032 |  11.951 |   -4.463 | 
     | sfp_instance/div7/div_19/FE_RC_64118_0             | B1 ^ -> ZN v | IND2D4    | 0.025 |  11.976 |   -4.438 | 
     | sfp_instance/div7/div_19/FE_RC_64117_0             | B1 v -> ZN ^ | IND2D4    | 0.021 |  11.997 |   -4.417 | 
     | sfp_instance/div7/div_19/FE_RC_64087_0             | A1 ^ -> ZN v | CKND2D4   | 0.020 |  12.018 |   -4.397 | 
     | sfp_instance/div7/div_19/u_div_u_fa_PartRem_0_12_1 | CI v -> CO v | FA1D2     | 0.080 |  12.098 |   -4.317 | 
     | 0                                                  |              |           |       |         |          | 
     | sfp_instance/div7/div_19/FE_RC_52250_0             | A2 v -> ZN ^ | OAI211D4  | 0.049 |  12.146 |   -4.268 | 
     | sfp_instance/div7/div_19/FE_RC_53364_0             | A1 ^ -> ZN v | OAI21D4   | 0.039 |  12.185 |   -4.229 | 
     | sfp_instance/div7/div_19/FE_RC_53363_0             | A1 v -> ZN ^ | ND2D4     | 0.032 |  12.217 |   -4.197 | 
     | sfp_instance/div7/div_19/FE_RC_53350_0             | I ^ -> ZN v  | INVD8     | 0.029 |  12.246 |   -4.169 | 
     | sfp_instance/div7/div_19/FE_RC_749_0               | A1 v -> ZN ^ | ND2D4     | 0.024 |  12.270 |   -4.145 | 
     | sfp_instance/div7/div_19/FE_RC_42261_0             | I ^ -> ZN v  | INVD4     | 0.016 |  12.286 |   -4.129 | 
     | sfp_instance/div7/div_19/FE_RC_54617_0             | A1 v -> ZN ^ | OAI21D4   | 0.034 |  12.320 |   -4.094 | 
     | sfp_instance/div7/div_19/FE_RC_54616_0             | A1 ^ -> ZN v | CKND2D4   | 0.028 |  12.349 |   -4.066 | 
     | sfp_instance/div7/div_19/FE_RC_25666_0             | A1 v -> ZN ^ | ND2D2     | 0.023 |  12.371 |   -4.044 | 
     | sfp_instance/div7/div_19/FE_RC_25665_0             | A1 ^ -> ZN v | CKND2D2   | 0.023 |  12.394 |   -4.020 | 
     | sfp_instance/div7/div_19/u_div_u_fa_PartRem_0_11_3 | CI v -> CO v | FA1D1     | 0.070 |  12.464 |   -3.951 | 
     | sfp_instance/div7/div_19/u_div_u_fa_PartRem_0_11_4 | CI v -> CO v | FA1D2     | 0.084 |  12.548 |   -3.867 | 
     | sfp_instance/div7/div_19/FE_RC_55092_0             | A1 v -> ZN ^ | OAI21D4   | 0.044 |  12.592 |   -3.823 | 
     | sfp_instance/div7/div_19/FE_RC_19243_0             | A1 ^ -> ZN v | ND2D4     | 0.032 |  12.624 |   -3.790 | 
     | sfp_instance/div7/div_19/FE_RC_10215_0             | A1 v -> ZN ^ | ND2D4     | 0.021 |  12.645 |   -3.770 | 
     | sfp_instance/div7/div_19/FE_RC_10214_0             | A1 ^ -> ZN v | CKND2D4   | 0.023 |  12.667 |   -3.747 | 
     | sfp_instance/div7/div_19/FE_RC_26229_0             | A1 v -> ZN ^ | ND2D4     | 0.021 |  12.688 |   -3.726 | 
     | sfp_instance/div7/div_19/FE_RC_26228_0             | A1 ^ -> ZN v | CKND2D4   | 0.023 |  12.712 |   -3.703 | 
     | sfp_instance/div7/div_19/FE_RC_28888_0             | A1 v -> ZN ^ | ND2D4     | 0.024 |  12.735 |   -3.679 | 
     | sfp_instance/div7/div_19/FE_RC_32642_0             | B1 ^ -> ZN v | IND2D4    | 0.026 |  12.762 |   -3.653 | 
     | sfp_instance/div7/div_19/FE_RC_42811_0             | A1 v -> ZN ^ | ND2D4     | 0.023 |  12.784 |   -3.631 | 
     | sfp_instance/div7/div_19/FE_RC_42810_0             | A1 ^ -> ZN v | CKND2D4   | 0.020 |  12.804 |   -3.611 | 
     | sfp_instance/div7/div_19/FE_RC_42850_0             | A1 v -> ZN ^ | ND2D3     | 0.020 |  12.824 |   -3.591 | 
     | sfp_instance/div7/div_19/FE_RC_42849_0             | A1 ^ -> ZN v | CKND2D4   | 0.026 |  12.849 |   -3.565 | 
     | sfp_instance/div7/div_19/FE_RC_53760_0             | A1 v -> ZN ^ | ND2D3     | 0.021 |  12.871 |   -3.544 | 
     | sfp_instance/div7/div_19/FE_RC_53759_0             | A1 ^ -> ZN v | ND2D3     | 0.031 |  12.901 |   -3.513 | 
     | sfp_instance/div7/div_19/FE_RC_63995_0             | A1 v -> ZN ^ | ND2D2     | 0.024 |  12.925 |   -3.490 | 
     | sfp_instance/div7/div_19/FE_RC_64021_0             | B ^ -> ZN v  | IOA21D2   | 0.026 |  12.951 |   -3.463 | 
     | sfp_instance/div7/div_19/u_div_u_fa_PartRem_0_11_1 | CI v -> CO v | FA1D2     | 0.085 |  13.037 |   -3.378 | 
     | 9                                                  |              |           |       |         |          | 
     | sfp_instance/div7/div_19/U581_dup                  | A1 v -> Z v  | AN2D4     | 0.060 |  13.097 |   -3.318 | 
     | sfp_instance/div7/div_19/FE_RC_55147_0             | B1 v -> ZN ^ | INR2D4    | 0.031 |  13.128 |   -3.287 | 
     | sfp_instance/div7/div_19/FE_OCPC14913_FE_RN_33197_ | I ^ -> ZN v  | CKND4     | 0.020 |  13.148 |   -3.266 | 
     | 0                                                  |              |           |       |         |          | 
     | sfp_instance/div7/div_19/FE_RC_3149_0              | A1 v -> ZN ^ | ND2D4     | 0.018 |  13.166 |   -3.248 | 
     | sfp_instance/div7/div_19/FE_RC_22342_0             | A1 ^ -> ZN v | AOI21D4   | 0.027 |  13.194 |   -3.221 | 
     | sfp_instance/div7/div_19/FE_RC_36597_0             | A1 v -> ZN ^ | OAI21D4   | 0.039 |  13.233 |   -3.182 | 
     | sfp_instance/div7/div_19/FE_RC_44801_0             | A1 ^ -> ZN v | ND2D2     | 0.027 |  13.260 |   -3.155 | 
     | sfp_instance/div7/div_19/FE_RC_44800_0             | A1 v -> ZN ^ | ND2D2     | 0.021 |  13.281 |   -3.134 | 
     | sfp_instance/div7/div_19/u_div_u_fa_PartRem_0_10_4 | CI ^ -> CO ^ | FA1D2     | 0.070 |  13.351 |   -3.064 | 
     | sfp_instance/div7/div_19/FE_RC_48677_0             | A1 ^ -> ZN v | OAI21D4   | 0.033 |  13.384 |   -3.031 | 
     | sfp_instance/div7/div_19/FE_RC_45488_0             | A1 v -> ZN ^ | CKND2D4   | 0.029 |  13.413 |   -3.002 | 
     | sfp_instance/div7/div_19/FE_RC_45694_0             | A1 ^ -> ZN v | ND2D4     | 0.026 |  13.439 |   -2.976 | 
     | sfp_instance/div7/div_19/FE_RC_45693_0             | A1 v -> ZN ^ | ND2D4     | 0.022 |  13.460 |   -2.954 | 
     | sfp_instance/div7/div_19/FE_RC_45037_0_dup         | A2 ^ -> ZN v | OAI211D4  | 0.041 |  13.501 |   -2.913 | 
     | sfp_instance/div7/div_19/FE_RC_39561_0             | A1 v -> ZN ^ | OAI21D4   | 0.048 |  13.549 |   -2.866 | 
     | sfp_instance/div7/div_19/FE_RC_64074_0             | B1 ^ -> ZN v | IND2D4    | 0.031 |  13.580 |   -2.835 | 
     | sfp_instance/div7/div_19/FE_RC_64073_0             | A1 v -> ZN ^ | ND2D4     | 0.024 |  13.604 |   -2.811 | 
     | sfp_instance/div7/div_19/FE_RC_42753_0             | A2 ^ -> ZN v | OAI211D4  | 0.039 |  13.643 |   -2.772 | 
     | sfp_instance/div7/div_19/FE_RC_52140_0             | A2 v -> ZN ^ | OAI211D4  | 0.046 |  13.689 |   -2.726 | 
     | sfp_instance/div7/div_19/FE_RC_56407_0             | A1 ^ -> ZN v | ND2D2     | 0.029 |  13.718 |   -2.696 | 
     | sfp_instance/div7/div_19/FE_RC_56406_0             | B v -> ZN ^  | IOA21D2   | 0.024 |  13.742 |   -2.673 | 
     | sfp_instance/div7/div_19/u_div_u_fa_PartRem_0_10_2 | CI ^ -> CO ^ | FA1D2     | 0.070 |  13.812 |   -2.602 | 
     | 0                                                  |              |           |       |         |          | 
     | sfp_instance/div7/div_19/FE_RC_1203_0_dup          | A1 ^ -> Z ^  | AN2D4     | 0.068 |  13.881 |   -2.534 | 
     | sfp_instance/div7/div_19/FE_RC_22059_0             | A1 ^ -> ZN v | NR2XD4    | 0.025 |  13.905 |   -2.509 | 
     | sfp_instance/div7/div_19/FE_OCPC10331_FE_RN_16612_ | I v -> ZN ^  | CKND6     | 0.022 |  13.928 |   -2.487 | 
     | 0                                                  |              |           |       |         |          | 
     | sfp_instance/div7/div_19/FE_RC_30929_0             | A2 ^ -> ZN v | CKND2D4   | 0.026 |  13.954 |   -2.461 | 
     | sfp_instance/div7/div_19/FE_RC_30833_0             | B1 v -> ZN ^ | IND2D4    | 0.020 |  13.974 |   -2.440 | 
     | sfp_instance/div7/div_19/FE_RC_47369_0             | B ^ -> ZN v  | OAI211D4  | 0.047 |  14.021 |   -2.394 | 
     | sfp_instance/div7/div_19/u_div_u_fa_PartRem_0_9_3  | CI v -> CO v | FA1D1     | 0.075 |  14.096 |   -2.319 | 
     | sfp_instance/div7/div_19/u_div_u_fa_PartRem_0_9_4  | CI v -> CO v | FA1D2     | 0.084 |  14.180 |   -2.235 | 
     | sfp_instance/div7/div_19/FE_RC_16260_0             | B1 v -> ZN ^ | IND2D4    | 0.028 |  14.208 |   -2.207 | 
     | sfp_instance/div7/div_19/FE_RC_16259_0             | A1 ^ -> ZN v | ND2D4     | 0.024 |  14.232 |   -2.183 | 
     | sfp_instance/div7/div_19/FE_RC_51972_0             | A1 v -> ZN ^ | CKND2D4   | 0.025 |  14.257 |   -2.158 | 
     | sfp_instance/div7/div_19/FE_RC_51971_0             | A1 ^ -> ZN v | ND2D4     | 0.027 |  14.284 |   -2.131 | 
     | sfp_instance/div7/div_19/FE_RC_64035_0             | B1 v -> ZN ^ | IND2D4    | 0.022 |  14.306 |   -2.109 | 
     | sfp_instance/div7/div_19/FE_RC_64033_0             | B1 ^ -> ZN v | IND2D4    | 0.027 |  14.333 |   -2.082 | 
     | sfp_instance/div7/div_19/FE_RC_44145_0             | A1 v -> ZN ^ | AOI21D4   | 0.039 |  14.372 |   -2.043 | 
     | sfp_instance/div7/div_19/FE_RC_44144_0             | A1 ^ -> ZN v | OAI21D4   | 0.039 |  14.411 |   -2.003 | 
     | sfp_instance/div7/div_19/FE_RC_9988_0              | B1 v -> ZN ^ | IND2D4    | 0.026 |  14.437 |   -1.977 | 
     | sfp_instance/div7/div_19/FE_RC_23172_0             | A1 ^ -> ZN v | OAI21D4   | 0.029 |  14.466 |   -1.949 | 
     | sfp_instance/div7/div_19/FE_RC_41440_0             | A1 v -> ZN ^ | ND2D4     | 0.026 |  14.492 |   -1.922 | 
     | sfp_instance/div7/div_19/FE_RC_47259_0             | A1 ^ -> ZN v | OAI21D4   | 0.030 |  14.522 |   -1.892 | 
     | sfp_instance/div7/div_19/FE_RC_45394_0             | A1 v -> ZN ^ | CKND2D4   | 0.029 |  14.552 |   -1.863 | 
     | sfp_instance/div7/div_19/FE_RC_51977_0             | A2 ^ -> ZN v | OAI211D4  | 0.040 |  14.592 |   -1.823 | 
     | sfp_instance/div7/div_19/FE_RC_51376_0             | A1 v -> ZN ^ | ND2D3     | 0.030 |  14.622 |   -1.793 | 
     | sfp_instance/div7/div_19/FE_RC_51375_0             | A1 ^ -> ZN v | CKND2D4   | 0.030 |  14.652 |   -1.763 | 
     | sfp_instance/div7/div_19/FE_RC_55084_0             | A1 v -> ZN v | INR2XD4   | 0.062 |  14.713 |   -1.702 | 
     | sfp_instance/div7/div_19/FE_RC_45545_0             | B1 v -> ZN ^ | INR2D4    | 0.045 |  14.758 |   -1.657 | 
     | sfp_instance/div7/div_19/FE_RC_57316_0             | B1 ^ -> ZN v | INR2XD2   | 0.030 |  14.788 |   -1.627 | 
     | sfp_instance/div7/div_19/FE_RC_57315_0             | A1 v -> ZN ^ | ND2D4     | 0.024 |  14.812 |   -1.603 | 
     | sfp_instance/div7/div_19/FE_RC_34373_0             | A2 ^ -> ZN v | ND2D4     | 0.024 |  14.836 |   -1.579 | 
     | sfp_instance/div7/div_19/FE_RC_34372_0             | A1 v -> ZN ^ | ND2D2     | 0.023 |  14.859 |   -1.556 | 
     | sfp_instance/div7/div_19/u_div_u_fa_PartRem_0_8_3  | CI ^ -> CO ^ | FA1D1     | 0.063 |  14.922 |   -1.493 | 
     | sfp_instance/div7/div_19/u_div_u_fa_PartRem_0_8_4  | CI ^ -> CO ^ | FA1D2     | 0.066 |  14.988 |   -1.427 | 
     | sfp_instance/div7/div_19/FE_RC_54199_0             | A1 ^ -> ZN v | CKND2D2   | 0.026 |  15.013 |   -1.402 | 
     | sfp_instance/div7/div_19/FE_RC_54198_0             | A1 v -> ZN ^ | ND2D2     | 0.022 |  15.035 |   -1.379 | 
     | sfp_instance/div7/div_19/FE_RC_45593_0             | A1 ^ -> ZN v | CKND2D2   | 0.023 |  15.059 |   -1.356 | 
     | sfp_instance/div7/div_19/FE_RC_45592_0             | A1 v -> ZN ^ | ND2D2     | 0.022 |  15.081 |   -1.334 | 
     | sfp_instance/div7/div_19/FE_RC_48929_0             | A1 ^ -> ZN v | ND2D2     | 0.032 |  15.113 |   -1.301 | 
     | sfp_instance/div7/div_19/FE_RC_48928_0             | A1 v -> ZN ^ | ND2D4     | 0.025 |  15.138 |   -1.276 | 
     | sfp_instance/div7/div_19/FE_RC_54611_0             | A2 ^ -> ZN v | OAI211D4  | 0.044 |  15.182 |   -1.233 | 
     | sfp_instance/div7/div_19/FE_RC_33128_0             | A1 v -> ZN ^ | OAI21D4   | 0.049 |  15.231 |   -1.184 | 
     | sfp_instance/div7/div_19/FE_RC_33189_0             | A1 ^ -> ZN v | CKND2D4   | 0.028 |  15.259 |   -1.156 | 
     | sfp_instance/div7/div_19/FE_RC_33188_0             | A1 v -> ZN ^ | ND2D4     | 0.023 |  15.282 |   -1.133 | 
     | sfp_instance/div7/div_19/FE_RC_38392_0             | A1 ^ -> ZN v | ND2D4     | 0.026 |  15.308 |   -1.106 | 
     | sfp_instance/div7/div_19/FE_RC_52615_0             | A2 v -> ZN ^ | OAI211D4  | 0.045 |  15.354 |   -1.061 | 
     | sfp_instance/div7/div_19/FE_RC_64027_0             | B1 ^ -> ZN v | IND2D4    | 0.038 |  15.392 |   -1.023 | 
     | sfp_instance/div7/div_19/FE_RC_64124_0             | B1 v -> ZN ^ | IND2D4    | 0.033 |  15.425 |   -0.990 | 
     | sfp_instance/div7/div_19/FE_RC_1967_0_dup          | B1 ^ -> ZN v | IND2D4    | 0.030 |  15.455 |   -0.960 | 
     | sfp_instance/div7/div_19/FE_RC_31460_0_dup_dup1    | A1 v -> ZN ^ | OAI21D4   | 0.039 |  15.493 |   -0.921 | 
     | sfp_instance/div7/div_19/FE_RC_45680_0             | A1 ^ -> ZN v | ND2D4     | 0.030 |  15.523 |   -0.892 | 
     | sfp_instance/div7/div_19/FE_RC_45678_0             | B v -> ZN ^  | OAI21D4   | 0.029 |  15.552 |   -0.863 | 
     | sfp_instance/div7/div_19/FE_RC_64072_0             | B1 ^ -> ZN v | IND2D4    | 0.031 |  15.583 |   -0.831 | 
     | sfp_instance/div7/div_19/FE_RC_64071_0             | A1 v -> ZN ^ | ND2D4     | 0.023 |  15.606 |   -0.809 | 
     | sfp_instance/div7/div_19/FE_RC_35002_0             | A1 ^ -> ZN v | ND2D4     | 0.025 |  15.631 |   -0.784 | 
     | sfp_instance/div7/div_19/FE_RC_35001_0             | A1 v -> ZN ^ | CKND2D4   | 0.024 |  15.655 |   -0.759 | 
     | sfp_instance/div7/div_19/FE_RC_47448_0             | A1 ^ -> ZN v | ND2D4     | 0.023 |  15.678 |   -0.737 | 
     | sfp_instance/div7/div_19/FE_RC_47447_0             | A1 v -> ZN ^ | CKND2D3   | 0.021 |  15.699 |   -0.716 | 
     | sfp_instance/div7/div_19/u_div_u_fa_PartRem_0_7_4  | CI ^ -> CO ^ | FA1D1     | 0.068 |  15.767 |   -0.648 | 
     | sfp_instance/div7/div_19/u_div_u_fa_PartRem_0_7_5  | CI ^ -> CO ^ | FA1D2     | 0.073 |  15.840 |   -0.574 | 
     | sfp_instance/div7/div_19/FE_RC_35677_0             | A2 ^ -> ZN v | OAI211D4  | 0.042 |  15.882 |   -0.532 | 
     | sfp_instance/div7/div_19/FE_RC_35676_0             | A1 v -> ZN ^ | ND2D4     | 0.030 |  15.912 |   -0.503 | 
     | sfp_instance/div7/div_19/FE_RC_9922_0              | A1 ^ -> ZN v | ND2D4     | 0.030 |  15.941 |   -0.473 | 
     | sfp_instance/div7/div_19/FE_RC_32190_0             | A1 v -> ZN ^ | OAI21D4   | 0.038 |  15.980 |   -0.435 | 
     | sfp_instance/div7/div_19/FE_RC_52016_0             | A1 ^ -> ZN v | OAI21D4   | 0.035 |  16.014 |   -0.400 | 
     | sfp_instance/div7/div_19/FE_RC_52264_0             | A1 v -> ZN ^ | OAI21D4   | 0.051 |  16.065 |   -0.350 | 
     | sfp_instance/div7/div_19/FE_RC_52246_0             | A2 ^ -> ZN v | OAI211D4  | 0.057 |  16.122 |   -0.293 | 
     | sfp_instance/div7/div_19/FE_RC_57073_0             | A1 v -> ZN ^ | OAI21D4   | 0.044 |  16.166 |   -0.249 | 
     | sfp_instance/div7/div_19/u_div_u_fa_PartRem_0_7_21 | CI ^ -> CO ^ | FA1D2     | 0.064 |  16.229 |   -0.186 | 
     | sfp_instance/div7/div_19/u_div_u_fa_PartRem_0_7_22 | CI ^ -> CO ^ | FA1D1     | 0.066 |  16.296 |   -0.119 | 
     | sfp_instance/div7/div_19/u_div_u_fa_PartRem_0_7_23 | CI ^ -> CO ^ | FA1D2     | 0.070 |  16.366 |   -0.049 | 
     | sfp_instance/div7/div_19/FE_OFC1886_u_div_CryTmp_7 | I ^ -> ZN v  | INVD4     | 0.029 |  16.395 |   -0.020 | 
     | __24_                                              |              |           |       |         |          | 
     | sfp_instance/div7/div_19/FE_OFC1887_u_div_CryTmp_7 | I v -> ZN ^  | INVD12    | 0.033 |  16.428 |    0.013 | 
     | __24_                                              |              |           |       |         |          | 
     | sfp_instance/div7/div_19/FE_OCPC9309_FE_OFN1887_u_ | I ^ -> Z ^   | BUFFD16   | 0.058 |  16.486 |    0.072 | 
     | div_CryTmp_7__24_                                  |              |           |       |         |          | 
     | sfp_instance/div7/div_19/FE_RC_55348_0             | B1 ^ -> ZN v | INR2D4    | 0.017 |  16.503 |    0.088 | 
     | sfp_instance/div7/div_19/FE_RC_44716_0             | A1 v -> ZN v | IND2D4    | 0.049 |  16.552 |    0.138 | 
     | sfp_instance/div7/div_19/u_div_u_fa_PartRem_0_6_4  | A v -> CO v  | FA1D1     | 0.145 |  16.697 |    0.283 | 
     | sfp_instance/div7/div_19/u_div_u_fa_PartRem_0_6_5  | CI v -> CO v | FA1D2     | 0.090 |  16.787 |    0.372 | 
     | sfp_instance/div7/div_19/FE_RC_32233_0             | B1 v -> ZN ^ | IND2D4    | 0.028 |  16.815 |    0.400 | 
     | sfp_instance/div7/div_19/FE_RC_30598_0             | A1 ^ -> ZN v | ND2D4     | 0.028 |  16.843 |    0.428 | 
     | sfp_instance/div7/div_19/FE_RC_30723_0             | A1 v -> ZN ^ | ND2D4     | 0.024 |  16.866 |    0.452 | 
     | sfp_instance/div7/div_19/FE_RC_38100_0             | A2 ^ -> ZN v | OAI211D4  | 0.032 |  16.899 |    0.484 | 
     | sfp_instance/div7/div_19/FE_RC_39426_0             | A1 v -> ZN ^ | ND2D2     | 0.030 |  16.929 |    0.514 | 
     | sfp_instance/div7/div_19/FE_RC_47818_0             | A1 ^ -> ZN v | CKND2D4   | 0.026 |  16.954 |    0.540 | 
     | sfp_instance/div7/div_19/FE_RC_39286_0             | A1 v -> ZN ^ | CKND2D4   | 0.030 |  16.984 |    0.569 | 
     | sfp_instance/div7/div_19/FE_RC_39285_0             | B1 ^ -> ZN v | IND2D4    | 0.027 |  17.011 |    0.597 | 
     | sfp_instance/div7/div_19/FE_RC_4252_0              | B1 v -> ZN ^ | IND2D4    | 0.027 |  17.039 |    0.624 | 
     | sfp_instance/div7/div_19/FE_RC_37330_0             | B1 ^ -> ZN v | IND2D4    | 0.031 |  17.070 |    0.656 | 
     | sfp_instance/div7/div_19/FE_RC_37329_0             | A1 v -> ZN ^ | CKND2D8   | 0.034 |  17.105 |    0.690 | 
     | sfp_instance/div7/div_19/FE_RC_36724_0             | A1 ^ -> ZN v | ND2D8     | 0.036 |  17.141 |    0.726 | 
     | sfp_instance/div7/div_19/FE_RC_11703_0_dup         | A1 v -> ZN v | IND2D4    | 0.057 |  17.198 |    0.783 | 
     | sfp_instance/div7/div_19/FE_RC_29535_0             | B2 v -> ZN ^ | IND3D4    | 0.026 |  17.224 |    0.809 | 
     | sfp_instance/div7/div_19/FE_RC_32025_0             | A1 ^ -> ZN v | CKND2D4   | 0.026 |  17.250 |    0.835 | 
     | sfp_instance/div7/div_19/FE_RC_32024_0             | A1 v -> ZN ^ | ND2D4     | 0.022 |  17.271 |    0.857 | 
     | sfp_instance/div7/div_19/FE_RC_48464_0             | A1 ^ -> ZN v | ND2D2     | 0.025 |  17.297 |    0.882 | 
     | sfp_instance/div7/div_19/FE_RC_48463_0             | A1 v -> ZN ^ | ND2D2     | 0.022 |  17.319 |    0.904 | 
     | sfp_instance/div7/div_19/u_div_u_fa_PartRem_0_5_4  | CI ^ -> CO ^ | FA1D1     | 0.077 |  17.396 |    0.982 | 
     | sfp_instance/div7/div_19/u_div_u_fa_PartRem_0_5_5  | CI ^ -> CO ^ | FA1D1     | 0.071 |  17.468 |    1.053 | 
     | sfp_instance/div7/div_19/u_div_u_fa_PartRem_0_5_6  | CI ^ -> CO ^ | FA1D2     | 0.079 |  17.546 |    1.132 | 
     | sfp_instance/div7/div_19/FE_RC_28590_0             | A2 ^ -> ZN v | OAI211D4  | 0.044 |  17.591 |    1.176 | 
     | sfp_instance/div7/div_19/FE_RC_24704_0             | A1 v -> ZN ^ | ND2D4     | 0.030 |  17.620 |    1.206 | 
     | sfp_instance/div7/div_19/FE_RC_4834_0              | B1 ^ -> ZN v | IND2D4    | 0.034 |  17.654 |    1.240 | 
     | sfp_instance/div7/div_19/FE_RC_52156_0             | A1 v -> ZN ^ | OAI21D4   | 0.042 |  17.696 |    1.281 | 
     | sfp_instance/div7/div_19/FE_RC_54195_0             | A1 ^ -> ZN v | ND2D4     | 0.035 |  17.731 |    1.317 | 
     | sfp_instance/div7/div_19/FE_RC_54194_0             | A1 v -> ZN ^ | ND2D4     | 0.028 |  17.759 |    1.345 | 
     | sfp_instance/div7/div_19/FE_RC_42819_0             | B1 ^ -> ZN v | IND2D4    | 0.028 |  17.788 |    1.373 | 
     | sfp_instance/div7/div_19/FE_RC_51952_0             | A2 v -> ZN ^ | OAI211D4  | 0.047 |  17.835 |    1.420 | 
     | sfp_instance/div7/div_19/FE_RC_4435_0              | B1 ^ -> ZN v | IND2D4    | 0.042 |  17.877 |    1.462 | 
     | sfp_instance/div7/div_19/FE_RC_52271_0             | A1 v -> ZN ^ | OAI21D4   | 0.045 |  17.921 |    1.507 | 
     | sfp_instance/div7/div_19/FE_RC_54185_0             | A1 ^ -> ZN v | ND2D4     | 0.037 |  17.958 |    1.544 | 
     | sfp_instance/div7/div_19/FE_RC_64361_0             | B1 v -> ZN ^ | IND2D4    | 0.032 |  17.990 |    1.575 | 
     | sfp_instance/div7/div_19/FE_RC_51856_0             | A1 ^ -> ZN v | CKND2D8   | 0.033 |  18.023 |    1.608 | 
     | sfp_instance/div7/div_19/FE_RC_55550_0             | A1 v -> ZN ^ | ND2D8     | 0.027 |  18.050 |    1.635 | 
     | sfp_instance/div7/div_19/FE_RC_54800_0             | B1 ^ -> ZN v | IND2D4    | 0.024 |  18.074 |    1.660 | 
     | sfp_instance/div7/div_19/FE_RC_54798_0             | B1 v -> ZN ^ | IND2D4    | 0.024 |  18.098 |    1.683 | 
     | sfp_instance/div7/div_19/FE_RC_64115_0             | A2 ^ -> ZN v | ND2D4     | 0.031 |  18.129 |    1.715 | 
     | sfp_instance/div7/div_19/FE_RC_25413_0             | A2 v -> ZN ^ | ND2D4     | 0.028 |  18.157 |    1.743 | 
     | sfp_instance/div7/div_19/FE_RC_4981_0              | A1 ^ -> ZN v | ND2D4     | 0.026 |  18.184 |    1.769 | 
     | sfp_instance/div7/div_19/FE_RC_4980_0_dup          | A1 v -> ZN ^ | ND2D3     | 0.023 |  18.206 |    1.792 | 
     | sfp_instance/div7/div_19/FE_RC_2915_0              | A1 ^ -> ZN v | ND2D4     | 0.030 |  18.237 |    1.822 | 
     | sfp_instance/div7/div_19/FE_RC_2914_0              | A1 v -> ZN ^ | ND2D4     | 0.023 |  18.259 |    1.845 | 
     | sfp_instance/div7/div_19/FE_RC_44368_0             | A1 ^ -> ZN v | ND2D2     | 0.026 |  18.285 |    1.871 | 
     | sfp_instance/div7/div_19/FE_RC_25224_0             | A1 v -> ZN ^ | ND2D2     | 0.023 |  18.309 |    1.894 | 
     | sfp_instance/div7/div_19/FE_RC_2607_0              | A1 ^ -> ZN v | ND2D2     | 0.027 |  18.336 |    1.921 | 
     | sfp_instance/div7/div_19/FE_RC_2606_0              | A1 v -> ZN ^ | ND2D3     | 0.025 |  18.361 |    1.946 | 
     | sfp_instance/div7/div_19/FE_RC_64202_0             | B1 ^ -> ZN v | IND2D4    | 0.026 |  18.387 |    1.972 | 
     | sfp_instance/div7/div_19/FE_RC_64201_0             | A1 v -> ZN ^ | ND2D4     | 0.022 |  18.409 |    1.995 | 
     | sfp_instance/div7/div_19/FE_RC_41579_0             | B1 ^ -> ZN v | IND2D4    | 0.029 |  18.438 |    2.024 | 
     | sfp_instance/div7/div_19/FE_RC_41525_0             | A1 v -> ZN ^ | ND2D4     | 0.022 |  18.460 |    2.046 | 
     | sfp_instance/div7/div_19/FE_RC_47518_0             | B1 ^ -> ZN v | IND2D4    | 0.027 |  18.487 |    2.072 | 
     | sfp_instance/div7/div_19/FE_RC_47516_0             | B1 v -> ZN ^ | IND2D4    | 0.022 |  18.509 |    2.094 | 
     | sfp_instance/div7/div_19/FE_RC_64108_0             | B1 ^ -> ZN v | IND2D4    | 0.024 |  18.532 |    2.118 | 
     | sfp_instance/div7/div_19/FE_RC_64107_0             | A1 v -> ZN ^ | ND2D4     | 0.022 |  18.554 |    2.140 | 
     | sfp_instance/div7/div_19/FE_RC_47521_0             | B1 ^ -> ZN v | IND2D4    | 0.031 |  18.585 |    2.171 | 
     | sfp_instance/div7/div_19/FE_RC_64103_0             | B1 v -> ZN ^ | IND2D4    | 0.025 |  18.611 |    2.196 | 
     | sfp_instance/div7/div_19/FE_RC_64102_0             | A1 ^ -> ZN v | ND2D4     | 0.028 |  18.639 |    2.224 | 
     | sfp_instance/div7/div_19/FE_RC_64398_0             | B1 v -> ZN ^ | IND2D4    | 0.025 |  18.663 |    2.249 | 
     | sfp_instance/div7/div_19/FE_RC_24328_0             | A1 ^ -> ZN v | ND2D4     | 0.035 |  18.698 |    2.284 | 
     | sfp_instance/div7/div_19/FE_RC_53327_0             | A2 v -> ZN ^ | OAI211D4  | 0.053 |  18.751 |    2.337 | 
     | sfp_instance/div7/div_19/FE_RC_44453_0             | A1 ^ -> ZN v | ND2D4     | 0.040 |  18.791 |    2.377 | 
     | sfp_instance/div7/div_19/FE_RC_54436_0             | B1 v -> ZN ^ | IND2D4    | 0.029 |  18.821 |    2.406 | 
     | sfp_instance/div7/div_19/FE_RC_54435_0             | A1 ^ -> ZN v | ND2D4     | 0.031 |  18.852 |    2.437 | 
     | sfp_instance/div7/div_19/U79_dup                   | A1 v -> ZN ^ | ND2D8     | 0.037 |  18.889 |    2.474 | 
     | sfp_instance/div7/div_19/FE_RC_26821_0             | A1 ^ -> ZN ^ | IND2D4    | 0.054 |  18.943 |    2.528 | 
     | sfp_instance/div7/div_19/FE_RC_35143_0             | A1 ^ -> ZN v | ND3D8     | 0.036 |  18.979 |    2.565 | 
     | sfp_instance/div7/div_19/FE_RC_4004_0              | A1 v -> ZN ^ | ND2D8     | 0.031 |  19.010 |    2.596 | 
     | sfp_instance/div7/div_19/FE_RC_4003_0              | A1 ^ -> ZN v | ND2D8     | 0.031 |  19.041 |    2.626 | 
     | sfp_instance/div7/div_19/FE_RC_3900_0              | A1 v -> ZN ^ | ND2D4     | 0.021 |  19.062 |    2.647 | 
     | sfp_instance/div7/div_19/FE_RC_3899_0              | A1 ^ -> ZN v | CKND2D4   | 0.020 |  19.082 |    2.667 | 
     | sfp_instance/div7/div_19/u_div_u_fa_PartRem_0_3_4  | CI v -> CO v | FA1D4     | 0.107 |  19.189 |    2.774 | 
     | sfp_instance/div7/div_19/FE_RC_55635_0             | A1 v -> ZN ^ | AOI21D4   | 0.046 |  19.235 |    2.820 | 
     | sfp_instance/div7/div_19/FE_RC_55552_0             | A1 ^ -> ZN v | OAI21D4   | 0.036 |  19.271 |    2.857 | 
     | sfp_instance/div7/div_19/FE_RC_55701_0             | B1 v -> ZN ^ | IND2D4    | 0.027 |  19.298 |    2.884 | 
     | sfp_instance/div7/div_19/FE_RC_52883_0             | A1 ^ -> ZN v | ND2D4     | 0.024 |  19.322 |    2.907 | 
     | sfp_instance/div7/div_19/FE_RC_52882_0             | A1 v -> ZN ^ | ND2D4     | 0.026 |  19.348 |    2.933 | 
     | sfp_instance/div7/div_19/FE_RC_18617_0             | A1 ^ -> ZN v | ND2D8     | 0.030 |  19.377 |    2.963 | 
     | sfp_instance/div7/div_19/FE_RC_56060_0             | B1 v -> ZN ^ | IND2D4    | 0.023 |  19.400 |    2.985 | 
     | sfp_instance/div7/div_19/FE_RC_52972_0             | B1 ^ -> ZN v | IND2D4    | 0.027 |  19.428 |    3.013 | 
     | sfp_instance/div7/div_19/FE_RC_56420_0             | B1 v -> ZN ^ | IND2D4    | 0.027 |  19.454 |    3.040 | 
     | sfp_instance/div7/div_19/FE_RC_54441_0             | B1 ^ -> ZN v | IND2D4    | 0.027 |  19.482 |    3.067 | 
     | sfp_instance/div7/div_19/FE_RC_54440_0             | A1 v -> ZN ^ | ND2D4     | 0.022 |  19.504 |    3.090 | 
     | sfp_instance/div7/div_19/FE_RC_34058_0             | A1 ^ -> ZN v | CKND2D4   | 0.029 |  19.533 |    3.119 | 
     | sfp_instance/div7/div_19/FE_RC_37167_0             | B1 v -> ZN ^ | IND2D4    | 0.028 |  19.562 |    3.147 | 
     | sfp_instance/div7/div_19/FE_RC_37370_0             | B1 ^ -> ZN v | IND2D4    | 0.035 |  19.596 |    3.182 | 
     | sfp_instance/div7/div_19/FE_RC_37298_0             | A1 v -> ZN ^ | ND2D8     | 0.035 |  19.632 |    3.217 | 
     | sfp_instance/div7/div_19/FE_RC_41149_0_dup         | A1 ^ -> ZN v | ND2D8     | 0.044 |  19.675 |    3.261 | 
     | sfp_instance/div7/div_19/FE_RC_41580_0             | A1 v -> ZN ^ | ND2D8     | 0.031 |  19.706 |    3.291 | 
     | sfp_instance/div7/div_19/FE_RC_56067_0             | B1 ^ -> ZN v | IND3D4    | 0.049 |  19.755 |    3.341 | 
     | sfp_instance/div7/div_19/FE_RC_37590_0             | B1 v -> ZN ^ | IND2D4    | 0.027 |  19.782 |    3.368 | 
     | sfp_instance/div7/div_19/FE_RC_42815_0             | A1 ^ -> ZN v | ND2D4     | 0.026 |  19.809 |    3.394 | 
     | sfp_instance/div7/div_19/FE_RC_3274_0              | A1 v -> ZN ^ | CKND2D4   | 0.035 |  19.844 |    3.430 | 
     | sfp_instance/div7/div_19/FE_RC_3273_0              | A1 ^ -> ZN v | ND2D8     | 0.036 |  19.880 |    3.465 | 
     | sfp_instance/div7/div_19/u_div_u_fa_PartRem_0_2_4  | CI v -> CO v | FA1D2     | 0.101 |  19.981 |    3.566 | 
     | sfp_instance/div7/div_19/FE_RC_56056_0             | A2 v -> ZN ^ | OAI211D4  | 0.050 |  20.030 |    3.616 | 
     | sfp_instance/div7/div_19/FE_RC_48941_0             | A1 ^ -> ZN v | CKND2D4   | 0.034 |  20.064 |    3.650 | 
     | sfp_instance/div7/div_19/FE_RC_21700_0             | A2 v -> ZN ^ | OAI211D4  | 0.051 |  20.115 |    3.700 | 
     | sfp_instance/div7/div_19/FE_RC_34110_0             | A1 ^ -> ZN v | OAI21D4   | 0.042 |  20.157 |    3.742 | 
     | sfp_instance/div7/div_19/FE_RC_64313_0             | B1 v -> ZN ^ | IND2D4    | 0.026 |  20.183 |    3.768 | 
     | sfp_instance/div7/div_19/FE_RC_64312_0             | A1 ^ -> ZN v | ND2D4     | 0.026 |  20.209 |    3.794 | 
     | sfp_instance/div7/div_19/FE_RC_55916_0             | A1 v -> ZN ^ | ND2D4     | 0.024 |  20.233 |    3.819 | 
     | sfp_instance/div7/div_19/FE_RC_33470_0             | B1 ^ -> ZN v | IND2D4    | 0.031 |  20.264 |    3.850 | 
     | sfp_instance/div7/div_19/FE_RC_33469_0             | A1 v -> ZN ^ | ND2D4     | 0.029 |  20.293 |    3.878 | 
     | sfp_instance/div7/div_19/FE_RC_52227_0             | A2 ^ -> ZN v | OAI211D4  | 0.044 |  20.337 |    3.922 | 
     | sfp_instance/div7/div_19/FE_RC_52667_0             | B1 v -> ZN ^ | IND2D4    | 0.042 |  20.378 |    3.964 | 
     | sfp_instance/div7/div_19/FE_RC_23076_0_dup         | A1 ^ -> ZN v | CKND2D8   | 0.041 |  20.419 |    4.004 | 
     | sfp_instance/div7/div_19/FE_RC_22813_0_dup         | A1 v -> ZN v | IND2D4    | 0.068 |  20.487 |    4.073 | 
     | sfp_instance/div7/div_19/FE_RC_33465_0             | A1 v -> ZN ^ | ND3D8     | 0.025 |  20.512 |    4.097 | 
     | sfp_instance/div7/div_19/FE_RC_23827_0             | A1 ^ -> ZN v | ND2D4     | 0.035 |  20.547 |    4.133 | 
     | sfp_instance/div7/div_19/FE_RC_41177_0             | A1 v -> ZN ^ | ND2D8     | 0.026 |  20.573 |    4.159 | 
     | sfp_instance/div7/div_19/FE_RC_44342_0             | A1 ^ -> ZN v | ND2D8     | 0.036 |  20.609 |    4.195 | 
     | sfp_instance/div7/div_19/FE_RC_44341_0             | B1 v -> ZN ^ | IND2D4    | 0.026 |  20.635 |    4.221 | 
     | sfp_instance/div7/div_19/FE_RC_41912_0             | A1 ^ -> ZN v | CKND2D4   | 0.024 |  20.659 |    4.245 | 
     | sfp_instance/div7/div_19/FE_RC_41911_0             | A1 v -> ZN ^ | ND2D4     | 0.025 |  20.685 |    4.270 | 
     | sfp_instance/div7/div_19/FE_RC_4304_0              | A1 ^ -> ZN v | ND2D4     | 0.027 |  20.712 |    4.297 | 
     | sfp_instance/div7/div_19/FE_RC_4303_0              | A1 v -> ZN ^ | ND2D4     | 0.024 |  20.736 |    4.321 | 
     | sfp_instance/div7/div_19/FE_RC_13742_0             | A1 ^ -> ZN v | ND2D2     | 0.027 |  20.763 |    4.348 | 
     | sfp_instance/div7/div_19/FE_RC_18740_0             | A1 v -> ZN ^ | ND2D2     | 0.024 |  20.787 |    4.373 | 
     | sfp_instance/div7/div_19/FE_RC_23915_0             | A1 ^ -> ZN v | ND2D2     | 0.029 |  20.816 |    4.402 | 
     | sfp_instance/div7/div_19/FE_RC_23914_0             | A1 v -> ZN ^ | ND2D3     | 0.026 |  20.842 |    4.427 | 
     | sfp_instance/div7/div_19/FE_RC_42678_0             | A1 ^ -> ZN v | ND2D4     | 0.033 |  20.875 |    4.460 | 
     | sfp_instance/div7/div_19/FE_RC_48440_0             | A2 v -> ZN ^ | OAI211D4  | 0.037 |  20.913 |    4.498 | 
     | sfp_instance/div7/div_19/FE_RC_48735_0             | A1 ^ -> ZN v | CKND2D2   | 0.030 |  20.943 |    4.528 | 
     | sfp_instance/div7/div_19/FE_RC_63985_0             | B v -> ZN ^  | IOA21D2   | 0.025 |  20.968 |    4.553 | 
     | sfp_instance/div7/div_19/u_div_u_fa_PartRem_0_1_11 | CI ^ -> CO ^ | FA1D2     | 0.080 |  21.048 |    4.633 | 
     | sfp_instance/div7/div_19/FE_RC_12815_0             | B1 ^ -> ZN v | IND2D4    | 0.034 |  21.081 |    4.667 | 
     | sfp_instance/div7/div_19/FE_RC_48367_0             | B1 v -> ZN ^ | IND2D4    | 0.025 |  21.107 |    4.692 | 
     | sfp_instance/div7/div_19/FE_RC_48366_0             | A1 ^ -> ZN v | CKND2D8   | 0.036 |  21.143 |    4.728 | 
     | sfp_instance/div7/div_19/FE_RC_48365_0             | B1 v -> ZN ^ | IND2D4    | 0.030 |  21.173 |    4.758 | 
     | sfp_instance/div7/div_19/FE_RC_48364_0             | A1 ^ -> ZN v | ND2D8     | 0.045 |  21.217 |    4.803 | 
     | sfp_instance/div7/div_19/FE_RC_48670_0             | A1 v -> ZN ^ | OAI21D4   | 0.053 |  21.270 |    4.856 | 
     | sfp_instance/div7/div_19/FE_RC_44619_0             | A1 ^ -> Z ^  | AN2D4     | 0.058 |  21.329 |    4.914 | 
     | sfp_instance/div7/div_19/FE_RC_43961_0             | A1 ^ -> ZN v | NR2D4     | 0.016 |  21.344 |    4.930 | 
     | sfp_instance/div7/div_19/FE_RC_30827_0             | A2 v -> ZN ^ | NR2XD2    | 0.035 |  21.380 |    4.965 | 
     | sfp_instance/div7/div_19/FE_RC_30826_0             | B1 ^ -> ZN v | INR2D4    | 0.020 |  21.399 |    4.985 | 
     | sfp_instance/div7/div_19/FE_RC_45589_0             | A1 v -> ZN ^ | OAI21D4   | 0.044 |  21.443 |    5.028 | 
     | sfp_instance/div7/div_19/FE_RC_21238_0             | A1 ^ -> ZN v | AOI21D4   | 0.054 |  21.497 |    5.082 | 
     | sfp_instance/div7/div_19/FE_RC_21237_0             | A1 v -> ZN ^ | OAI21D4   | 0.050 |  21.547 |    5.133 | 
     | sfp_instance/div7/div_19/FE_RC_54412_0             | B1 ^ -> ZN v | IND2D4    | 0.032 |  21.579 |    5.164 | 
     | sfp_instance/div7/div_19/FE_RC_54411_0             | A1 v -> ZN ^ | ND2D4     | 0.025 |  21.604 |    5.190 | 
     | sfp_instance/div7/div_19/FE_RC_39318_0             | A1 ^ -> ZN v | AOI21D4   | 0.028 |  21.632 |    5.217 | 
     | sfp_instance/div7/div_19/FE_RC_30810_0             | A1 v -> ZN ^ | OAI21D4   | 0.037 |  21.668 |    5.254 | 
     | sfp_instance/div7/div_19/FE_RC_54492_0             | B1 ^ -> ZN v | IND2D4    | 0.028 |  21.697 |    5.282 | 
     | sfp_instance/div7/div_19/FE_RC_30177_0             | A1 v -> ZN ^ | ND2D4     | 0.022 |  21.719 |    5.304 | 
     | sfp_instance/div7/div_19/FE_RC_55551_0             | B1 ^ -> ZN v | IND2D4    | 0.035 |  21.754 |    5.339 | 
     | sfp_instance/div7/div_19/FE_RC_30091_0             | A1 v -> ZN ^ | AOI21D4   | 0.043 |  21.797 |    5.383 | 
     | sfp_instance/div7/div_19/FE_RC_39566_0             | A1 ^ -> ZN v | OAI21D4   | 0.035 |  21.832 |    5.417 | 
     | sfp_instance/div7/div_19/FE_RC_32231_0             | A1 v -> ZN ^ | OAI21D4   | 0.041 |  21.873 |    5.458 | 
     | sfp_instance/div7/div_19/FE_RC_64311_0             | B1 ^ -> ZN v | IND2D4    | 0.040 |  21.913 |    5.498 | 
     | sfp_instance/div7/div_19/FE_RC_64310_0             | A1 v -> ZN ^ | CKND2D8   | 0.036 |  21.948 |    5.534 | 
     | sfp_instance/sfp_out_sign7_reg_0_                  | D ^          | EDFKCNQD1 | 0.001 |  21.950 |    5.535 | 
     +------------------------------------------------------------------------------------------------------------+ 
Path 3: VIOLATED Setup Check with Pin sfp_instance/sfp_out_sign2_reg_0_/CP 
Endpoint:   sfp_instance/sfp_out_sign2_reg_0_/D        (v) checked with  
leading edge of 'clk'
Beginpoint: sfp_instance/fifo_inst_int/rd_ptr_reg_0_/Q (v) triggered by  
leading edge of 'clk'
Path Groups: {clk}
Analysis View: WC_VIEW
Other End Arrival Time          4.686
- Setup                         0.138
+ Phase Shift                   1.000
+ CPPR Adjustment               0.000
= Required Time                 5.549
- Arrival Time                 21.859
= Slack Time                  -16.310
     Clock Rise Edge                 0.000
     + Clock Network Latency (Prop)  1.058
     = Beginpoint Arrival Time       1.058
     +------------------------------------------------------------------------------------------------------------+ 
     |                      Instance                      |     Arc      |   Cell    | Delay | Arrival | Required | 
     |                                                    |              |           |       |  Time   |   Time   | 
     |----------------------------------------------------+--------------+-----------+-------+---------+----------| 
     | sfp_instance/fifo_inst_int/rd_ptr_reg_0_           | CP ^         |           |       |   1.058 |  -15.252 | 
     | sfp_instance/fifo_inst_int/rd_ptr_reg_0_           | CP ^ -> Q v  | EDFKCNQD4 | 0.145 |   1.203 |  -15.107 | 
     | sfp_instance/fifo_inst_int/FE_OCPC10112_rd_ptr_0_  | I v -> ZN ^  | CKND16    | 0.036 |   1.239 |  -15.071 | 
     | sfp_instance/fifo_inst_int/FE_OCPC12454_rd_ptr_0_  | I ^ -> ZN v  | INVD16    | 0.034 |   1.273 |  -15.037 | 
     | sfp_instance/fifo_inst_int/fifo_mux_16_1a/FE_OCPC1 | I v -> ZN ^  | INVD16    | 0.029 |   1.302 |  -15.008 | 
     | 2457_rd_ptr_0_                                     |              |           |       |         |          | 
     | sfp_instance/fifo_inst_int/fifo_mux_16_1a/FE_OCPC1 | I ^ -> ZN v  | CKND16    | 0.030 |   1.332 |  -14.978 | 
     | 2462_rd_ptr_0_                                     |              |           |       |         |          | 
     | sfp_instance/fifo_inst_int/fifo_mux_16_1a/mux_8_1a | A1 v -> ZN ^ | ND2D4     | 0.023 |   1.354 |  -14.956 | 
     | /fifo_mux_2_1c/FE_RC_15770_0                       |              |           |       |         |          | 
     | sfp_instance/fifo_inst_int/fifo_mux_16_1a/mux_8_1a | B ^ -> ZN v  | OAI21D4   | 0.035 |   1.389 |  -14.921 | 
     | /fifo_mux_2_1c/FE_RC_15769_0                       |              |           |       |         |          | 
     | sfp_instance/fifo_inst_int/fifo_mux_16_1a/mux_8_1a | B1 v -> ZN ^ | IND2D4    | 0.022 |   1.411 |  -14.899 | 
     | /fifo_mux_2_1f/FE_RC_25823_0                       |              |           |       |         |          | 
     | sfp_instance/fifo_inst_int/fifo_mux_16_1a/mux_8_1a | A1 ^ -> ZN v | CKND2D4   | 0.021 |   1.432 |  -14.878 | 
     | /fifo_mux_2_1f/FE_RC_25821_0                       |              |           |       |         |          | 
     | sfp_instance/fifo_inst_int/fifo_mux_16_1a/mux_8_1a | B1 v -> ZN ^ | IND2D4    | 0.019 |   1.451 |  -14.859 | 
     | /fifo_mux_2_1g/FE_RC_46072_0                       |              |           |       |         |          | 
     | sfp_instance/fifo_inst_int/fifo_mux_16_1a/mux_8_1a | A1 ^ -> ZN v | CKND2D4   | 0.022 |   1.473 |  -14.837 | 
     | /fifo_mux_2_1g/FE_RC_46071_0                       |              |           |       |         |          | 
     | sfp_instance/fifo_inst_int/fifo_mux_16_1a/mux_2_1a | B1 v -> ZN ^ | IND2D4    | 0.024 |   1.497 |  -14.813 | 
     | /FE_RC_410_0                                       |              |           |       |         |          | 
     | sfp_instance/fifo_inst_int/fifo_mux_16_1a/mux_2_1a | A1 ^ -> ZN v | ND2D8     | 0.051 |   1.549 |  -14.761 | 
     | /FE_RC_409_0                                       |              |           |       |         |          | 
     | sfp_instance/add_88/FE_RC_54927_0                  | A1 v -> ZN ^ | NR2XD4    | 0.038 |   1.586 |  -14.724 | 
     | sfp_instance/add_88/FE_RC_54928_0                  | I ^ -> ZN v  | INVD4     | 0.019 |   1.605 |  -14.705 | 
     | sfp_instance/add_88/FE_RC_49201_0                  | A1 v -> ZN ^ | ND2D4     | 0.017 |   1.623 |  -14.687 | 
     | sfp_instance/add_88/FE_RC_49200_0                  | A1 ^ -> ZN v | CKND2D4   | 0.022 |   1.645 |  -14.665 | 
     | sfp_instance/add_88/FE_RC_51437_0                  | A1 v -> ZN ^ | ND2D2     | 0.020 |   1.665 |  -14.645 | 
     | sfp_instance/add_88/FE_RC_51436_0                  | A1 ^ -> ZN v | ND2D2     | 0.023 |   1.688 |  -14.622 | 
     | sfp_instance/add_88/U1_4                           | CI v -> CO v | FA1D2     | 0.085 |   1.773 |  -14.537 | 
     | sfp_instance/add_88/FE_RC_64011_0                  | A1 v -> ZN ^ | ND2D4     | 0.029 |   1.802 |  -14.508 | 
     | sfp_instance/add_88/FE_RC_64010_0                  | A1 ^ -> ZN v | CKND2D4   | 0.023 |   1.824 |  -14.486 | 
     | sfp_instance/add_88/U1_6                           | CI v -> CO v | FA1D2     | 0.086 |   1.910 |  -14.400 | 
     | sfp_instance/add_88/FE_RC_11310_0                  | A1 v -> ZN ^ | ND2D4     | 0.032 |   1.942 |  -14.368 | 
     | sfp_instance/add_88/FE_RC_47281_0                  | B1 ^ -> ZN v | IND2D4    | 0.031 |   1.973 |  -14.337 | 
     | sfp_instance/add_88/FE_RC_47280_0                  | A1 v -> ZN ^ | ND2D8     | 0.029 |   2.002 |  -14.308 | 
     | sfp_instance/add_88/FE_RC_47876_0                  | B1 ^ -> ZN v | IND2D4    | 0.026 |   2.028 |  -14.282 | 
     | sfp_instance/add_88/FE_RC_47875_0                  | A1 v -> ZN ^ | ND2D4     | 0.023 |   2.051 |  -14.259 | 
     | sfp_instance/add_88/FE_RC_45316_0                  | A1 ^ -> ZN v | OAI21D4   | 0.023 |   2.074 |  -14.236 | 
     | sfp_instance/add_88/U1_13                          | CI v -> CO v | FA1D2     | 0.086 |   2.160 |  -14.150 | 
     | sfp_instance/add_88/FE_RC_15893_0                  | A1 v -> ZN ^ | CKND2D4   | 0.038 |   2.198 |  -14.112 | 
     | sfp_instance/add_88/FE_RC_15944_0                  | B1 ^ -> ZN v | IND2D4    | 0.032 |   2.230 |  -14.080 | 
     | sfp_instance/add_88/FE_RC_15943_0                  | A1 v -> ZN ^ | ND2D8     | 0.029 |   2.259 |  -14.051 | 
     | sfp_instance/add_88/FE_RC_40_0_dup1_dup            | A1 ^ -> ZN v | CKND2D8   | 0.035 |   2.295 |  -14.015 | 
     | sfp_instance/add_88/FE_RC_42838_0                  | A1 v -> ZN ^ | OAI21D4   | 0.035 |   2.330 |  -13.980 | 
     | sfp_instance/add_88/FE_RC_124_0                    | A1 ^ -> ZN ^ | IND2D4    | 0.047 |   2.377 |  -13.933 | 
     | sfp_instance/FE_OCPC15680_sum_2core_21_            | I ^ -> ZN v  | INVD6     | 0.022 |   2.399 |  -13.911 | 
     | sfp_instance/FE_OCPC15681_sum_2core_21_            | I v -> ZN ^  | INVD16    | 0.032 |   2.431 |  -13.879 | 
     | sfp_instance/FE_OCPC15688_sum_2core_21_            | I ^ -> Z ^   | BUFFD16   | 0.070 |   2.501 |  -13.809 | 
     | sfp_instance/div2/div_19/FE_RC_53046_0             | A1 ^ -> ZN v | NR2XD8    | 0.035 |   2.536 |  -13.774 | 
     | sfp_instance/div2/div_19/FE_RC_54520_0             | I v -> ZN ^  | INVD6     | 0.019 |   2.555 |  -13.755 | 
     | sfp_instance/div2/div_19/FE_RC_54519_0             | A2 ^ -> ZN v | NR2XD4    | 0.024 |   2.579 |  -13.731 | 
     | sfp_instance/div2/div_19/FE_RC_7388_0              | A1 v -> ZN ^ | CKND2D8   | 0.035 |   2.614 |  -13.696 | 
     | sfp_instance/div2/div_19/FE_RC_57603_0             | A1 ^ -> ZN v | NR2XD8    | 0.032 |   2.646 |  -13.664 | 
     | sfp_instance/div2/div_19/FE_RC_21642_0             | A1 v -> ZN ^ | CKND2D8   | 0.034 |   2.680 |  -13.630 | 
     | sfp_instance/div2/div_19/FE_RC_40554_0             | A1 ^ -> ZN v | ND2D4     | 0.024 |   2.704 |  -13.606 | 
     | sfp_instance/div2/div_19/FE_RC_40553_0             | A1 v -> ZN ^ | CKND2D4   | 0.033 |   2.737 |  -13.573 | 
     | sfp_instance/div2/div_19/FE_RC_21786_0             | A1 ^ -> ZN v | NR2XD4    | 0.025 |   2.762 |  -13.548 | 
     | sfp_instance/div2/div_19/U436                      | S v -> Z v   | MUX2D2    | 0.085 |   2.847 |  -13.463 | 
     | sfp_instance/div2/div_19/FE_RC_10480_0             | B1 v -> ZN ^ | IND2D4    | 0.026 |   2.873 |  -13.437 | 
     | sfp_instance/div2/div_19/FE_RC_10479_0             | A1 ^ -> ZN v | ND2D4     | 0.030 |   2.903 |  -13.407 | 
     | sfp_instance/div2/div_19/FE_RC_40282_0             | A2 v -> ZN ^ | ND2D4     | 0.033 |   2.936 |  -13.374 | 
     | sfp_instance/div2/div_19/FE_RC_40281_0_dup         | A1 ^ -> ZN v | AOI21D4   | 0.029 |   2.965 |  -13.345 | 
     | sfp_instance/div2/div_19/U457                      | S v -> Z v   | MUX2D2    | 0.078 |   3.043 |  -13.267 | 
     | sfp_instance/div2/div_19/FE_RC_10424_0             | B1 v -> ZN ^ | IND2D2    | 0.026 |   3.069 |  -13.241 | 
     | sfp_instance/div2/div_19/FE_RC_10423_0             | A1 ^ -> ZN v | ND2D2     | 0.030 |   3.098 |  -13.212 | 
     | sfp_instance/div2/div_19/FE_RC_49941_0             | A1 v -> ZN ^ | ND2D2     | 0.026 |   3.124 |  -13.186 | 
     | sfp_instance/div2/div_19/FE_RC_49940_0             | A1 ^ -> ZN v | CKND2D2   | 0.022 |   3.146 |  -13.164 | 
     | sfp_instance/div2/div_19/u_div_u_fa_PartRem_0_27_3 | CI v -> CO v | FA1D1     | 0.085 |   3.231 |  -13.079 | 
     | sfp_instance/div2/div_19/FE_RC_26266_0             | A1 v -> Z v  | AN2D4     | 0.048 |   3.279 |  -13.031 | 
     | sfp_instance/div2/div_19/U477                      | S v -> Z v   | MUX2D4    | 0.076 |   3.355 |  -12.955 | 
     | sfp_instance/div2/div_19/FE_RC_52687_0             | A1 v -> ZN ^ | ND2D4     | 0.025 |   3.379 |  -12.931 | 
     | sfp_instance/div2/div_19/FE_RC_52686_0             | A1 ^ -> ZN v | ND2D4     | 0.021 |   3.400 |  -12.910 | 
     | sfp_instance/div2/div_19/FE_RC_56968_0             | A1 v -> ZN ^ | ND2D2     | 0.019 |   3.419 |  -12.891 | 
     | sfp_instance/div2/div_19/FE_RC_56967_0             | A1 ^ -> ZN v | CKND2D2   | 0.025 |   3.444 |  -12.866 | 
     | sfp_instance/div2/div_19/u_div_u_fa_PartRem_0_26_3 | CI v -> CO v | FA1D1     | 0.069 |   3.513 |  -12.797 | 
     | sfp_instance/div2/div_19/u_div_u_fa_PartRem_0_26_4 | CI v -> CO v | FA1D2     | 0.080 |   3.594 |  -12.716 | 
     | sfp_instance/div2/div_19/U496_dup                  | A1 v -> Z v  | AN2D4     | 0.064 |   3.658 |  -12.652 | 
     | sfp_instance/div2/div_19/FE_RC_31988_0             | A1 v -> ZN ^ | OAI21D4   | 0.043 |   3.701 |  -12.609 | 
     | sfp_instance/div2/div_19/FE_RC_3309_0              | B1 ^ -> ZN v | IND2D4    | 0.031 |   3.732 |  -12.578 | 
     | sfp_instance/div2/div_19/FE_RC_3308_0              | A1 v -> ZN ^ | ND2D4     | 0.024 |   3.755 |  -12.555 | 
     | sfp_instance/div2/div_19/FE_RC_11443_0             | A1 ^ -> ZN v | ND2D4     | 0.028 |   3.783 |  -12.527 | 
     | sfp_instance/div2/div_19/FE_RC_11442_0             | A1 v -> ZN ^ | CKND2D4   | 0.023 |   3.806 |  -12.504 | 
     | sfp_instance/div2/div_19/FE_RC_3512_0              | A1 ^ -> ZN v | ND2D2     | 0.023 |   3.829 |  -12.481 | 
     | sfp_instance/div2/div_19/FE_RC_3511_0              | A1 v -> ZN ^ | ND2D2     | 0.019 |   3.849 |  -12.461 | 
     | sfp_instance/div2/div_19/u_div_u_fa_PartRem_0_25_4 | CI ^ -> CO ^ | FA1D2     | 0.071 |   3.920 |  -12.390 | 
     | sfp_instance/div2/div_19/FE_RC_38741_0_dup         | A1 ^ -> ZN v | ND2D4     | 0.044 |   3.964 |  -12.346 | 
     | sfp_instance/div2/div_19/FE_RC_38237_0_dup1        | A1 v -> ZN ^ | CKND2D8   | 0.043 |   4.007 |  -12.303 | 
     | sfp_instance/div2/div_19/FE_RC_56640_0             | B1 ^ -> ZN v | IND2D4    | 0.034 |   4.041 |  -12.269 | 
     | sfp_instance/div2/div_19/FE_RC_52680_0             | A1 v -> ZN ^ | ND2D4     | 0.021 |   4.062 |  -12.248 | 
     | sfp_instance/div2/div_19/FE_RC_25766_0             | A1 ^ -> ZN v | ND2D2     | 0.023 |   4.085 |  -12.225 | 
     | sfp_instance/div2/div_19/FE_RC_25765_0             | A1 v -> ZN ^ | ND2D2     | 0.021 |   4.106 |  -12.204 | 
     | sfp_instance/div2/div_19/FE_RC_43469_0             | A1 ^ -> ZN v | ND2D2     | 0.027 |   4.133 |  -12.177 | 
     | sfp_instance/div2/div_19/FE_RC_43468_0             | A1 v -> ZN ^ | ND2D2     | 0.021 |   4.154 |  -12.156 | 
     | sfp_instance/div2/div_19/u_div_u_fa_PartRem_0_24_3 | CI ^ -> CO ^ | FA1D1     | 0.063 |   4.216 |  -12.094 | 
     | sfp_instance/div2/div_19/u_div_u_fa_PartRem_0_24_4 | CI ^ -> CO ^ | FA1D2     | 0.071 |   4.288 |  -12.022 | 
     | sfp_instance/div2/div_19/FE_RC_2905_0              | B1 ^ -> ZN v | IND2D4    | 0.042 |   4.329 |  -11.981 | 
     | sfp_instance/div2/div_19/FE_RC_19909_0_dup         | A1 v -> ZN ^ | OAI21D4   | 0.045 |   4.374 |  -11.936 | 
     | sfp_instance/div2/div_19/FE_RC_54946_0             | A1 ^ -> ZN v | ND2D2     | 0.030 |   4.404 |  -11.906 | 
     | sfp_instance/div2/div_19/FE_RC_54944_0             | B v -> ZN ^  | OAI21D2   | 0.032 |   4.436 |  -11.874 | 
     | sfp_instance/div2/div_19/FE_RC_21214_0             | A1 ^ -> ZN v | ND2D2     | 0.034 |   4.469 |  -11.841 | 
     | sfp_instance/div2/div_19/FE_RC_21213_0             | A1 v -> ZN ^ | CKND2D3   | 0.032 |   4.501 |  -11.809 | 
     | sfp_instance/div2/div_19/FE_RC_54392_0             | A1 ^ -> ZN v | ND2D2     | 0.026 |   4.527 |  -11.783 | 
     | sfp_instance/div2/div_19/FE_RC_54391_0             | A1 v -> ZN ^ | ND2D2     | 0.021 |   4.548 |  -11.762 | 
     | sfp_instance/div2/div_19/u_div_u_fa_PartRem_0_23_3 | CI ^ -> CO ^ | FA1D2     | 0.061 |   4.609 |  -11.701 | 
     | sfp_instance/div2/div_19/u_div_u_fa_PartRem_0_23_4 | CI ^ -> CO ^ | FA1D2     | 0.071 |   4.680 |  -11.630 | 
     | sfp_instance/div2/div_19/FE_RC_55077_0             | A2 ^ -> ZN v | OAI211D4  | 0.046 |   4.726 |  -11.584 | 
     | sfp_instance/div2/div_19/FE_RC_55067_0             | A2 v -> ZN ^ | OAI211D4  | 0.049 |   4.776 |  -11.534 | 
     | sfp_instance/div2/div_19/U546_dup                  | A1 ^ -> Z ^  | AN2D4     | 0.074 |   4.849 |  -11.461 | 
     | sfp_instance/div2/div_19/FE_RC_56096_0             | A1 ^ -> ZN v | ND2D3     | 0.031 |   4.881 |  -11.429 | 
     | sfp_instance/div2/div_19/FE_RC_56094_0             | B v -> ZN ^  | OAI21D4   | 0.026 |   4.907 |  -11.403 | 
     | sfp_instance/div2/div_19/FE_RC_52593_0             | A1 ^ -> ZN v | ND2D2     | 0.031 |   4.938 |  -11.372 | 
     | sfp_instance/div2/div_19/FE_RC_52592_0             | A1 v -> ZN ^ | ND2D3     | 0.025 |   4.964 |  -11.346 | 
     | sfp_instance/div2/div_19/FE_RC_55946_0             | A2 ^ -> ZN v | ND2D2     | 0.028 |   4.991 |  -11.319 | 
     | sfp_instance/div2/div_19/FE_RC_55945_0             | A1 v -> ZN ^ | CKND2D2   | 0.026 |   5.017 |  -11.293 | 
     | sfp_instance/div2/div_19/u_div_u_fa_PartRem_0_22_3 | CI ^ -> CO ^ | FA1D1     | 0.067 |   5.084 |  -11.226 | 
     | sfp_instance/div2/div_19/u_div_u_fa_PartRem_0_22_4 | CI ^ -> CO ^ | FA1D2     | 0.074 |   5.158 |  -11.152 | 
     | sfp_instance/div2/div_19/FE_RC_21886_0             | A1 ^ -> ZN v | ND2D2     | 0.034 |   5.192 |  -11.118 | 
     | sfp_instance/div2/div_19/FE_RC_20142_0             | A1 v -> ZN ^ | CKND2D4   | 0.031 |   5.223 |  -11.087 | 
     | sfp_instance/div2/div_19/FE_RC_20139_0             | A2 ^ -> ZN v | OAI211D4  | 0.045 |   5.268 |  -11.042 | 
     | sfp_instance/div2/div_19/FE_RC_20048_0             | A1 v -> ZN ^ | CKND2D8   | 0.046 |   5.314 |  -10.996 | 
     | sfp_instance/div2/div_19/FE_RC_13191_0             | A1 ^ -> ZN v | NR2XD2    | 0.025 |   5.339 |  -10.971 | 
     | sfp_instance/div2/div_19/FE_RC_13190_0             | A1 v -> ZN v | IND2D4    | 0.058 |   5.397 |  -10.913 | 
     | sfp_instance/div2/div_19/FE_RC_52878_0             | A1 v -> ZN ^ | NR2XD2    | 0.025 |   5.422 |  -10.888 | 
     | sfp_instance/div2/div_19/FE_RC_52879_0             | I ^ -> ZN v  | INVD2     | 0.023 |   5.445 |  -10.865 | 
     | sfp_instance/div2/div_19/FE_RC_49662_0             | A2 v -> ZN ^ | ND2D2     | 0.023 |   5.468 |  -10.842 | 
     | sfp_instance/div2/div_19/FE_RC_49661_0             | A1 ^ -> ZN v | ND2D2     | 0.027 |   5.494 |  -10.816 | 
     | sfp_instance/div2/div_19/FE_RC_57104_0             | A1 v -> ZN ^ | CKND2D2   | 0.025 |   5.519 |  -10.791 | 
     | sfp_instance/div2/div_19/FE_RC_57103_0             | A1 ^ -> ZN v | CKND2D2   | 0.022 |   5.541 |  -10.769 | 
     | sfp_instance/div2/div_19/u_div_u_fa_PartRem_0_21_4 | CI v -> CO v | FA1D2     | 0.081 |   5.623 |  -10.687 | 
     | sfp_instance/div2/div_19/FE_RC_43465_0             | A1 v -> ZN ^ | ND2D4     | 0.030 |   5.652 |  -10.658 | 
     | sfp_instance/div2/div_19/FE_RC_42529_0             | B1 ^ -> ZN v | IND2D4    | 0.026 |   5.678 |  -10.632 | 
     | sfp_instance/div2/div_19/FE_RC_42528_0             | A1 v -> ZN ^ | ND2D4     | 0.021 |   5.700 |  -10.610 | 
     | sfp_instance/div2/div_19/FE_RC_48306_0             | B1 ^ -> ZN v | IND2D4    | 0.024 |   5.724 |  -10.586 | 
     | sfp_instance/div2/div_19/FE_RC_48305_0             | A1 v -> ZN ^ | ND2D4     | 0.022 |   5.746 |  -10.564 | 
     | sfp_instance/div2/div_19/FE_RC_47927_0             | B1 ^ -> ZN v | IND2D4    | 0.024 |   5.770 |  -10.540 | 
     | sfp_instance/div2/div_19/FE_RC_64350_0             | B1 v -> ZN ^ | IND2D4    | 0.025 |   5.795 |  -10.515 | 
     | sfp_instance/div2/div_19/FE_RC_64349_0             | A1 ^ -> ZN v | ND2D8     | 0.046 |   5.841 |  -10.469 | 
     | sfp_instance/div2/div_19/FE_RC_9680_0              | A1 v -> ZN ^ | ND2D4     | 0.029 |   5.870 |  -10.440 | 
     | sfp_instance/div2/div_19/FE_RC_9678_0              | B ^ -> ZN v  | OAI21D4   | 0.045 |   5.915 |  -10.395 | 
     | sfp_instance/div2/div_19/FE_RC_54941_0             | B1 v -> ZN ^ | INR2XD2   | 0.028 |   5.943 |  -10.367 | 
     | sfp_instance/div2/div_19/FE_RC_54942_0             | I ^ -> ZN v  | INVD2     | 0.020 |   5.963 |  -10.347 | 
     | sfp_instance/div2/div_19/FE_RC_54852_0             | A2 v -> ZN ^ | CKND2D3   | 0.025 |   5.988 |  -10.322 | 
     | sfp_instance/div2/div_19/FE_RC_54851_0             | A1 ^ -> ZN v | ND2D3     | 0.027 |   6.015 |  -10.295 | 
     | sfp_instance/div2/div_19/FE_RC_56573_0             | A1 v -> ZN ^ | ND2D2     | 0.022 |   6.037 |  -10.273 | 
     | sfp_instance/div2/div_19/FE_RC_56572_0             | A1 ^ -> ZN v | ND2D2     | 0.025 |   6.062 |  -10.248 | 
     | sfp_instance/div2/div_19/u_div_u_fa_PartRem_0_20_4 | CI v -> CO v | FA1D1     | 0.071 |   6.133 |  -10.177 | 
     | sfp_instance/div2/div_19/u_div_u_fa_PartRem_0_20_5 | CI v -> CO v | FA1D2     | 0.094 |   6.226 |  -10.084 | 
     | sfp_instance/div2/div_19/FE_RC_18442_0             | A2 v -> ZN ^ | OAI211D4  | 0.054 |   6.280 |  -10.030 | 
     | sfp_instance/div2/div_19/FE_RC_34292_0             | A1 ^ -> ZN v | OAI21D4   | 0.036 |   6.315 |   -9.995 | 
     | sfp_instance/div2/div_19/FE_RC_26715_0_dup         | A2 v -> ZN ^ | OAI211D4  | 0.042 |   6.357 |   -9.953 | 
     | sfp_instance/div2/div_19/FE_RC_19522_0_dup         | A1 ^ -> ZN v | CKND2D4   | 0.039 |   6.397 |   -9.913 | 
     | sfp_instance/div2/div_19/FE_RC_38224_0             | B1 v -> ZN ^ | INR2XD2   | 0.028 |   6.424 |   -9.886 | 
     | sfp_instance/div2/div_19/FE_RC_18894_0             | A1 ^ -> ZN ^ | IND2D4    | 0.041 |   6.465 |   -9.845 | 
     | sfp_instance/div2/div_19/u_div_u_fa_PartRem_0_19_2 | A ^ -> CO ^  | FA1D1     | 0.132 |   6.598 |   -9.712 | 
     | sfp_instance/div2/div_19/u_div_u_fa_PartRem_0_19_3 | CI ^ -> CO ^ | FA1D2     | 0.073 |   6.671 |   -9.639 | 
     | sfp_instance/div2/div_19/FE_RC_20979_0             | A1 ^ -> ZN v | ND2D3     | 0.032 |   6.703 |   -9.607 | 
     | sfp_instance/div2/div_19/FE_RC_20978_0             | A1 v -> ZN ^ | ND2D4     | 0.023 |   6.726 |   -9.584 | 
     | sfp_instance/div2/div_19/FE_RC_25864_0             | A1 ^ -> ZN v | CKND2D4   | 0.026 |   6.751 |   -9.559 | 
     | sfp_instance/div2/div_19/FE_RC_54543_0             | A1 v -> ZN ^ | OAI21D4   | 0.038 |   6.790 |   -9.520 | 
     | sfp_instance/div2/div_19/FE_RC_38808_0             | A1 ^ -> ZN v | ND2D4     | 0.030 |   6.819 |   -9.491 | 
     | sfp_instance/div2/div_19/FE_RC_47298_0             | A1 v -> ZN ^ | OAI21D4   | 0.042 |   6.862 |   -9.448 | 
     | sfp_instance/div2/div_19/FE_RC_46672_0             | A1 ^ -> ZN v | CKND2D4   | 0.031 |   6.893 |   -9.417 | 
     | sfp_instance/div2/div_19/FE_RC_64352_0             | B1 v -> ZN ^ | IND2D4    | 0.023 |   6.916 |   -9.394 | 
     | sfp_instance/div2/div_19/FE_RC_64351_0             | A1 ^ -> ZN v | ND2D4     | 0.029 |   6.944 |   -9.366 | 
     | sfp_instance/div2/div_19/FE_RC_42362_0             | A1 v -> ZN ^ | ND2D8     | 0.036 |   6.980 |   -9.330 | 
     | sfp_instance/div2/div_19/FE_RC_54206_0             | A1 ^ -> ZN v | ND2D4     | 0.029 |   7.009 |   -9.301 | 
     | sfp_instance/div2/div_19/FE_RC_54204_0             | B v -> ZN ^  | OAI21D4   | 0.029 |   7.039 |   -9.272 | 
     | sfp_instance/div2/div_19/FE_RC_24667_0             | A1 ^ -> Z ^  | OR2D4     | 0.058 |   7.097 |   -9.213 | 
     | sfp_instance/div2/div_19/FE_RC_35823_0             | A1 ^ -> ZN v | ND2D4     | 0.025 |   7.122 |   -9.188 | 
     | sfp_instance/div2/div_19/FE_RC_35822_0             | A1 v -> ZN ^ | ND2D4     | 0.019 |   7.140 |   -9.170 | 
     | sfp_instance/div2/div_19/FE_RC_21192_0             | A1 ^ -> ZN v | ND2D2     | 0.022 |   7.163 |   -9.147 | 
     | sfp_instance/div2/div_19/FE_RC_21191_0             | A1 v -> ZN ^ | ND2D2     | 0.019 |   7.182 |   -9.128 | 
     | sfp_instance/div2/div_19/u_div_u_fa_PartRem_0_18_4 | CI ^ -> CO ^ | FA1D2     | 0.061 |   7.242 |   -9.068 | 
     | sfp_instance/div2/div_19/FE_RC_21141_0             | A1 ^ -> ZN v | ND2D2     | 0.025 |   7.268 |   -9.042 | 
     | sfp_instance/div2/div_19/FE_RC_21140_0             | A1 v -> ZN ^ | CKND2D2   | 0.030 |   7.297 |   -9.013 | 
     | sfp_instance/div2/div_19/FE_RC_35083_0             | A1 ^ -> ZN v | ND2D2     | 0.027 |   7.324 |   -8.986 | 
     | sfp_instance/div2/div_19/FE_RC_35082_0             | A1 v -> ZN ^ | ND2D2     | 0.022 |   7.347 |   -8.963 | 
     | sfp_instance/div2/div_19/FE_RC_41565_0             | A1 ^ -> ZN v | ND2D2     | 0.030 |   7.376 |   -8.934 | 
     | sfp_instance/div2/div_19/FE_RC_41564_0             | A1 v -> ZN ^ | CKND2D4   | 0.029 |   7.405 |   -8.905 | 
     | sfp_instance/div2/div_19/FE_RC_43337_0             | A1 ^ -> ZN v | ND2D4     | 0.025 |   7.430 |   -8.880 | 
     | sfp_instance/div2/div_19/FE_RC_43336_0             | A1 v -> ZN ^ | ND2D4     | 0.021 |   7.451 |   -8.859 | 
     | sfp_instance/div2/div_19/FE_RC_46055_0             | A1 ^ -> ZN v | ND2D4     | 0.027 |   7.479 |   -8.831 | 
     | sfp_instance/div2/div_19/FE_RC_55606_0             | B1 v -> ZN ^ | IND2D4    | 0.026 |   7.504 |   -8.806 | 
     | sfp_instance/div2/div_19/FE_RC_55605_0             | A1 ^ -> ZN v | ND2D8     | 0.031 |   7.535 |   -8.775 | 
     | sfp_instance/div2/div_19/FE_RC_46736_0             | A1 v -> ZN ^ | AOI21D4   | 0.064 |   7.599 |   -8.711 | 
     | sfp_instance/div2/div_19/FE_RC_56852_0             | A1 ^ -> ZN v | ND2D4     | 0.037 |   7.636 |   -8.674 | 
     | sfp_instance/div2/div_19/FE_RC_52524_0             | A1 v -> ZN ^ | ND2D4     | 0.025 |   7.661 |   -8.650 | 
     | sfp_instance/div2/div_19/FE_RC_47908_0             | B1 ^ -> ZN v | IND2D4    | 0.023 |   7.684 |   -8.626 | 
     | sfp_instance/div2/div_19/FE_RC_47907_0             | A1 v -> ZN ^ | ND2D4     | 0.018 |   7.702 |   -8.608 | 
     | sfp_instance/div2/div_19/FE_RC_14219_0_dup         | A1 ^ -> ZN v | ND2D2     | 0.028 |   7.730 |   -8.580 | 
     | sfp_instance/div2/div_19/FE_RC_14218_0             | A1 v -> ZN ^ | ND2D2     | 0.023 |   7.753 |   -8.558 | 
     | sfp_instance/div2/div_19/FE_RC_15789_0             | A1 ^ -> ZN v | ND2D2     | 0.024 |   7.776 |   -8.534 | 
     | sfp_instance/div2/div_19/FE_RC_15788_0             | A1 v -> ZN ^ | ND2D2     | 0.020 |   7.797 |   -8.513 | 
     | sfp_instance/div2/div_19/u_div_u_fa_PartRem_0_17_4 | CI ^ -> CO ^ | FA1D2     | 0.063 |   7.860 |   -8.450 | 
     | sfp_instance/div2/div_19/FE_RC_12094_0             | A1 ^ -> ZN v | ND2D2     | 0.027 |   7.887 |   -8.423 | 
     | sfp_instance/div2/div_19/FE_RC_12093_0             | A1 v -> ZN ^ | ND2D2     | 0.022 |   7.909 |   -8.401 | 
     | sfp_instance/div2/div_19/FE_RC_15238_0             | A1 ^ -> ZN v | ND2D2     | 0.031 |   7.941 |   -8.370 | 
     | sfp_instance/div2/div_19/FE_RC_15237_0             | A1 v -> ZN ^ | CKND2D3   | 0.031 |   7.972 |   -8.338 | 
     | sfp_instance/div2/div_19/FE_RC_26390_0             | B1 ^ -> ZN v | IND2D4    | 0.030 |   8.002 |   -8.308 | 
     | sfp_instance/div2/div_19/FE_RC_47297_0             | A1 v -> ZN ^ | OAI21D4   | 0.038 |   8.040 |   -8.270 | 
     | sfp_instance/div2/div_19/FE_RC_40888_0             | A1 ^ -> ZN v | CKND2D4   | 0.030 |   8.069 |   -8.241 | 
     | sfp_instance/div2/div_19/FE_RC_56689_0             | A1 v -> ZN ^ | OAI21D4   | 0.039 |   8.108 |   -8.202 | 
     | sfp_instance/div2/div_19/FE_RC_64238_0             | A1 ^ -> ZN v | ND2D2     | 0.028 |   8.137 |   -8.174 | 
     | sfp_instance/div2/div_19/FE_RC_64244_0             | B v -> ZN ^  | IOA21D2   | 0.023 |   8.159 |   -8.151 | 
     | sfp_instance/div2/div_19/u_div_u_fa_PartRem_0_17_1 | CI ^ -> CO ^ | FA1D1     | 0.068 |   8.227 |   -8.083 | 
     | 2                                                  |              |           |       |         |          | 
     | sfp_instance/div2/div_19/u_div_u_fa_PartRem_0_17_1 | CI ^ -> CO ^ | FA1D2     | 0.075 |   8.301 |   -8.009 | 
     | 3                                                  |              |           |       |         |          | 
     | sfp_instance/div2/div_19/U604_dup                  | A1 ^ -> Z ^  | AN2D8     | 0.075 |   8.376 |   -7.934 | 
     | sfp_instance/div2/div_19/FE_RC_42770_0             | A1 ^ -> ZN v | ND2D4     | 0.028 |   8.404 |   -7.906 | 
     | sfp_instance/div2/div_19/FE_RC_44740_0             | B v -> ZN ^  | OAI21D4   | 0.029 |   8.433 |   -7.877 | 
     | sfp_instance/div2/div_19/FE_RC_6718_0              | B1 ^ -> ZN v | IND2D4    | 0.028 |   8.461 |   -7.849 | 
     | sfp_instance/div2/div_19/FE_RC_6717_0              | A1 v -> ZN ^ | ND2D3     | 0.021 |   8.482 |   -7.828 | 
     | sfp_instance/div2/div_19/FE_RC_49729_0             | A1 ^ -> ZN v | ND2D2     | 0.028 |   8.510 |   -7.800 | 
     | sfp_instance/div2/div_19/FE_RC_49728_0             | A1 v -> ZN ^ | ND2D2     | 0.026 |   8.535 |   -7.775 | 
     | sfp_instance/div2/div_19/FE_RC_55509_0             | A1 ^ -> ZN v | ND2D2     | 0.026 |   8.562 |   -7.749 | 
     | sfp_instance/div2/div_19/FE_RC_55508_0             | A1 v -> ZN ^ | ND2D2     | 0.022 |   8.584 |   -7.726 | 
     | sfp_instance/div2/div_19/u_div_u_fa_PartRem_0_16_4 | CI ^ -> CO ^ | FA1D1     | 0.064 |   8.647 |   -7.663 | 
     | sfp_instance/div2/div_19/u_div_u_fa_PartRem_0_16_5 | CI ^ -> CO ^ | FA1D2     | 0.073 |   8.720 |   -7.590 | 
     | sfp_instance/div2/div_19/FE_RC_38233_0             | A1 ^ -> ZN v | ND2D4     | 0.033 |   8.753 |   -7.557 | 
     | sfp_instance/div2/div_19/FE_RC_38970_0             | A1 v -> ZN ^ | AOI21D4   | 0.037 |   8.790 |   -7.520 | 
     | sfp_instance/div2/div_19/FE_RC_38969_0             | A1 ^ -> ZN v | OAI21D4   | 0.032 |   8.823 |   -7.487 | 
     | sfp_instance/div2/div_19/FE_RC_31724_0             | B1 v -> ZN ^ | IND2D4    | 0.033 |   8.855 |   -7.455 | 
     | sfp_instance/div2/div_19/FE_RC_39038_0_dup         | B1 ^ -> ZN v | IND2D4    | 0.033 |   8.888 |   -7.422 | 
     | sfp_instance/div2/div_19/FE_RC_39037_0             | A1 v -> ZN ^ | CKND2D8   | 0.033 |   8.922 |   -7.389 | 
     | sfp_instance/div2/div_19/FE_RC_18924_0             | A1 ^ -> ZN v | ND2D4     | 0.026 |   8.947 |   -7.363 | 
     | sfp_instance/div2/div_19/FE_RC_18922_0             | B v -> ZN ^  | OAI21D4   | 0.028 |   8.976 |   -7.335 | 
     | sfp_instance/div2/div_19/FE_RC_1415_0              | B1 ^ -> ZN v | IND2D4    | 0.029 |   9.005 |   -7.306 | 
     | sfp_instance/div2/div_19/FE_RC_1414_0              | A1 v -> ZN ^ | CKND2D4   | 0.028 |   9.032 |   -7.278 | 
     | sfp_instance/div2/div_19/FE_RC_1389_0              | B1 ^ -> ZN v | IND2D4    | 0.030 |   9.062 |   -7.248 | 
     | sfp_instance/div2/div_19/FE_RC_1388_0              | A1 v -> ZN ^ | CKND2D4   | 0.028 |   9.091 |   -7.220 | 
     | sfp_instance/div2/div_19/FE_RC_1370_0              | B1 ^ -> ZN v | IND2D4    | 0.026 |   9.117 |   -7.193 | 
     | sfp_instance/div2/div_19/FE_RC_1369_0              | A1 v -> ZN ^ | CKND2D4   | 0.027 |   9.144 |   -7.166 | 
     | sfp_instance/div2/div_19/FE_RC_52138_0             | A1 ^ -> ZN v | ND2D4     | 0.025 |   9.169 |   -7.142 | 
     | sfp_instance/div2/div_19/FE_RC_52137_0             | A1 v -> ZN ^ | CKND2D4   | 0.025 |   9.194 |   -7.116 | 
     | sfp_instance/div2/div_19/FE_RC_64287_0             | A1 ^ -> ZN v | ND2D2     | 0.024 |   9.218 |   -7.092 | 
     | sfp_instance/div2/div_19/FE_RC_64286_0             | A1 v -> ZN ^ | CKND2D2   | 0.026 |   9.244 |   -7.066 | 
     | sfp_instance/div2/div_19/u_div_u_fa_PartRem_0_15_6 | CI ^ -> CO ^ | FA1D1     | 0.066 |   9.311 |   -6.999 | 
     | sfp_instance/div2/div_19/u_div_u_fa_PartRem_0_15_7 | CI ^ -> CO ^ | FA1D2     | 0.073 |   9.384 |   -6.926 | 
     | sfp_instance/div2/div_19/FE_RC_42797_0             | A2 ^ -> ZN v | OAI211D4  | 0.046 |   9.429 |   -6.881 | 
     | sfp_instance/div2/div_19/FE_RC_51956_0             | A2 v -> ZN ^ | OAI211D4  | 0.054 |   9.484 |   -6.826 | 
     | sfp_instance/div2/div_19/FE_RC_45770_0             | A1 ^ -> ZN v | OAI21D4   | 0.040 |   9.523 |   -6.787 | 
     | sfp_instance/div2/div_19/FE_RC_34035_0             | A1 v -> ZN ^ | OAI21D4   | 0.035 |   9.558 |   -6.752 | 
     | sfp_instance/div2/div_19/u_div_u_fa_PartRem_0_15_1 | CI ^ -> CO ^ | FA1D1     | 0.068 |   9.626 |   -6.684 | 
     | 4                                                  |              |           |       |         |          | 
     | sfp_instance/div2/div_19/u_div_u_fa_PartRem_0_15_1 | CI ^ -> CO ^ | FA1D2     | 0.078 |   9.705 |   -6.605 | 
     | 5                                                  |              |           |       |         |          | 
     | sfp_instance/div2/div_19/U600                      | A1 ^ -> Z ^  | AN2D8     | 0.073 |   9.777 |   -6.533 | 
     | sfp_instance/div2/div_19/FE_OCPC10819_n96          | I ^ -> Z ^   | BUFFD2    | 0.047 |   9.824 |   -6.486 | 
     | sfp_instance/div2/div_19/FE_RC_41989_0             | A2 ^ -> ZN v | OAI211D4  | 0.038 |   9.862 |   -6.448 | 
     | sfp_instance/div2/div_19/FE_RC_41820_0             | A2 v -> ZN ^ | ND2D3     | 0.035 |   9.898 |   -6.412 | 
     | sfp_instance/div2/div_19/FE_RC_41956_0             | A1 ^ -> ZN v | ND2D4     | 0.024 |   9.921 |   -6.389 | 
     | sfp_instance/div2/div_19/FE_RC_41873_0             | A1 v -> ZN ^ | ND2D2     | 0.020 |   9.941 |   -6.369 | 
     | sfp_instance/div2/div_19/FE_RC_41872_0             | A1 ^ -> ZN v | CKND2D2   | 0.024 |   9.965 |   -6.345 | 
     | sfp_instance/div2/div_19/FE_RC_23622_0             | A1 v -> ZN ^ | ND2D2     | 0.021 |   9.987 |   -6.323 | 
     | sfp_instance/div2/div_19/FE_RC_23621_0             | A1 ^ -> ZN v | ND2D2     | 0.023 |  10.010 |   -6.300 | 
     | sfp_instance/div2/div_19/u_div_u_fa_PartRem_0_14_5 | CI v -> CO v | FA1D2     | 0.077 |  10.087 |   -6.224 | 
     | sfp_instance/div2/div_19/FE_RC_49601_0             | A1 v -> ZN ^ | ND2D2     | 0.027 |  10.114 |   -6.196 | 
     | sfp_instance/div2/div_19/FE_RC_49600_0             | A1 ^ -> ZN v | ND2D2     | 0.024 |  10.138 |   -6.172 | 
     | sfp_instance/div2/div_19/u_div_u_fa_PartRem_0_14_7 | CI v -> CO v | FA1D1     | 0.071 |  10.209 |   -6.101 | 
     | sfp_instance/div2/div_19/u_div_u_fa_PartRem_0_14_8 | CI v -> CO v | FA1D2     | 0.083 |  10.292 |   -6.018 | 
     | sfp_instance/div2/div_19/FE_RC_45009_0             | A2 v -> ZN ^ | OAI211D4  | 0.041 |  10.333 |   -5.977 | 
     | sfp_instance/div2/div_19/FE_RC_44426_0             | A1 ^ -> ZN v | ND2D2     | 0.033 |  10.366 |   -5.944 | 
     | sfp_instance/div2/div_19/FE_RC_55530_0             | A1 v -> ZN ^ | ND2D2     | 0.021 |  10.387 |   -5.923 | 
     | sfp_instance/div2/div_19/FE_RC_55529_0             | A1 ^ -> ZN v | CKND2D2   | 0.023 |  10.410 |   -5.900 | 
     | sfp_instance/div2/div_19/u_div_u_fa_PartRem_0_14_1 | CI v -> CO v | FA1D2     | 0.087 |  10.498 |   -5.812 | 
     | 2                                                  |              |           |       |         |          | 
     | sfp_instance/div2/div_19/FE_RC_30634_0             | A2 v -> ZN ^ | OAI211D4  | 0.056 |  10.554 |   -5.757 | 
     | sfp_instance/div2/div_19/FE_RC_16900_0             | A1 ^ -> ZN v | ND2D8     | 0.053 |  10.607 |   -5.703 | 
     | sfp_instance/div2/div_19/FE_RC_310_0               | A1 v -> ZN ^ | ND2D4     | 0.031 |  10.638 |   -5.673 | 
     | sfp_instance/div2/div_19/FE_RC_393_0               | A2 ^ -> ZN v | ND2D4     | 0.029 |  10.667 |   -5.643 | 
     | sfp_instance/div2/div_19/FE_RC_56642_0             | B1 v -> ZN ^ | IND2D4    | 0.020 |  10.687 |   -5.623 | 
     | sfp_instance/div2/div_19/FE_RC_55250_0             | A1 ^ -> ZN v | CKND2D4   | 0.020 |  10.707 |   -5.603 | 
     | sfp_instance/div2/div_19/FE_RC_25322_0             | A1 v -> ZN ^ | ND2D2     | 0.023 |  10.730 |   -5.580 | 
     | sfp_instance/div2/div_19/FE_RC_25321_0             | A1 ^ -> ZN v | ND2D3     | 0.030 |  10.760 |   -5.550 | 
     | sfp_instance/div2/div_19/FE_RC_49441_0             | A1 v -> ZN ^ | ND2D3     | 0.024 |  10.784 |   -5.526 | 
     | sfp_instance/div2/div_19/FE_RC_49440_0             | A1 ^ -> ZN v | ND2D4     | 0.024 |  10.808 |   -5.502 | 
     | sfp_instance/div2/div_19/FE_RC_54700_0             | A1 v -> ZN ^ | OAI21D4   | 0.038 |  10.846 |   -5.464 | 
     | sfp_instance/div2/div_19/FE_RC_54699_0             | A1 ^ -> ZN v | OAI21D4   | 0.031 |  10.878 |   -5.432 | 
     | sfp_instance/div2/div_19/FE_RC_53718_0             | A1 v -> ZN ^ | ND2D2     | 0.023 |  10.900 |   -5.410 | 
     | sfp_instance/div2/div_19/FE_RC_53717_0             | A1 ^ -> ZN v | ND2D2     | 0.025 |  10.925 |   -5.385 | 
     | sfp_instance/div2/div_19/u_div_u_fa_PartRem_0_13_7 | CI v -> CO v | FA1D2     | 0.078 |  11.003 |   -5.307 | 
     | sfp_instance/div2/div_19/FE_RC_19651_0             | A1 v -> ZN ^ | ND2D2     | 0.033 |  11.036 |   -5.274 | 
     | sfp_instance/div2/div_19/FE_RC_19706_0             | B1 ^ -> ZN v | IND2D4    | 0.027 |  11.063 |   -5.247 | 
     | sfp_instance/div2/div_19/FE_RC_55923_0             | A2 v -> ZN ^ | OAI211D4  | 0.037 |  11.100 |   -5.210 | 
     | sfp_instance/div2/div_19/FE_RC_54159_0             | A1 ^ -> ZN v | ND2D2     | 0.028 |  11.128 |   -5.182 | 
     | sfp_instance/div2/div_19/u_div_u_fa_PartRem_0_13_1 | CI v -> CO v | FA1D2     | 0.080 |  11.208 |   -5.102 | 
     | 2                                                  |              |           |       |         |          | 
     | sfp_instance/div2/div_19/FE_OCPC12497_u_div_CryTmp | I v -> ZN ^  | CKND4     | 0.030 |  11.239 |   -5.071 | 
     | _13__13_                                           |              |           |       |         |          | 
     | sfp_instance/div2/div_19/FE_RC_52201_0             | A2 ^ -> ZN v | OAI211D4  | 0.040 |  11.279 |   -5.032 | 
     | sfp_instance/div2/div_19/FE_RC_18852_0             | B1 v -> ZN ^ | IND2D4    | 0.033 |  11.312 |   -4.998 | 
     | sfp_instance/div2/div_19/FE_RC_16023_0             | A1 ^ -> ZN v | CKND2D8   | 0.049 |  11.361 |   -4.949 | 
     | sfp_instance/div2/div_19/FE_RC_53207_0             | A1 v -> ZN ^ | ND2D4     | 0.033 |  11.394 |   -4.916 | 
     | sfp_instance/div2/div_19/FE_RC_53205_0             | B ^ -> ZN v  | OAI21D4   | 0.039 |  11.433 |   -4.877 | 
     | sfp_instance/div2/div_19/FE_RC_6236_0              | B1 v -> ZN ^ | IND2D4    | 0.024 |  11.456 |   -4.854 | 
     | sfp_instance/div2/div_19/FE_RC_6235_0              | A1 ^ -> ZN v | CKND2D4   | 0.021 |  11.477 |   -4.833 | 
     | sfp_instance/div2/div_19/FE_RC_23446_0             | A2 v -> ZN ^ | ND2D2     | 0.024 |  11.501 |   -4.809 | 
     | sfp_instance/div2/div_19/FE_RC_23564_0             | A1 ^ -> ZN v | ND2D2     | 0.025 |  11.526 |   -4.784 | 
     | sfp_instance/div2/div_19/FE_RC_21162_0             | A1 v -> ZN ^ | ND2D2     | 0.025 |  11.551 |   -4.759 | 
     | sfp_instance/div2/div_19/FE_RC_21161_0             | A1 ^ -> ZN v | CKND2D4   | 0.022 |  11.573 |   -4.737 | 
     | sfp_instance/div2/div_19/FE_RC_52428_0             | A1 v -> ZN ^ | ND2D2     | 0.020 |  11.593 |   -4.717 | 
     | sfp_instance/div2/div_19/FE_RC_52427_0             | A1 ^ -> ZN v | CKND2D2   | 0.023 |  11.616 |   -4.694 | 
     | sfp_instance/div2/div_19/u_div_u_fa_PartRem_0_12_5 | CI v -> CO v | FA1D1     | 0.073 |  11.689 |   -4.621 | 
     | sfp_instance/div2/div_19/u_div_u_fa_PartRem_0_12_6 | CI v -> CO v | FA1D1     | 0.077 |  11.767 |   -4.543 | 
     | sfp_instance/div2/div_19/u_div_u_fa_PartRem_0_12_7 | CI v -> CO v | FA1D1     | 0.079 |  11.846 |   -4.464 | 
     | sfp_instance/div2/div_19/u_div_u_fa_PartRem_0_12_8 | CI v -> CO v | FA1D1     | 0.076 |  11.921 |   -4.389 | 
     | sfp_instance/div2/div_19/u_div_u_fa_PartRem_0_12_9 | CI v -> CO v | FA1D1     | 0.075 |  11.997 |   -4.314 | 
     | sfp_instance/div2/div_19/u_div_u_fa_PartRem_0_12_1 | CI v -> CO v | FA1D1     | 0.077 |  12.073 |   -4.237 | 
     | 0                                                  |              |           |       |         |          | 
     | sfp_instance/div2/div_19/u_div_u_fa_PartRem_0_12_1 | CI v -> CO v | FA1D1     | 0.076 |  12.150 |   -4.160 | 
     | 1                                                  |              |           |       |         |          | 
     | sfp_instance/div2/div_19/u_div_u_fa_PartRem_0_12_1 | CI v -> CO v | FA1D2     | 0.094 |  12.243 |   -4.067 | 
     | 2                                                  |              |           |       |         |          | 
     | sfp_instance/div2/div_19/FE_RC_46850_0             | B1 v -> ZN ^ | IND2D4    | 0.030 |  12.273 |   -4.037 | 
     | sfp_instance/div2/div_19/FE_RC_46849_0             | A1 ^ -> ZN v | CKND2D4   | 0.027 |  12.299 |   -4.011 | 
     | sfp_instance/div2/div_19/FE_RC_53684_0             | A1 v -> ZN ^ | ND2D4     | 0.028 |  12.327 |   -3.983 | 
     | sfp_instance/div2/div_19/FE_RC_53532_0             | A1 ^ -> ZN v | ND2D8     | 0.045 |  12.372 |   -3.938 | 
     | sfp_instance/div2/div_19/FE_RC_54099_0             | A1 v -> ZN v | IOA21D2   | 0.070 |  12.443 |   -3.867 | 
     | sfp_instance/div2/div_19/u_div_u_fa_PartRem_0_11_3 | A v -> CO v  | FA1D2     | 0.180 |  12.623 |   -3.687 | 
     | sfp_instance/div2/div_19/FE_RC_13413_0             | A1 v -> ZN ^ | ND2D2     | 0.035 |  12.658 |   -3.652 | 
     | sfp_instance/div2/div_19/FE_RC_13412_0             | A1 ^ -> ZN v | ND2D4     | 0.025 |  12.683 |   -3.627 | 
     | sfp_instance/div2/div_19/FE_RC_25071_0             | A1 v -> ZN ^ | ND2D3     | 0.023 |  12.706 |   -3.604 | 
     | sfp_instance/div2/div_19/FE_RC_25424_0             | A1 ^ -> ZN v | ND2D4     | 0.029 |  12.736 |   -3.574 | 
     | sfp_instance/div2/div_19/FE_RC_43566_0             | A1 v -> ZN ^ | AOI21D4   | 0.040 |  12.776 |   -3.534 | 
     | sfp_instance/div2/div_19/FE_RC_43565_0             | A1 ^ -> ZN v | OAI21D4   | 0.036 |  12.812 |   -3.498 | 
     | sfp_instance/div2/div_19/FE_RC_13880_0             | B1 v -> ZN ^ | IND2D4    | 0.030 |  12.842 |   -3.468 | 
     | sfp_instance/div2/div_19/FE_RC_52547_0             | A2 ^ -> ZN v | OAI211D4  | 0.043 |  12.885 |   -3.425 | 
     | sfp_instance/div2/div_19/FE_RC_41722_0             | A2 v -> ZN ^ | OAI211D4  | 0.056 |  12.940 |   -3.370 | 
     | sfp_instance/div2/div_19/FE_RC_44455_0             | A2 ^ -> ZN v | OAI211D4  | 0.049 |  12.989 |   -3.321 | 
     | sfp_instance/div2/div_19/FE_RC_39923_0             | A1 v -> ZN ^ | OAI21D4   | 0.056 |  13.045 |   -3.265 | 
     | sfp_instance/div2/div_19/FE_RC_29310_0             | I ^ -> ZN v  | INVD8     | 0.038 |  13.083 |   -3.228 | 
     | sfp_instance/div2/div_19/FE_RC_26402_0             | A1 v -> ZN ^ | NR2XD4    | 0.029 |  13.112 |   -3.198 | 
     | sfp_instance/div2/div_19/FE_RC_26403_0             | I ^ -> ZN v  | CKND4     | 0.017 |  13.128 |   -3.182 | 
     | sfp_instance/div2/div_19/FE_RC_517_0               | A1 v -> ZN ^ | ND2D4     | 0.018 |  13.146 |   -3.164 | 
     | sfp_instance/div2/div_19/FE_RC_56715_0             | B1 ^ -> ZN v | IND2D4    | 0.023 |  13.170 |   -3.140 | 
     | sfp_instance/div2/div_19/FE_RC_56714_0             | A1 v -> ZN ^ | ND2D4     | 0.021 |  13.191 |   -3.119 | 
     | sfp_instance/div2/div_19/FE_RC_12748_0             | A1 ^ -> ZN v | ND2D4     | 0.029 |  13.220 |   -3.090 | 
     | sfp_instance/div2/div_19/FE_RC_12747_0             | A1 v -> ZN ^ | ND2D4     | 0.023 |  13.243 |   -3.067 | 
     | sfp_instance/div2/div_19/FE_RC_15793_0             | A1 ^ -> ZN v | ND2D4     | 0.023 |  13.266 |   -3.044 | 
     | sfp_instance/div2/div_19/FE_RC_15792_0             | A1 v -> ZN ^ | CKND2D4   | 0.024 |  13.290 |   -3.020 | 
     | sfp_instance/div2/div_19/FE_RC_51788_0             | A1 ^ -> ZN v | ND2D4     | 0.026 |  13.316 |   -2.994 | 
     | sfp_instance/div2/div_19/FE_RC_51787_0             | A1 v -> ZN ^ | CKND2D4   | 0.029 |  13.345 |   -2.965 | 
     | sfp_instance/div2/div_19/FE_RC_13258_0             | B1 ^ -> ZN v | IND2D4    | 0.027 |  13.372 |   -2.938 | 
     | sfp_instance/div2/div_19/FE_RC_13257_0             | A1 v -> ZN ^ | CKND2D4   | 0.027 |  13.399 |   -2.911 | 
     | sfp_instance/div2/div_19/FE_RC_5454_0              | B1 ^ -> ZN v | IND2D4    | 0.029 |  13.428 |   -2.882 | 
     | sfp_instance/div2/div_19/FE_RC_25318_0             | A2 v -> ZN ^ | OAI211D4  | 0.041 |  13.469 |   -2.841 | 
     | sfp_instance/div2/div_19/FE_RC_25277_0             | A1 ^ -> ZN v | ND2D2     | 0.029 |  13.498 |   -2.812 | 
     | sfp_instance/div2/div_19/FE_RC_25276_0             | A1 v -> ZN ^ | ND2D2     | 0.025 |  13.522 |   -2.788 | 
     | sfp_instance/div2/div_19/FE_RC_51975_0             | A1 ^ -> ZN v | ND2D2     | 0.026 |  13.548 |   -2.762 | 
     | sfp_instance/div2/div_19/FE_RC_51974_0             | A1 v -> ZN ^ | ND2D2     | 0.024 |  13.572 |   -2.738 | 
     | sfp_instance/div2/div_19/FE_RC_55986_0             | B1 ^ -> ZN v | IND2D2    | 0.030 |  13.602 |   -2.708 | 
     | sfp_instance/div2/div_19/FE_RC_55985_0             | A1 v -> ZN ^ | CKND2D2   | 0.024 |  13.626 |   -2.684 | 
     | sfp_instance/div2/div_19/u_div_u_fa_PartRem_0_10_1 | CI ^ -> CO ^ | FA1D1     | 0.067 |  13.694 |   -2.617 | 
     | 1                                                  |              |           |       |         |          | 
     | sfp_instance/div2/div_19/u_div_u_fa_PartRem_0_10_1 | CI ^ -> CO ^ | FA1D1     | 0.070 |  13.764 |   -2.546 | 
     | 2                                                  |              |           |       |         |          | 
     | sfp_instance/div2/div_19/u_div_u_fa_PartRem_0_10_1 | CI ^ -> CO ^ | FA1D1     | 0.069 |  13.833 |   -2.478 | 
     | 3                                                  |              |           |       |         |          | 
     | sfp_instance/div2/div_19/u_div_u_fa_PartRem_0_10_1 | CI ^ -> CO ^ | FA1D1     | 0.078 |  13.910 |   -2.400 | 
     | 4                                                  |              |           |       |         |          | 
     | sfp_instance/div2/div_19/u_div_u_fa_PartRem_0_10_1 | CI ^ -> CO ^ | FA1D1     | 0.072 |  13.983 |   -2.327 | 
     | 5                                                  |              |           |       |         |          | 
     | sfp_instance/div2/div_19/u_div_u_fa_PartRem_0_10_1 | CI ^ -> CO ^ | FA1D1     | 0.075 |  14.057 |   -2.253 | 
     | 6                                                  |              |           |       |         |          | 
     | sfp_instance/div2/div_19/u_div_u_fa_PartRem_0_10_1 | CI ^ -> CO ^ | FA1D2     | 0.086 |  14.144 |   -2.167 | 
     | 7                                                  |              |           |       |         |          | 
     | sfp_instance/div2/div_19/FE_RC_51538_0             | A1 ^ -> ZN v | ND2D4     | 0.039 |  14.182 |   -2.128 | 
     | sfp_instance/div2/div_19/FE_RC_52880_0             | A1 v -> ZN ^ | ND2D8     | 0.040 |  14.223 |   -2.088 | 
     | sfp_instance/div2/div_19/FE_RC_47167_0             | A1 ^ -> ZN v | ND2D4     | 0.034 |  14.256 |   -2.054 | 
     | sfp_instance/div2/div_19/FE_RC_47165_0             | B v -> ZN ^  | OAI21D4   | 0.030 |  14.286 |   -2.024 | 
     | sfp_instance/div2/div_19/FE_RC_4791_0              | B1 ^ -> ZN v | IND2D4    | 0.029 |  14.315 |   -1.995 | 
     | sfp_instance/div2/div_19/FE_RC_4790_0              | A1 v -> ZN ^ | CKND2D4   | 0.023 |  14.338 |   -1.972 | 
     | sfp_instance/div2/div_19/FE_RC_46305_0             | A1 ^ -> ZN v | ND2D2     | 0.028 |  14.366 |   -1.944 | 
     | sfp_instance/div2/div_19/FE_RC_47324_0             | B v -> ZN ^  | IOA21D2   | 0.024 |  14.390 |   -1.920 | 
     | sfp_instance/div2/div_19/FE_RC_40608_0             | A1 ^ -> ZN v | CKND2D2   | 0.028 |  14.418 |   -1.892 | 
     | sfp_instance/div2/div_19/FE_RC_40607_0             | A1 v -> ZN ^ | ND2D2     | 0.025 |  14.444 |   -1.867 | 
     | sfp_instance/div2/div_19/FE_RC_48854_0             | A1 ^ -> ZN v | CKND2D4   | 0.026 |  14.469 |   -1.841 | 
     | sfp_instance/div2/div_19/FE_RC_48853_0             | A1 v -> ZN ^ | ND2D4     | 0.024 |  14.493 |   -1.817 | 
     | sfp_instance/div2/div_19/FE_RC_1317_0              | B1 ^ -> ZN v | IND2D4    | 0.031 |  14.524 |   -1.786 | 
     | sfp_instance/div2/div_19/FE_RC_29863_0             | A1 v -> ZN ^ | OAI21D4   | 0.042 |  14.566 |   -1.744 | 
     | sfp_instance/div2/div_19/FE_RC_25807_0             | A1 ^ -> ZN v | CKND2D4   | 0.031 |  14.597 |   -1.713 | 
     | sfp_instance/div2/div_19/FE_RC_41697_0             | A1 v -> ZN ^ | OAI21D4   | 0.041 |  14.638 |   -1.672 | 
     | sfp_instance/div2/div_19/FE_RC_41219_0             | A1 ^ -> ZN v | ND2D4     | 0.033 |  14.671 |   -1.640 | 
     | sfp_instance/div2/div_19/FE_RC_41346_0             | A2 v -> ZN ^ | OAI211D4  | 0.047 |  14.718 |   -1.593 | 
     | sfp_instance/div2/div_19/FE_RC_42831_0             | A1 ^ -> ZN v | CKND2D4   | 0.033 |  14.751 |   -1.559 | 
     | sfp_instance/div2/div_19/FE_RC_48247_0             | B1 v -> ZN ^ | IND2D4    | 0.024 |  14.774 |   -1.536 | 
     | sfp_instance/div2/div_19/FE_RC_48246_0             | A1 ^ -> ZN v | CKND2D4   | 0.022 |  14.796 |   -1.514 | 
     | sfp_instance/div2/div_19/FE_RC_33915_0             | A1 v -> ZN ^ | ND2D4     | 0.025 |  14.821 |   -1.489 | 
     | sfp_instance/div2/div_19/FE_RC_47546_0             | B1 ^ -> ZN v | IND2D4    | 0.031 |  14.852 |   -1.458 | 
     | sfp_instance/div2/div_19/FE_RC_47545_0             | A1 v -> ZN ^ | ND2D8     | 0.045 |  14.898 |   -1.413 | 
     | sfp_instance/div2/div_19/FE_RC_56800_0             | B1 ^ -> ZN v | IND2D4    | 0.036 |  14.934 |   -1.376 | 
     | sfp_instance/div2/div_19/FE_RC_37052_0             | B v -> ZN ^  | OAI21D4   | 0.031 |  14.964 |   -1.346 | 
     | sfp_instance/div2/div_19/FE_RC_1192_0              | B1 ^ -> ZN v | IND2D4    | 0.032 |  14.996 |   -1.314 | 
     | sfp_instance/div2/div_19/FE_RC_1191_0              | A1 v -> ZN ^ | ND2D4     | 0.026 |  15.022 |   -1.288 | 
     | sfp_instance/div2/div_19/FE_RC_21515_0             | A1 ^ -> ZN v | ND2D4     | 0.030 |  15.052 |   -1.258 | 
     | sfp_instance/div2/div_19/FE_RC_1177_0              | A1 v -> ZN ^ | ND2D4     | 0.026 |  15.077 |   -1.233 | 
     | sfp_instance/div2/div_19/FE_RC_41508_0             | A1 ^ -> ZN v | AOI21D4   | 0.028 |  15.106 |   -1.205 | 
     | sfp_instance/div2/div_19/FE_RC_39281_0             | A1 v -> ZN ^ | OAI21D4   | 0.040 |  15.146 |   -1.164 | 
     | sfp_instance/div2/div_19/FE_RC_3435_0              | B1 ^ -> ZN v | IND2D4    | 0.030 |  15.175 |   -1.135 | 
     | sfp_instance/div2/div_19/FE_RC_3434_0              | A1 v -> ZN ^ | ND2D4     | 0.022 |  15.197 |   -1.113 | 
     | sfp_instance/div2/div_19/FE_RC_56962_0             | A1 ^ -> ZN v | OAI21D4   | 0.033 |  15.230 |   -1.080 | 
     | sfp_instance/div2/div_19/FE_RC_56961_0             | A1 v -> ZN ^ | ND2D4     | 0.030 |  15.260 |   -1.050 | 
     | sfp_instance/div2/div_19/FE_RC_32907_0             | A2 ^ -> ZN v | OAI211D4  | 0.047 |  15.307 |   -1.004 | 
     | sfp_instance/div2/div_19/FE_RC_52372_0             | A1 v -> ZN ^ | OAI21D4   | 0.048 |  15.355 |   -0.955 | 
     | sfp_instance/div2/div_19/FE_RC_44424_0             | A1 ^ -> ZN v | CKND2D4   | 0.031 |  15.386 |   -0.924 | 
     | sfp_instance/div2/div_19/FE_RC_52130_0             | A1 v -> ZN ^ | OAI21D4   | 0.046 |  15.432 |   -0.878 | 
     | sfp_instance/div2/div_19/FE_RC_47737_0             | B1 ^ -> ZN v | IND2D4    | 0.036 |  15.468 |   -0.842 | 
     | sfp_instance/div2/div_19/FE_RC_57328_0             | A1 v -> ZN ^ | OAI21D4   | 0.050 |  15.518 |   -0.792 | 
     | sfp_instance/div2/div_19/FE_RC_50005_0             | A1 ^ -> ZN v | CKND2D4   | 0.031 |  15.549 |   -0.761 | 
     | sfp_instance/div2/div_19/FE_RC_50004_0             | A1 v -> ZN ^ | ND2D4     | 0.023 |  15.572 |   -0.738 | 
     | sfp_instance/div2/div_19/FE_RC_57341_0             | A2 ^ -> ZN v | OAI211D4  | 0.051 |  15.623 |   -0.687 | 
     | sfp_instance/div2/div_19/FE_RC_32274_0             | A1 v -> ZN ^ | ND2D8     | 0.052 |  15.676 |   -0.634 | 
     | sfp_instance/div2/div_19/FE_RC_15711_0             | A1 ^ -> ZN v | ND2D4     | 0.034 |  15.710 |   -0.601 | 
     | sfp_instance/div2/div_19/FE_RC_57037_0             | B v -> ZN ^  | OAI21D4   | 0.028 |  15.738 |   -0.572 | 
     | sfp_instance/div2/div_19/FE_RC_5940_0              | B1 ^ -> ZN v | IND2D4    | 0.031 |  15.768 |   -0.542 | 
     | sfp_instance/div2/div_19/FE_RC_5939_0              | A1 v -> ZN ^ | ND2D4     | 0.024 |  15.792 |   -0.518 | 
     | sfp_instance/div2/div_19/FE_RC_49916_0             | A1 ^ -> ZN v | ND2D4     | 0.029 |  15.821 |   -0.489 | 
     | sfp_instance/div2/div_19/FE_RC_49915_0             | A1 v -> ZN ^ | ND2D4     | 0.024 |  15.845 |   -0.465 | 
     | sfp_instance/div2/div_19/FE_RC_53405_0             | A1 ^ -> ZN v | ND2D4     | 0.024 |  15.869 |   -0.441 | 
     | sfp_instance/div2/div_19/FE_RC_1077_0              | A1 v -> ZN ^ | ND2D4     | 0.021 |  15.889 |   -0.421 | 
     | sfp_instance/div2/div_19/FE_RC_13113_0             | A1 ^ -> ZN v | ND2D4     | 0.026 |  15.915 |   -0.395 | 
     | sfp_instance/div2/div_19/FE_RC_13112_0             | A1 v -> ZN ^ | ND2D4     | 0.023 |  15.938 |   -0.372 | 
     | sfp_instance/div2/div_19/FE_RC_932_0               | B1 ^ -> ZN v | IND2D4    | 0.026 |  15.964 |   -0.346 | 
     | sfp_instance/div2/div_19/FE_RC_931_0               | A1 v -> ZN ^ | ND2D4     | 0.025 |  15.989 |   -0.322 | 
     | sfp_instance/div2/div_19/FE_RC_914_0               | B1 ^ -> ZN v | IND2D4    | 0.032 |  16.020 |   -0.290 | 
     | sfp_instance/div2/div_19/FE_RC_47250_0             | A1 v -> ZN ^ | OAI21D4   | 0.039 |  16.060 |   -0.251 | 
     | sfp_instance/div2/div_19/FE_RC_32398_0             | A2 ^ -> ZN v | OAI211D4  | 0.050 |  16.110 |   -0.200 | 
     | sfp_instance/div2/div_19/FE_RC_52367_0             | A1 v -> ZN ^ | OAI21D4   | 0.052 |  16.162 |   -0.148 | 
     | sfp_instance/div2/div_19/FE_RC_4555_0              | B1 ^ -> ZN v | IND2D4    | 0.036 |  16.198 |   -0.112 | 
     | sfp_instance/div2/div_19/FE_RC_27525_0             | A2 v -> ZN ^ | OAI211D4  | 0.048 |  16.246 |   -0.064 | 
     | sfp_instance/div2/div_19/FE_RC_36710_0             | A1 ^ -> ZN v | ND2D4     | 0.035 |  16.281 |   -0.029 | 
     | sfp_instance/div2/div_19/FE_RC_36709_0             | A1 v -> ZN ^ | ND2D4     | 0.025 |  16.306 |   -0.004 | 
     | sfp_instance/div2/div_19/FE_RC_46312_0             | B1 ^ -> ZN v | IND2D4    | 0.029 |  16.335 |    0.025 | 
     | sfp_instance/div2/div_19/FE_RC_53833_0             | A2 v -> ZN ^ | OAI211D4  | 0.039 |  16.374 |    0.064 | 
     | sfp_instance/div2/div_19/u_div_u_fa_PartRem_0_7_21 | CI ^ -> CO ^ | FA1D2     | 0.067 |  16.441 |    0.130 | 
     | sfp_instance/div2/div_19/u_div_u_fa_PartRem_0_7_22 | CI ^ -> CO ^ | FA1D2     | 0.062 |  16.502 |    0.192 | 
     | sfp_instance/div2/div_19/u_div_u_fa_PartRem_0_7_23 | CI ^ -> CO ^ | FA1D2     | 0.070 |  16.572 |    0.262 | 
     | sfp_instance/div2/div_19/FE_OFC1826_u_div_CryTmp_7 | I ^ -> Z ^   | BUFFD16   | 0.056 |  16.629 |    0.319 | 
     | __24_                                              |              |           |       |         |          | 
     | sfp_instance/div2/div_19/FE_RC_54697_0             | B1 ^ -> ZN v | IND2D4    | 0.035 |  16.664 |    0.354 | 
     | sfp_instance/div2/div_19/FE_RC_54655_0             | B v -> ZN ^  | OAI21D4   | 0.029 |  16.693 |    0.383 | 
     | sfp_instance/div2/div_19/FE_RC_774_0               | B1 ^ -> ZN v | IND2D4    | 0.032 |  16.725 |    0.415 | 
     | sfp_instance/div2/div_19/FE_RC_773_0_dup           | A1 v -> ZN ^ | ND2D4     | 0.023 |  16.748 |    0.438 | 
     | sfp_instance/div2/div_19/FE_RC_26270_0             | A1 ^ -> ZN v | ND2D4     | 0.030 |  16.778 |    0.468 | 
     | sfp_instance/div2/div_19/FE_RC_750_0               | A1 v -> ZN ^ | ND2D4     | 0.024 |  16.802 |    0.492 | 
     | sfp_instance/div2/div_19/FE_RC_45109_0             | B1 ^ -> ZN v | IND2D4    | 0.025 |  16.826 |    0.516 | 
     | sfp_instance/div2/div_19/FE_RC_45108_0             | A1 v -> ZN ^ | ND2D4     | 0.022 |  16.848 |    0.538 | 
     | sfp_instance/div2/div_19/FE_RC_44899_0             | B1 ^ -> ZN v | IND2D4    | 0.024 |  16.873 |    0.563 | 
     | sfp_instance/div2/div_19/FE_RC_44897_0             | B1 v -> ZN ^ | IND2D4    | 0.023 |  16.896 |    0.586 | 
     | sfp_instance/div2/div_19/FE_RC_13317_0             | A1 ^ -> ZN v | ND2D4     | 0.024 |  16.920 |    0.610 | 
     | sfp_instance/div2/div_19/FE_RC_13316_0             | A1 v -> ZN ^ | ND2D4     | 0.022 |  16.942 |    0.632 | 
     | sfp_instance/div2/div_19/FE_RC_15776_0             | A1 ^ -> ZN v | ND2D4     | 0.029 |  16.971 |    0.661 | 
     | sfp_instance/div2/div_19/FE_RC_15775_0             | A1 v -> ZN ^ | ND2D4     | 0.025 |  16.996 |    0.686 | 
     | sfp_instance/div2/div_19/FE_RC_983_0               | B1 ^ -> ZN v | IND2D4    | 0.037 |  17.033 |    0.723 | 
     | sfp_instance/div2/div_19/FE_RC_53047_0             | A2 v -> ZN ^ | OAI211D4  | 0.044 |  17.077 |    0.767 | 
     | sfp_instance/div2/div_19/FE_RC_11861_0             | B1 ^ -> ZN v | IND2D4    | 0.038 |  17.116 |    0.805 | 
     | sfp_instance/div2/div_19/FE_RC_54559_0             | A1 v -> ZN ^ | OAI21D4   | 0.048 |  17.163 |    0.853 | 
     | sfp_instance/div2/div_19/FE_RC_54545_0             | B1 ^ -> ZN v | IND2D4    | 0.033 |  17.197 |    0.887 | 
     | sfp_instance/div2/div_19/FE_RC_55271_0             | B1 v -> ZN ^ | IND2D4    | 0.023 |  17.220 |    0.910 | 
     | sfp_instance/div2/div_19/FE_RC_55270_0             | A1 ^ -> ZN v | ND2D4     | 0.029 |  17.249 |    0.939 | 
     | sfp_instance/div2/div_19/FE_RC_44572_0             | A1 v -> ZN ^ | ND2D8     | 0.044 |  17.293 |    0.983 | 
     | sfp_instance/div2/div_19/U346                      | S ^ -> Z v   | MUX2D4    | 0.115 |  17.408 |    1.098 | 
     | sfp_instance/div2/div_19/FE_RC_1745_0              | A1 v -> Z v  | OR2D4     | 0.069 |  17.477 |    1.167 | 
     | sfp_instance/div2/div_19/FE_RC_22212_0             | I v -> ZN ^  | CKND4     | 0.021 |  17.498 |    1.188 | 
     | sfp_instance/div2/div_19/FE_RC_22211_0             | A1 ^ -> ZN v | AOI21D4   | 0.021 |  17.519 |    1.209 | 
     | sfp_instance/div2/div_19/FE_RC_22210_0             | B1 v -> ZN ^ | INR2D2    | 0.048 |  17.567 |    1.257 | 
     | sfp_instance/div2/div_19/FE_RC_47299_0             | A2 ^ -> ZN v | OAI31D4   | 0.045 |  17.612 |    1.302 | 
     | sfp_instance/div2/div_19/FE_RC_55323_0             | A1 v -> ZN ^ | CKND2D4   | 0.031 |  17.644 |    1.334 | 
     | sfp_instance/div2/div_19/FE_RC_55322_0             | A1 ^ -> ZN v | ND2D4     | 0.032 |  17.676 |    1.366 | 
     | sfp_instance/div2/div_19/FE_RC_2157_0              | B1 v -> ZN ^ | IND2D4    | 0.028 |  17.704 |    1.393 | 
     | sfp_instance/div2/div_19/FE_RC_25260_0             | A1 ^ -> ZN v | OAI21D4   | 0.032 |  17.736 |    1.426 | 
     | sfp_instance/div2/div_19/FE_RC_22549_0             | A2 v -> ZN ^ | OAI211D4  | 0.052 |  17.787 |    1.477 | 
     | sfp_instance/div2/div_19/FE_RC_36097_0             | A2 ^ -> ZN v | OAI211D4  | 0.052 |  17.840 |    1.530 | 
     | sfp_instance/div2/div_19/FE_RC_41733_0             | A1 v -> ZN ^ | CKND2D4   | 0.038 |  17.878 |    1.568 | 
     | sfp_instance/div2/div_19/FE_RC_43609_0             | A2 ^ -> ZN v | OAI211D4  | 0.045 |  17.923 |    1.613 | 
     | sfp_instance/div2/div_19/FE_RC_52074_0             | A1 v -> ZN ^ | CKND2D4   | 0.034 |  17.957 |    1.647 | 
     | sfp_instance/div2/div_19/FE_RC_56677_0             | B1 ^ -> ZN v | IND2D4    | 0.028 |  17.985 |    1.675 | 
     | sfp_instance/div2/div_19/FE_RC_44199_0             | A1 v -> ZN ^ | CKND2D4   | 0.025 |  18.010 |    1.700 | 
     | sfp_instance/div2/div_19/FE_RC_44198_0             | A1 ^ -> ZN v | ND2D4     | 0.030 |  18.040 |    1.730 | 
     | sfp_instance/div2/div_19/FE_RC_44726_0             | A2 v -> ZN ^ | OAI211D4  | 0.043 |  18.083 |    1.773 | 
     | sfp_instance/div2/div_19/FE_OCPC13702_div_out2_5_  | I ^ -> Z ^   | BUFFD16   | 0.060 |  18.144 |    1.834 | 
     | sfp_instance/div2/div_19/FE_OCPC13707_div_out2_5_  | I ^ -> ZN v  | INVD12    | 0.031 |  18.175 |    1.865 | 
     | sfp_instance/div2/div_19/FE_RC_25809_0             | A1 v -> ZN ^ | NR2D4     | 0.035 |  18.210 |    1.899 | 
     | sfp_instance/div2/div_19/FE_RC_27957_0             | B1 ^ -> ZN v | INR2XD2   | 0.028 |  18.238 |    1.928 | 
     | sfp_instance/div2/div_19/FE_RC_27955_0             | A1 v -> ZN ^ | CKND2D4   | 0.026 |  18.264 |    1.954 | 
     | sfp_instance/div2/div_19/FE_RC_12530_0             | A1 ^ -> ZN v | ND2D4     | 0.025 |  18.289 |    1.979 | 
     | sfp_instance/div2/div_19/FE_RC_12529_0             | A1 v -> ZN ^ | ND2D4     | 0.025 |  18.313 |    2.003 | 
     | sfp_instance/div2/div_19/FE_RC_43728_0             | A1 ^ -> ZN v | ND2D4     | 0.024 |  18.338 |    2.028 | 
     | sfp_instance/div2/div_19/FE_RC_43727_0             | A1 v -> ZN ^ | ND2D4     | 0.024 |  18.362 |    2.052 | 
     | sfp_instance/div2/div_19/FE_RC_57580_0             | A2 ^ -> ZN v | OAI211D4  | 0.036 |  18.398 |    2.088 | 
     | sfp_instance/div2/div_19/FE_RC_14008_0             | A1 v -> ZN ^ | CKND2D4   | 0.034 |  18.432 |    2.122 | 
     | sfp_instance/div2/div_19/FE_RC_44583_0             | B1 ^ -> ZN v | IND2D4    | 0.033 |  18.465 |    2.155 | 
     | sfp_instance/div2/div_19/FE_RC_56738_0             | B1 v -> ZN ^ | IND2D4    | 0.026 |  18.491 |    2.181 | 
     | sfp_instance/div2/div_19/FE_RC_56737_0             | A1 ^ -> ZN v | ND2D8     | 0.032 |  18.524 |    2.214 | 
     | sfp_instance/div2/div_19/FE_RC_53844_0             | A2 v -> ZN ^ | OAI211D4  | 0.043 |  18.566 |    2.256 | 
     | sfp_instance/div2/div_19/FE_RC_53843_0             | A1 ^ -> ZN v | ND2D4     | 0.037 |  18.604 |    2.294 | 
     | sfp_instance/div2/div_19/FE_RC_52840_0             | A1 v -> ZN ^ | OAI21D4   | 0.043 |  18.647 |    2.337 | 
     | sfp_instance/div2/div_19/FE_RC_57466_0             | A1 ^ -> ZN v | ND2D4     | 0.030 |  18.676 |    2.366 | 
     | sfp_instance/div2/div_19/FE_RC_57514_0             | A1 v -> ZN ^ | ND2D4     | 0.037 |  18.713 |    2.403 | 
     | sfp_instance/div2/div_19/FE_RC_48568_0             | A2 ^ -> ZN v | OAI211D4  | 0.048 |  18.761 |    2.451 | 
     | sfp_instance/div2/div_19/FE_RC_29741_0             | A1 v -> ZN ^ | ND2D8     | 0.055 |  18.817 |    2.507 | 
     | sfp_instance/div2/div_19/FE_RC_52570_0             | B1 ^ -> ZN v | IND2D4    | 0.039 |  18.856 |    2.546 | 
     | sfp_instance/div2/div_19/FE_RC_52568_0             | B v -> ZN ^  | OAI21D4   | 0.031 |  18.887 |    2.577 | 
     | sfp_instance/div2/div_19/FE_RC_48960_0             | I ^ -> ZN v  | CKND2     | 0.025 |  18.911 |    2.601 | 
     | sfp_instance/div2/div_19/FE_RC_48958_0             | A1 v -> ZN ^ | CKND2D2   | 0.026 |  18.937 |    2.627 | 
     | sfp_instance/div2/div_19/FE_RC_48957_0             | A1 ^ -> ZN v | ND2D2     | 0.027 |  18.965 |    2.654 | 
     | sfp_instance/div2/div_19/FE_RC_48956_0             | A1 v -> ZN ^ | ND2D2     | 0.021 |  18.985 |    2.675 | 
     | sfp_instance/div2/div_19/u_div_u_fa_PartRem_0_3_3  | CI ^ -> CO ^ | FA1D1     | 0.063 |  19.048 |    2.738 | 
     | sfp_instance/div2/div_19/u_div_u_fa_PartRem_0_3_4  | CI ^ -> CO ^ | FA1D1     | 0.074 |  19.122 |    2.811 | 
     | sfp_instance/div2/div_19/u_div_u_fa_PartRem_0_3_5  | CI ^ -> CO ^ | FA1D2     | 0.066 |  19.187 |    2.877 | 
     | sfp_instance/div2/div_19/u_div_u_fa_PartRem_0_3_6  | CI ^ -> CO ^ | FA1D2     | 0.082 |  19.269 |    2.959 | 
     | sfp_instance/div2/div_19/FE_RC_55321_0             | A1 ^ -> ZN v | OAI21D4   | 0.039 |  19.308 |    2.998 | 
     | sfp_instance/div2/div_19/FE_RC_42232_0             | A1 v -> ZN ^ | OAI21D4   | 0.053 |  19.361 |    3.051 | 
     | sfp_instance/div2/div_19/FE_RC_34204_0             | A1 ^ -> ZN v | ND2D4     | 0.038 |  19.399 |    3.089 | 
     | sfp_instance/div2/div_19/FE_RC_42526_0             | A1 v -> ZN ^ | OAI21D4   | 0.048 |  19.446 |    3.136 | 
     | sfp_instance/div2/div_19/FE_RC_47431_0             | A1 ^ -> ZN v | ND2D4     | 0.035 |  19.482 |    3.172 | 
     | sfp_instance/div2/div_19/FE_RC_57554_0             | B1 v -> ZN ^ | IND2D4    | 0.025 |  19.507 |    3.197 | 
     | sfp_instance/div2/div_19/FE_RC_57553_0             | A1 ^ -> ZN v | AOI21D4   | 0.036 |  19.543 |    3.233 | 
     | sfp_instance/div2/div_19/FE_RC_26919_0             | I v -> ZN ^  | INVD8     | 0.046 |  19.588 |    3.278 | 
     | sfp_instance/div2/div_19/FE_RC_25023_0             | A1 ^ -> ZN ^ | IND2D2    | 0.063 |  19.652 |    3.342 | 
     | sfp_instance/div2/div_19/FE_RC_57793_0             | A1 ^ -> ZN v | ND2D4     | 0.031 |  19.683 |    3.373 | 
     | sfp_instance/div2/div_19/FE_RC_56551_0             | A1 v -> ZN ^ | NR2D4     | 0.031 |  19.714 |    3.404 | 
     | sfp_instance/div2/div_19/FE_RC_56552_0             | I ^ -> ZN v  | INVD3     | 0.023 |  19.737 |    3.427 | 
     | sfp_instance/div2/div_19/FE_RC_55593_0             | A2 v -> ZN ^ | ND2D3     | 0.020 |  19.757 |    3.447 | 
     | sfp_instance/div2/div_19/FE_RC_55592_0             | A1 ^ -> ZN v | ND2D2     | 0.021 |  19.778 |    3.468 | 
     | sfp_instance/div2/div_19/u_div_u_fa_PartRem_0_2_4  | CI v -> CO v | FA1D2     | 0.082 |  19.860 |    3.550 | 
     | sfp_instance/div2/div_19/FE_RC_15589_0             | A1 v -> ZN ^ | ND2D4     | 0.030 |  19.890 |    3.580 | 
     | sfp_instance/div2/div_19/FE_RC_54238_0             | A2 ^ -> ZN v | OAI211D4  | 0.037 |  19.927 |    3.617 | 
     | sfp_instance/div2/div_19/FE_RC_35856_0             | A1 v -> ZN ^ | ND2D2     | 0.031 |  19.957 |    3.647 | 
     | sfp_instance/div2/div_19/FE_RC_35855_0             | B ^ -> ZN v  | IOA21D2   | 0.028 |  19.986 |    3.676 | 
     | sfp_instance/div2/div_19/FE_RC_35688_0             | A1 v -> ZN ^ | ND2D2     | 0.029 |  20.014 |    3.704 | 
     | sfp_instance/div2/div_19/FE_RC_35687_0             | A1 ^ -> ZN v | ND2D4     | 0.034 |  20.049 |    3.739 | 
     | sfp_instance/div2/div_19/FE_RC_38090_0             | A1 v -> ZN ^ | OAI21D4   | 0.044 |  20.093 |    3.783 | 
     | sfp_instance/div2/div_19/FE_RC_23199_0             | B1 ^ -> ZN v | IND2D4    | 0.038 |  20.131 |    3.821 | 
     | sfp_instance/div2/div_19/FE_RC_8301_0              | B1 v -> ZN ^ | IND2D4    | 0.024 |  20.155 |    3.845 | 
     | sfp_instance/div2/div_19/FE_RC_8300_0              | A1 ^ -> ZN v | CKND2D4   | 0.025 |  20.180 |    3.870 | 
     | sfp_instance/div2/div_19/FE_RC_14529_0             | A1 v -> ZN ^ | ND2D4     | 0.032 |  20.212 |    3.902 | 
     | sfp_instance/div2/div_19/FE_RC_29432_0             | A2 ^ -> ZN v | OAI211D4  | 0.048 |  20.260 |    3.950 | 
     | sfp_instance/div2/div_19/FE_RC_22697_0             | A1 v -> ZN ^ | ND2D4     | 0.037 |  20.297 |    3.987 | 
     | sfp_instance/div2/div_19/FE_RC_22903_0             | A1 ^ -> ZN v | ND2D8     | 0.054 |  20.351 |    4.041 | 
     | sfp_instance/div2/div_19/FE_RC_13043_0             | A1 v -> ZN ^ | ND2D2     | 0.047 |  20.398 |    4.088 | 
     | sfp_instance/div2/div_19/FE_RC_13042_0             | A2 ^ -> ZN v | CKND2D4   | 0.029 |  20.428 |    4.118 | 
     | sfp_instance/div2/div_19/u_div_u_fa_PartRem_0_1_2  | A v -> CO v  | FA1D1     | 0.145 |  20.573 |    4.263 | 
     | sfp_instance/div2/div_19/u_div_u_fa_PartRem_0_1_3  | CI v -> CO v | FA1D1     | 0.075 |  20.647 |    4.337 | 
     | sfp_instance/div2/div_19/u_div_u_fa_PartRem_0_1_4  | CI v -> CO v | FA1D1     | 0.077 |  20.724 |    4.414 | 
     | sfp_instance/div2/div_19/u_div_u_fa_PartRem_0_1_5  | CI v -> CO v | FA1D1     | 0.076 |  20.801 |    4.491 | 
     | sfp_instance/div2/div_19/u_div_u_fa_PartRem_0_1_6  | CI v -> CO v | FA1D2     | 0.092 |  20.893 |    4.583 | 
     | sfp_instance/div2/div_19/FE_RC_5240_0              | B1 v -> ZN ^ | IND2D4    | 0.034 |  20.927 |    4.617 | 
     | sfp_instance/div2/div_19/FE_RC_52825_0             | A2 ^ -> ZN v | OAI211D4  | 0.042 |  20.970 |    4.660 | 
     | sfp_instance/div2/div_19/FE_RC_3942_0              | B1 v -> ZN ^ | IND2D4    | 0.035 |  21.005 |    4.695 | 
     | sfp_instance/div2/div_19/FE_RC_43411_0             | A1 ^ -> ZN v | AOI21D4   | 0.042 |  21.047 |    4.737 | 
     | sfp_instance/div2/div_19/FE_RC_43410_0             | A1 v -> ZN ^ | OAI21D4   | 0.047 |  21.094 |    4.784 | 
     | sfp_instance/div2/div_19/FE_RC_43409_0             | A1 ^ -> ZN v | ND2D4     | 0.041 |  21.135 |    4.825 | 
     | sfp_instance/div2/div_19/FE_RC_39587_0             | A1 v -> ZN ^ | AOI21D4   | 0.042 |  21.176 |    4.866 | 
     | sfp_instance/div2/div_19/FE_RC_39584_0             | A2 ^ -> ZN v | OAI211D4  | 0.044 |  21.220 |    4.910 | 
     | sfp_instance/div2/div_19/FE_OCPC5005_div_out2_1_   | I v -> Z v   | BUFFD16   | 0.067 |  21.287 |    4.977 | 
     | sfp_instance/div2/div_19/FE_RC_10373_0             | A1 v -> ZN ^ | ND2D4     | 0.033 |  21.320 |    5.010 | 
     | sfp_instance/div2/div_19/FE_RC_10371_0             | B ^ -> ZN v  | OAI21D4   | 0.039 |  21.359 |    5.049 | 
     | sfp_instance/div2/div_19/FE_RC_7542_0              | A1 v -> ZN ^ | NR2D3     | 0.038 |  21.397 |    5.087 | 
     | sfp_instance/div2/div_19/FE_RC_20329_0             | A1 ^ -> ZN v | OAI21D4   | 0.030 |  21.427 |    5.117 | 
     | sfp_instance/div2/div_19/FE_RC_41415_0             | I v -> ZN ^  | CKND3     | 0.022 |  21.449 |    5.139 | 
     | sfp_instance/div2/div_19/FE_RC_41414_0             | A1 ^ -> ZN v | OAI21D4   | 0.022 |  21.471 |    5.161 | 
     | sfp_instance/div2/div_19/FE_RC_18925_0             | A1 v -> ZN ^ | ND2D2     | 0.021 |  21.493 |    5.183 | 
     | sfp_instance/div2/div_19/FE_RC_3753_0              | A1 ^ -> ZN v | ND2D2     | 0.024 |  21.517 |    5.207 | 
     | sfp_instance/div2/div_19/FE_RC_9092_0              | A1 v -> ZN ^ | ND2D2     | 0.021 |  21.538 |    5.228 | 
     | sfp_instance/div2/div_19/FE_RC_8399_0              | A1 ^ -> ZN v | ND2D2     | 0.028 |  21.566 |    5.256 | 
     | sfp_instance/div2/div_19/FE_RC_38851_0             | B1 v -> ZN ^ | IND2D4    | 0.023 |  21.589 |    5.279 | 
     | sfp_instance/div2/div_19/FE_RC_55269_0             | B1 ^ -> ZN v | IND2D4    | 0.024 |  21.613 |    5.303 | 
     | sfp_instance/div2/div_19/FE_RC_55268_0             | A1 v -> ZN ^ | ND2D4     | 0.026 |  21.639 |    5.329 | 
     | sfp_instance/div2/div_19/FE_RC_37612_0             | B1 ^ -> ZN v | IND2D4    | 0.028 |  21.667 |    5.357 | 
     | sfp_instance/div2/div_19/FE_RC_39571_0             | A1 v -> ZN ^ | ND2D4     | 0.024 |  21.692 |    5.382 | 
     | sfp_instance/div2/div_19/FE_RC_39572_0             | I ^ -> ZN v  | INVD4     | 0.020 |  21.712 |    5.402 | 
     | sfp_instance/div2/div_19/FE_RC_34241_0             | A1 v -> ZN ^ | NR2D8     | 0.043 |  21.755 |    5.445 | 
     | sfp_instance/div2/div_19/FE_RC_34313_0             | A2 ^ -> ZN v | OAI211D4  | 0.047 |  21.802 |    5.492 | 
     | sfp_instance/div2/div_19/FE_RC_8697_0              | B1 v -> ZN ^ | IND2D4    | 0.032 |  21.834 |    5.524 | 
     | sfp_instance/div2/div_19/FE_RC_47248_0             | A1 ^ -> ZN v | OAI21D4   | 0.025 |  21.859 |    5.549 | 
     | sfp_instance/sfp_out_sign2_reg_0_                  | D v          | EDFKCNQD1 | 0.000 |  21.859 |    5.549 | 
     +------------------------------------------------------------------------------------------------------------+ 
Path 4: VIOLATED Setup Check with Pin sfp_instance/sfp_out_sign6_reg_0_/CP 
Endpoint:   sfp_instance/sfp_out_sign6_reg_0_/D        (^) checked with  
leading edge of 'clk'
Beginpoint: sfp_instance/fifo_inst_int/rd_ptr_reg_0_/Q (^) triggered by  
leading edge of 'clk'
Path Groups: {clk}
Analysis View: WC_VIEW
Other End Arrival Time          5.370
- Setup                         0.167
+ Phase Shift                   1.000
+ CPPR Adjustment               0.000
= Required Time                 6.203
- Arrival Time                 22.362
= Slack Time                  -16.159
     Clock Rise Edge                 0.000
     + Clock Network Latency (Prop)  1.058
     = Beginpoint Arrival Time       1.058
     +------------------------------------------------------------------------------------------------------------+ 
     |                      Instance                      |     Arc      |   Cell    | Delay | Arrival | Required | 
     |                                                    |              |           |       |  Time   |   Time   | 
     |----------------------------------------------------+--------------+-----------+-------+---------+----------| 
     | sfp_instance/fifo_inst_int/rd_ptr_reg_0_           | CP ^         |           |       |   1.058 |  -15.101 | 
     | sfp_instance/fifo_inst_int/rd_ptr_reg_0_           | CP ^ -> Q ^  | EDFKCNQD4 | 0.150 |   1.207 |  -14.952 | 
     | sfp_instance/fifo_inst_int/FE_OCPC10112_rd_ptr_0_  | I ^ -> ZN v  | CKND16    | 0.035 |   1.243 |  -14.916 | 
     | sfp_instance/fifo_inst_int/FE_OCPC12454_rd_ptr_0_  | I v -> ZN ^  | INVD16    | 0.041 |   1.283 |  -14.876 | 
     | sfp_instance/fifo_inst_int/fifo_mux_16_1a/FE_OCPC1 | I ^ -> ZN v  | INVD16    | 0.028 |   1.312 |  -14.847 | 
     | 2457_rd_ptr_0_                                     |              |           |       |         |          | 
     | sfp_instance/fifo_inst_int/fifo_mux_16_1a/FE_OCPC1 | I v -> ZN ^  | CKND16    | 0.033 |   1.345 |  -14.814 | 
     | 2462_rd_ptr_0_                                     |              |           |       |         |          | 
     | sfp_instance/fifo_inst_int/fifo_mux_16_1a/mux_8_1a | A1 ^ -> ZN v | ND2D4     | 0.027 |   1.372 |  -14.787 | 
     | /fifo_mux_2_1c/FE_RC_15770_0                       |              |           |       |         |          | 
     | sfp_instance/fifo_inst_int/fifo_mux_16_1a/mux_8_1a | B v -> ZN ^  | OAI21D4   | 0.027 |   1.399 |  -14.760 | 
     | /fifo_mux_2_1c/FE_RC_15769_0                       |              |           |       |         |          | 
     | sfp_instance/fifo_inst_int/fifo_mux_16_1a/mux_8_1a | B1 ^ -> ZN v | IND2D4    | 0.027 |   1.426 |  -14.733 | 
     | /fifo_mux_2_1f/FE_RC_25823_0                       |              |           |       |         |          | 
     | sfp_instance/fifo_inst_int/fifo_mux_16_1a/mux_8_1a | A1 v -> ZN ^ | CKND2D4   | 0.023 |   1.449 |  -14.710 | 
     | /fifo_mux_2_1f/FE_RC_25821_0                       |              |           |       |         |          | 
     | sfp_instance/fifo_inst_int/fifo_mux_16_1a/mux_8_1a | B1 ^ -> ZN v | IND2D4    | 0.023 |   1.473 |  -14.686 | 
     | /fifo_mux_2_1g/FE_RC_46072_0                       |              |           |       |         |          | 
     | sfp_instance/fifo_inst_int/fifo_mux_16_1a/mux_8_1a | A1 v -> ZN ^ | CKND2D4   | 0.024 |   1.496 |  -14.663 | 
     | /fifo_mux_2_1g/FE_RC_46071_0                       |              |           |       |         |          | 
     | sfp_instance/fifo_inst_int/fifo_mux_16_1a/mux_2_1a | B1 ^ -> ZN v | IND2D4    | 0.030 |   1.526 |  -14.633 | 
     | /FE_RC_410_0                                       |              |           |       |         |          | 
     | sfp_instance/fifo_inst_int/fifo_mux_16_1a/mux_2_1a | A1 v -> ZN ^ | ND2D8     | 0.040 |   1.567 |  -14.592 | 
     | /FE_RC_409_0                                       |              |           |       |         |          | 
     | sfp_instance/add_88/FE_RC_54927_0                  | A1 ^ -> ZN v | NR2XD4    | 0.033 |   1.599 |  -14.560 | 
     | sfp_instance/add_88/FE_RC_54928_0                  | I v -> ZN ^  | INVD4     | 0.020 |   1.619 |  -14.540 | 
     | sfp_instance/add_88/FE_RC_49201_0                  | A1 ^ -> ZN v | ND2D4     | 0.021 |   1.641 |  -14.518 | 
     | sfp_instance/add_88/FE_RC_49200_0                  | A1 v -> ZN ^ | CKND2D4   | 0.024 |   1.664 |  -14.495 | 
     | sfp_instance/add_88/FE_RC_51437_0                  | A1 ^ -> ZN v | ND2D2     | 0.025 |   1.689 |  -14.470 | 
     | sfp_instance/add_88/FE_RC_51436_0                  | A1 v -> ZN ^ | ND2D2     | 0.020 |   1.710 |  -14.449 | 
     | sfp_instance/add_88/U1_4                           | CI ^ -> CO ^ | FA1D2     | 0.072 |   1.781 |  -14.378 | 
     | sfp_instance/add_88/FE_RC_64011_0                  | A1 ^ -> ZN v | ND2D4     | 0.030 |   1.811 |  -14.348 | 
     | sfp_instance/add_88/FE_RC_64010_0                  | A1 v -> ZN ^ | CKND2D4   | 0.024 |   1.836 |  -14.323 | 
     | sfp_instance/add_88/U1_6                           | CI ^ -> CO ^ | FA1D2     | 0.075 |   1.911 |  -14.248 | 
     | sfp_instance/add_88/FE_RC_11310_0                  | A1 ^ -> ZN v | ND2D4     | 0.033 |   1.944 |  -14.215 | 
     | sfp_instance/add_88/FE_RC_47281_0                  | B1 v -> ZN ^ | IND2D4    | 0.027 |   1.971 |  -14.188 | 
     | sfp_instance/add_88/FE_RC_47280_0                  | A1 ^ -> ZN v | ND2D8     | 0.035 |   2.005 |  -14.154 | 
     | sfp_instance/add_88/FE_RC_47876_0                  | B1 v -> ZN ^ | IND2D4    | 0.026 |   2.031 |  -14.128 | 
     | sfp_instance/add_88/FE_RC_47875_0                  | A1 ^ -> ZN v | ND2D4     | 0.026 |   2.057 |  -14.102 | 
     | sfp_instance/add_88/FE_RC_45316_0                  | A1 v -> ZN ^ | OAI21D4   | 0.032 |   2.089 |  -14.070 | 
     | sfp_instance/add_88/U1_13                          | CI ^ -> CO ^ | FA1D2     | 0.076 |   2.165 |  -13.994 | 
     | sfp_instance/add_88/FE_RC_15893_0                  | A1 ^ -> ZN v | CKND2D4   | 0.033 |   2.198 |  -13.961 | 
     | sfp_instance/add_88/FE_RC_15944_0                  | B1 v -> ZN ^ | IND2D4    | 0.027 |   2.225 |  -13.934 | 
     | sfp_instance/add_88/FE_RC_15943_0                  | A1 ^ -> ZN v | ND2D8     | 0.035 |   2.260 |  -13.899 | 
     | sfp_instance/add_88/FE_RC_40_0_dup1_dup            | A1 v -> ZN ^ | CKND2D8   | 0.036 |   2.296 |  -13.863 | 
     | sfp_instance/add_88/FE_RC_15872_0_dup              | A1 ^ -> ZN v | ND2D4     | 0.029 |   2.325 |  -13.834 | 
     | sfp_instance/add_88/FE_RC_15853_0                  | A1 v -> ZN ^ | CKND2D4   | 0.026 |   2.352 |  -13.807 | 
     | sfp_instance/add_88/FE_RC_15910_0                  | B1 ^ -> ZN v | IND2D4    | 0.031 |   2.383 |  -13.776 | 
     | sfp_instance/add_88/FE_RC_64005_0                  | A1 v -> ZN ^ | ND3D8     | 0.027 |   2.410 |  -13.749 | 
     | sfp_instance/FE_OCPC14849_sum_2core_23_            | I ^ -> ZN v  | CKND12    | 0.028 |   2.438 |  -13.721 | 
     | sfp_instance/FE_OCPC14851_sum_2core_23_            | I v -> ZN ^  | INVD16    | 0.029 |   2.466 |  -13.693 | 
     | sfp_instance/FE_PSC25100_FE_OCPN14851_sum_2core_23 | I ^ -> ZN v  | CKND4     | 0.035 |   2.502 |  -13.657 | 
     | _                                                  |              |           |       |         |          | 
     | sfp_instance/FE_PSC25140_FE_OCPN14851_sum_2core_23 | I v -> ZN ^  | INVD8     | 0.059 |   2.561 |  -13.598 | 
     | _                                                  |              |           |       |         |          | 
     | sfp_instance/div6/div_19/U610                      | A2 ^ -> ZN v | NR2XD8    | 0.071 |   2.632 |  -13.527 | 
     | sfp_instance/div6/div_19/FE_RC_56213_0             | A2 v -> ZN ^ | ND3D8     | 0.026 |   2.658 |  -13.501 | 
     | sfp_instance/div6/div_19/FE_RC_53507_0             | I ^ -> ZN v  | CKND6     | 0.024 |   2.682 |  -13.477 | 
     | sfp_instance/div6/div_19/FE_RC_38722_0             | A1 v -> ZN ^ | ND2D8     | 0.022 |   2.704 |  -13.455 | 
     | sfp_instance/div6/div_19/FE_RC_19401_0             | I ^ -> ZN v  | CKND12    | 0.022 |   2.725 |  -13.434 | 
     | sfp_instance/div6/div_19/FE_RC_26336_0             | B1 v -> ZN ^ | IND2D4    | 0.027 |   2.752 |  -13.407 | 
     | sfp_instance/div6/div_19/FE_RC_57021_0             | A1 ^ -> ZN v | NR2XD4    | 0.028 |   2.780 |  -13.379 | 
     | sfp_instance/div6/div_19/FE_RC_31156_0_dup         | B v -> ZN ^  | OAI21D4   | 0.044 |   2.824 |  -13.335 | 
     | sfp_instance/div6/div_19/FE_OCPC9941_FE_RN_14548_0 | I ^ -> ZN v  | CKND4     | 0.019 |   2.843 |  -13.316 | 
     | _dup                                               |              |           |       |         |          | 
     | sfp_instance/div6/div_19/U431                      | S v -> Z v   | MUX2D2    | 0.076 |   2.919 |  -13.240 | 
     | sfp_instance/div6/div_19/FE_RC_22785_0             | A1 v -> ZN ^ | CKND2D2   | 0.028 |   2.947 |  -13.212 | 
     | sfp_instance/div6/div_19/FE_RC_22784_0_dup         | A1 ^ -> ZN v | ND2D2     | 0.043 |   2.991 |  -13.168 | 
     | sfp_instance/div6/div_19/FE_RC_49890_0             | A2 v -> ZN ^ | ND2D2     | 0.037 |   3.027 |  -13.132 | 
     | sfp_instance/div6/div_19/FE_RC_57591_0             | A1 ^ -> ZN v | AOI21D4   | 0.036 |   3.063 |  -13.096 | 
     | sfp_instance/div6/div_19/U452                      | S v -> Z v   | MUX2D4    | 0.084 |   3.147 |  -13.012 | 
     | sfp_instance/div6/div_19/FE_RC_10116_0             | B1 v -> ZN ^ | IND2D4    | 0.026 |   3.172 |  -12.987 | 
     | sfp_instance/div6/div_19/FE_RC_10115_0             | A1 ^ -> ZN v | ND2D4     | 0.027 |   3.200 |  -12.959 | 
     | sfp_instance/div6/div_19/FE_RC_35903_0             | A1 v -> ZN ^ | ND2D2     | 0.023 |   3.223 |  -12.936 | 
     | sfp_instance/div6/div_19/FE_RC_36852_0             | A1 ^ -> ZN v | ND2D2     | 0.022 |   3.245 |  -12.914 | 
     | sfp_instance/div6/div_19/u_div_u_fa_PartRem_0_27_3 | CI v -> CO v | FA1D1     | 0.074 |   3.319 |  -12.840 | 
     | sfp_instance/div6/div_19/FE_RC_54320_0             | A1 v -> ZN ^ | CKND2D2   | 0.035 |   3.354 |  -12.805 | 
     | sfp_instance/div6/div_19/FE_RC_54321_0             | I ^ -> ZN v  | CKND4     | 0.027 |   3.382 |  -12.777 | 
     | sfp_instance/div6/div_19/U472                      | S v -> Z v   | MUX2D4    | 0.078 |   3.460 |  -12.699 | 
     | sfp_instance/div6/div_19/FE_RC_6583_0              | B1 v -> ZN ^ | IND2D4    | 0.026 |   3.486 |  -12.673 | 
     | sfp_instance/div6/div_19/FE_RC_6582_0              | A1 ^ -> ZN v | ND2D4     | 0.024 |   3.510 |  -12.649 | 
     | sfp_instance/div6/div_19/FE_RC_8629_0              | A1 v -> ZN ^ | CKND2D2   | 0.026 |   3.536 |  -12.623 | 
     | sfp_instance/div6/div_19/FE_RC_8628_0              | A1 ^ -> ZN v | ND2D2     | 0.024 |   3.560 |  -12.599 | 
     | sfp_instance/div6/div_19/u_div_u_fa_PartRem_0_26_3 | CI v -> CO v | FA1D1     | 0.077 |   3.637 |  -12.522 | 
     | sfp_instance/div6/div_19/u_div_u_fa_PartRem_0_26_4 | CI v -> CO v | FA1D1     | 0.076 |   3.713 |  -12.446 | 
     | sfp_instance/div6/div_19/U491                      | A1 v -> Z v  | AN2D4     | 0.056 |   3.769 |  -12.390 | 
     | sfp_instance/div6/div_19/FE_RC_10556_0             | A1 v -> ZN ^ | ND2D2     | 0.027 |   3.796 |  -12.363 | 
     | sfp_instance/div6/div_19/FE_RC_64245_0             | B ^ -> ZN v  | OAI21D4   | 0.045 |   3.841 |  -12.318 | 
     | sfp_instance/div6/div_19/FE_RC_49968_0             | A1 v -> ZN v | IND2D4    | 0.058 |   3.899 |  -12.260 | 
     | sfp_instance/div6/div_19/FE_RC_49967_0             | A2 v -> ZN ^ | ND2D2     | 0.028 |   3.927 |  -12.232 | 
     | sfp_instance/div6/div_19/FE_RC_49966_0             | A1 ^ -> ZN v | ND2D2     | 0.026 |   3.953 |  -12.206 | 
     | sfp_instance/div6/div_19/u_div_u_fa_PartRem_0_25_3 | CI v -> CO v | FA1D1     | 0.076 |   4.030 |  -12.129 | 
     | sfp_instance/div6/div_19/u_div_u_fa_PartRem_0_25_4 | CI v -> CO v | FA1D2     | 0.087 |   4.116 |  -12.043 | 
     | sfp_instance/div6/div_19/FE_RC_22965_0             | B1 v -> ZN ^ | IND2D4    | 0.034 |   4.151 |  -12.008 | 
     | sfp_instance/div6/div_19/FE_RC_16835_0             | A1 ^ -> ZN v | ND2D8     | 0.044 |   4.195 |  -11.964 | 
     | sfp_instance/div6/div_19/FE_RC_47024_0             | I v -> ZN ^  | INVD1     | 0.062 |   4.257 |  -11.902 | 
     | sfp_instance/div6/div_19/FE_RC_47027_0             | A2 ^ -> ZN v | OAI211D4  | 0.049 |   4.306 |  -11.853 | 
     | sfp_instance/div6/div_19/FE_RC_6329_0              | A2 v -> ZN ^ | ND2D4     | 0.032 |   4.338 |  -11.821 | 
     | sfp_instance/div6/div_19/FE_RC_6328_0              | A1 ^ -> ZN v | ND2D4     | 0.029 |   4.367 |  -11.792 | 
     | sfp_instance/div6/div_19/FE_RC_54082_0             | A2 v -> ZN ^ | OAI211D4  | 0.036 |   4.403 |  -11.756 | 
     | sfp_instance/div6/div_19/FE_RC_21343_0             | A1 ^ -> ZN v | ND2D2     | 0.029 |   4.432 |  -11.727 | 
     | sfp_instance/div6/div_19/u_div_u_fa_PartRem_0_24_5 | CI v -> CO v | FA1D2     | 0.088 |   4.520 |  -11.639 | 
     | sfp_instance/div6/div_19/FE_RC_56702_0             | B1 v -> ZN ^ | IND2D4    | 0.035 |   4.554 |  -11.605 | 
     | sfp_instance/div6/div_19/FE_RC_47946_0             | A1 ^ -> ZN v | ND2D8     | 0.044 |   4.598 |  -11.561 | 
     | sfp_instance/div6/div_19/FE_RC_57517_0             | A1 v -> ZN ^ | NR2XD1    | 0.041 |   4.639 |  -11.520 | 
     | sfp_instance/div6/div_19/FE_RC_57647_0             | A1 ^ -> ZN ^ | IND2D2    | 0.055 |   4.695 |  -11.465 | 
     | sfp_instance/div6/div_19/FE_RC_54068_0             | A1 ^ -> ZN ^ | IOA21D2   | 0.072 |   4.766 |  -11.393 | 
     | sfp_instance/div6/div_19/FE_RC_17202_0             | A1 ^ -> ZN v | ND2D3     | 0.032 |   4.798 |  -11.361 | 
     | sfp_instance/div6/div_19/FE_RC_17199_0             | B1 v -> ZN ^ | IND2D4    | 0.022 |   4.819 |  -11.340 | 
     | sfp_instance/div6/div_19/FE_RC_17198_0             | A1 ^ -> ZN v | AOI21D4   | 0.027 |   4.847 |  -11.312 | 
     | sfp_instance/div6/div_19/FE_RC_17197_0             | A1 v -> ZN ^ | OAI21D4   | 0.042 |   4.889 |  -11.271 | 
     | sfp_instance/div6/div_19/FE_RC_36637_0             | A1 ^ -> ZN v | ND2D2     | 0.030 |   4.919 |  -11.241 | 
     | sfp_instance/div6/div_19/FE_RC_36636_0             | A1 v -> ZN ^ | ND2D2     | 0.023 |   4.942 |  -11.217 | 
     | sfp_instance/div6/div_19/FE_RC_53784_0             | A1 ^ -> ZN v | ND2D2     | 0.030 |   4.971 |  -11.188 | 
     | sfp_instance/div6/div_19/FE_RC_53783_0             | A1 v -> ZN ^ | CKND2D4   | 0.027 |   4.998 |  -11.161 | 
     | sfp_instance/div6/div_19/U541                      | A1 ^ -> Z ^  | AN2D4     | 0.068 |   5.066 |  -11.093 | 
     | sfp_instance/div6/div_19/FE_RC_14385_0             | A1 ^ -> ZN v | ND2D3     | 0.031 |   5.098 |  -11.062 | 
     | sfp_instance/div6/div_19/FE_RC_14383_0             | B v -> ZN ^  | OAI21D4   | 0.031 |   5.128 |  -11.031 | 
     | sfp_instance/div6/div_19/FE_RC_43744_0             | I ^ -> ZN v  | CKND2     | 0.023 |   5.151 |  -11.008 | 
     | sfp_instance/div6/div_19/FE_RC_43743_0             | A1 v -> ZN ^ | CKND2D2   | 0.028 |   5.179 |  -10.981 | 
     | sfp_instance/div6/div_19/FE_RC_43489_0             | A2 ^ -> ZN v | ND2D2     | 0.030 |   5.209 |  -10.950 | 
     | sfp_instance/div6/div_19/FE_RC_43488_0             | A1 v -> ZN ^ | ND2D2     | 0.025 |   5.234 |  -10.925 | 
     | sfp_instance/div6/div_19/FE_RC_52044_0             | A1 ^ -> ZN v | ND2D2     | 0.026 |   5.260 |  -10.899 | 
     | sfp_instance/div6/div_19/FE_RC_52043_0             | A1 v -> ZN ^ | ND2D2     | 0.022 |   5.281 |  -10.878 | 
     | sfp_instance/div6/div_19/u_div_u_fa_PartRem_0_22_4 | CI ^ -> CO ^ | FA1D2     | 0.080 |   5.361 |  -10.798 | 
     | sfp_instance/div6/div_19/FE_RC_42133_0             | A1 ^ -> ZN v | AOI21D4   | 0.038 |   5.399 |  -10.760 | 
     | sfp_instance/div6/div_19/FE_RC_42132_0             | A1 v -> ZN ^ | OAI21D4   | 0.036 |   5.436 |  -10.723 | 
     | sfp_instance/div6/div_19/FE_RC_49928_0             | A1 ^ -> ZN v | ND2D2     | 0.029 |   5.465 |  -10.694 | 
     | sfp_instance/div6/div_19/FE_RC_49927_0             | A1 v -> ZN ^ | CKND2D2   | 0.027 |   5.491 |  -10.668 | 
     | sfp_instance/div6/div_19/u_div_u_fa_PartRem_0_22_8 | CI ^ -> CO ^ | FA1D2     | 0.072 |   5.563 |  -10.596 | 
     | sfp_instance/div6/div_19/U556                      | A1 ^ -> Z ^  | AN2D4     | 0.068 |   5.631 |  -10.528 | 
     | sfp_instance/div6/div_19/FE_RC_39247_0             | S ^ -> ZN ^  | MUX2ND4   | 0.101 |   5.732 |  -10.427 | 
     | sfp_instance/div6/div_19/FE_RC_39246_0             | A1 ^ -> ZN v | CKND2D4   | 0.023 |   5.754 |  -10.405 | 
     | sfp_instance/div6/div_19/FE_RC_7354_0              | A1 v -> ZN ^ | ND2D4     | 0.023 |   5.777 |  -10.382 | 
     | sfp_instance/div6/div_19/FE_RC_7353_0              | A1 ^ -> ZN v | ND2D4     | 0.027 |   5.804 |  -10.355 | 
     | sfp_instance/div6/div_19/FE_RC_7323_0              | A1 v -> ZN ^ | ND2D4     | 0.023 |   5.827 |  -10.332 | 
     | sfp_instance/div6/div_19/FE_RC_7322_0              | A1 ^ -> ZN v | CKND2D4   | 0.023 |   5.850 |  -10.309 | 
     | sfp_instance/div6/div_19/FE_RC_35345_0             | A1 v -> ZN ^ | ND2D2     | 0.024 |   5.874 |  -10.285 | 
     | sfp_instance/div6/div_19/FE_RC_35344_0             | A1 ^ -> ZN v | ND2D2     | 0.023 |   5.897 |  -10.262 | 
     | sfp_instance/div6/div_19/u_div_u_fa_PartRem_0_21_5 | CI v -> CO v | FA1D2     | 0.087 |   5.984 |  -10.175 | 
     | sfp_instance/div6/div_19/FE_RC_27342_0             | A1 v -> ZN ^ | AOI21D4   | 0.045 |   6.029 |  -10.130 | 
     | sfp_instance/div6/div_19/FE_RC_27234_0             | A1 ^ -> ZN v | OAI21D4   | 0.036 |   6.065 |  -10.094 | 
     | sfp_instance/div6/div_19/FE_RC_36272_0             | A1 v -> ZN ^ | ND2D2     | 0.029 |   6.094 |  -10.065 | 
     | sfp_instance/div6/div_19/FE_RC_36271_0             | A1 ^ -> ZN v | CKND2D4   | 0.026 |   6.120 |  -10.039 | 
     | sfp_instance/div6/div_19/FE_RC_42350_0             | A1 v -> ZN ^ | ND2D4     | 0.026 |   6.146 |  -10.013 | 
     | sfp_instance/div6/div_19/FE_RC_42349_0             | A1 ^ -> ZN v | ND2D8     | 0.051 |   6.196 |   -9.963 | 
     | sfp_instance/div6/div_19/FE_RC_37145_0             | A1 v -> ZN ^ | ND2D4     | 0.034 |   6.230 |   -9.929 | 
     | sfp_instance/div6/div_19/FE_RC_37143_0             | B ^ -> ZN v  | OAI21D4   | 0.050 |   6.280 |   -9.879 | 
     | sfp_instance/div6/div_19/FE_RC_52541_0             | B1 v -> ZN ^ | INR2XD2   | 0.029 |   6.309 |   -9.850 | 
     | sfp_instance/div6/div_19/FE_RC_52540_0             | A1 ^ -> ZN ^ | IND2D2    | 0.042 |   6.351 |   -9.808 | 
     | sfp_instance/div6/div_19/FE_RC_52539_0             | B ^ -> ZN v  | IOA21D2   | 0.029 |   6.380 |   -9.779 | 
     | sfp_instance/div6/div_19/u_div_u_fa_PartRem_0_20_3 | CI v -> CO v | FA1D1     | 0.074 |   6.454 |   -9.705 | 
     | sfp_instance/div6/div_19/u_div_u_fa_PartRem_0_20_4 | CI v -> CO v | FA1D2     | 0.094 |   6.548 |   -9.611 | 
     | sfp_instance/div6/div_19/FE_RC_52543_0             | A1 v -> ZN ^ | AOI21D4   | 0.044 |   6.593 |   -9.567 | 
     | sfp_instance/div6/div_19/FE_RC_52542_0             | A1 ^ -> ZN v | OAI21D4   | 0.036 |   6.628 |   -9.531 | 
     | sfp_instance/div6/div_19/FE_RC_32137_0             | A1 v -> ZN ^ | ND2D4     | 0.026 |   6.654 |   -9.505 | 
     | sfp_instance/div6/div_19/FE_RC_32250_0             | A1 ^ -> ZN v | OAI21D4   | 0.029 |   6.683 |   -9.476 | 
     | sfp_instance/div6/div_19/FE_RC_32249_0             | A1 v -> ZN ^ | ND2D4     | 0.028 |   6.711 |   -9.448 | 
     | sfp_instance/div6/div_19/FE_RC_32182_0             | A1 ^ -> ZN v | ND2D8     | 0.045 |   6.756 |   -9.403 | 
     | sfp_instance/div6/div_19/FE_RC_33963_0             | B1 v -> ZN ^ | INR2XD2   | 0.044 |   6.800 |   -9.359 | 
     | sfp_instance/div6/div_19/FE_RC_36635_0             | A2 ^ -> ZN v | OAI21D4   | 0.036 |   6.835 |   -9.324 | 
     | sfp_instance/div6/div_19/FE_RC_9775_0              | A1 v -> ZN ^ | ND2D4     | 0.028 |   6.863 |   -9.296 | 
     | sfp_instance/div6/div_19/FE_RC_39064_0             | I ^ -> ZN v  | INVD4     | 0.022 |   6.885 |   -9.274 | 
     | sfp_instance/div6/div_19/FE_RC_39063_0_dup         | A1 v -> ZN ^ | OAI21D4   | 0.032 |   6.917 |   -9.242 | 
     | sfp_instance/div6/div_19/FE_RC_4661_0              | A1 ^ -> ZN v | ND2D3     | 0.029 |   6.946 |   -9.213 | 
     | sfp_instance/div6/div_19/FE_RC_4660_0              | A1 v -> ZN ^ | ND2D3     | 0.025 |   6.971 |   -9.188 | 
     | sfp_instance/div6/div_19/FE_RC_4508_0              | B1 ^ -> ZN v | IND2D4    | 0.030 |   7.001 |   -9.158 | 
     | sfp_instance/div6/div_19/FE_RC_4507_0              | A1 v -> ZN ^ | ND2D4     | 0.022 |   7.022 |   -9.137 | 
     | sfp_instance/div6/div_19/FE_RC_14976_0             | A1 ^ -> ZN v | ND2D2     | 0.026 |   7.049 |   -9.110 | 
     | sfp_instance/div6/div_19/FE_RC_14975_0             | A1 v -> ZN ^ | CKND2D2   | 0.030 |   7.079 |   -9.081 | 
     | sfp_instance/div6/div_19/FE_RC_55283_0             | A1 ^ -> ZN v | CKND2D3   | 0.029 |   7.108 |   -9.051 | 
     | sfp_instance/div6/div_19/FE_RC_55282_0             | A1 v -> ZN ^ | ND2D4     | 0.024 |   7.132 |   -9.027 | 
     | sfp_instance/div6/div_19/FE_RC_48644_0             | A1 ^ -> ZN v | AOI21D4   | 0.029 |   7.161 |   -8.999 | 
     | sfp_instance/div6/div_19/FE_RC_56331_0             | B1 v -> ZN ^ | IND2D4    | 0.024 |   7.184 |   -8.975 | 
     | sfp_instance/div6/div_19/FE_RC_56330_0             | A1 ^ -> ZN v | AOI21D4   | 0.030 |   7.215 |   -8.944 | 
     | sfp_instance/div6/div_19/FE_RC_40108_0             | A1 v -> ZN ^ | OAI21D4   | 0.044 |   7.259 |   -8.900 | 
     | sfp_instance/div6/div_19/FE_RC_41630_0             | A1 ^ -> ZN v | ND2D2     | 0.033 |   7.292 |   -8.867 | 
     | sfp_instance/div6/div_19/FE_RC_56910_0             | A1 v -> ZN ^ | ND2D3     | 0.024 |   7.317 |   -8.842 | 
     | sfp_instance/div6/div_19/FE_RC_50_0                | A1 ^ -> Z ^  | AN2D8     | 0.074 |   7.390 |   -8.769 | 
     | sfp_instance/div6/div_19/FE_RC_171_0               | A1 ^ -> ZN v | NR2D4     | 0.023 |   7.413 |   -8.746 | 
     | sfp_instance/div6/div_19/FE_RC_170_0               | A1 v -> ZN v | IND2D4    | 0.057 |   7.469 |   -8.690 | 
     | sfp_instance/div6/div_19/FE_RC_4144_0              | B1 v -> ZN ^ | IND2D4    | 0.023 |   7.493 |   -8.666 | 
     | sfp_instance/div6/div_19/FE_RC_4143_0              | A1 ^ -> ZN v | ND2D4     | 0.025 |   7.518 |   -8.642 | 
     | sfp_instance/div6/div_19/FE_RC_18860_0             | A1 v -> ZN ^ | ND2D2     | 0.024 |   7.541 |   -8.618 | 
     | sfp_instance/div6/div_19/FE_RC_4127_0              | A1 ^ -> ZN v | ND2D2     | 0.022 |   7.564 |   -8.596 | 
     | sfp_instance/div6/div_19/u_div_u_fa_PartRem_0_18_3 | CI v -> CO v | FA1D1     | 0.084 |   7.648 |   -8.511 | 
     | sfp_instance/div6/div_19/FE_RC_12348_0             | A1 v -> ZN ^ | ND2D2     | 0.034 |   7.682 |   -8.477 | 
     | sfp_instance/div6/div_19/FE_RC_12347_0             | A1 ^ -> ZN v | ND2D4     | 0.029 |   7.711 |   -8.448 | 
     | sfp_instance/div6/div_19/FE_RC_27907_0             | A1 v -> ZN ^ | ND2D4     | 0.025 |   7.736 |   -8.423 | 
     | sfp_instance/div6/div_19/FE_RC_30813_0             | B1 ^ -> ZN v | IND2D4    | 0.025 |   7.762 |   -8.397 | 
     | sfp_instance/div6/div_19/FE_RC_30812_0             | A1 v -> ZN ^ | AOI21D4   | 0.036 |   7.798 |   -8.361 | 
     | sfp_instance/div6/div_19/FE_RC_27904_0_dup         | A1 ^ -> ZN v | OAI21D4   | 0.036 |   7.834 |   -8.325 | 
     | sfp_instance/div6/div_19/FE_RC_32811_0             | A1 v -> ZN ^ | OAI21D4   | 0.043 |   7.878 |   -8.281 | 
     | sfp_instance/div6/div_19/FE_RC_39054_0             | B1 ^ -> ZN v | IND2D4    | 0.032 |   7.910 |   -8.250 | 
     | sfp_instance/div6/div_19/FE_RC_47414_0             | B1 v -> ZN ^ | IND2D4    | 0.023 |   7.932 |   -8.227 | 
     | sfp_instance/div6/div_19/FE_RC_47413_0             | A1 ^ -> ZN v | ND2D4     | 0.025 |   7.957 |   -8.202 | 
     | sfp_instance/div6/div_19/FE_RC_57100_0             | B1 v -> ZN ^ | IND2D4    | 0.028 |   7.985 |   -8.174 | 
     | sfp_instance/div6/div_19/FE_RC_57099_0             | A1 ^ -> ZN v | ND2D8     | 0.050 |   8.035 |   -8.124 | 
     | sfp_instance/div6/div_19/FE_RC_22693_0             | A1 v -> ZN ^ | ND2D4     | 0.032 |   8.067 |   -8.092 | 
     | sfp_instance/div6/div_19/FE_RC_22691_0             | B ^ -> ZN v  | OAI21D4   | 0.043 |   8.110 |   -8.049 | 
     | sfp_instance/div6/div_19/FE_RC_1831_0              | B1 v -> ZN ^ | IND2D4    | 0.027 |   8.137 |   -8.022 | 
     | sfp_instance/div6/div_19/FE_RC_1830_0_dup          | A1 ^ -> ZN v | ND2D4     | 0.023 |   8.160 |   -7.999 | 
     | sfp_instance/div6/div_19/FE_RC_2512_0              | A1 v -> ZN ^ | ND2D4     | 0.026 |   8.187 |   -7.972 | 
     | sfp_instance/div6/div_19/FE_RC_41682_0             | A1 ^ -> ZN v | CKND2D4   | 0.022 |   8.209 |   -7.950 | 
     | sfp_instance/div6/div_19/FE_RC_22331_0             | A1 v -> ZN ^ | ND2D2     | 0.021 |   8.230 |   -7.929 | 
     | sfp_instance/div6/div_19/FE_RC_22330_0             | A1 ^ -> ZN v | CKND2D2   | 0.022 |   8.252 |   -7.907 | 
     | sfp_instance/div6/div_19/u_div_u_fa_PartRem_0_17_4 | CI v -> CO v | FA1D2     | 0.084 |   8.336 |   -7.823 | 
     | sfp_instance/div6/div_19/FE_RC_1429_0              | B1 v -> ZN ^ | IND2D4    | 0.029 |   8.365 |   -7.794 | 
     | sfp_instance/div6/div_19/FE_RC_1428_0              | A1 ^ -> ZN v | CKND2D4   | 0.028 |   8.393 |   -7.766 | 
     | sfp_instance/div6/div_19/FE_RC_1401_0              | B1 v -> ZN ^ | IND2D4    | 0.024 |   8.416 |   -7.743 | 
     | sfp_instance/div6/div_19/FE_RC_1400_0              | A1 ^ -> ZN v | CKND2D4   | 0.025 |   8.442 |   -7.718 | 
     | sfp_instance/div6/div_19/FE_RC_21474_0             | A1 v -> ZN ^ | ND2D4     | 0.022 |   8.463 |   -7.696 | 
     | sfp_instance/div6/div_19/FE_RC_21473_0             | A1 ^ -> ZN v | ND2D4     | 0.025 |   8.488 |   -7.671 | 
     | sfp_instance/div6/div_19/FE_RC_11525_0             | A1 v -> ZN ^ | ND2D4     | 0.023 |   8.511 |   -7.648 | 
     | sfp_instance/div6/div_19/FE_RC_11524_0             | A1 ^ -> ZN v | CKND2D4   | 0.025 |   8.536 |   -7.624 | 
     | sfp_instance/div6/div_19/FE_RC_47051_0             | B1 v -> ZN ^ | IND2D4    | 0.028 |   8.563 |   -7.596 | 
     | sfp_instance/div6/div_19/FE_RC_47074_0             | A1 ^ -> ZN v | ND2D4     | 0.027 |   8.590 |   -7.569 | 
     | sfp_instance/div6/div_19/FE_RC_35596_0             | A1 v -> ZN ^ | ND2D4     | 0.026 |   8.616 |   -7.543 | 
     | sfp_instance/div6/div_19/FE_RC_36698_0             | A1 ^ -> ZN v | ND2D8     | 0.050 |   8.666 |   -7.493 | 
     | sfp_instance/div6/div_19/FE_OCPC8951_n93           | I v -> Z v   | BUFFD4    | 0.055 |   8.721 |   -7.438 | 
     | sfp_instance/div6/div_19/FE_RC_26041_0             | A1 v -> ZN ^ | OAI21D4   | 0.040 |   8.760 |   -7.399 | 
     | sfp_instance/div6/div_19/FE_RC_3329_0              | B1 ^ -> ZN v | IND2D4    | 0.034 |   8.794 |   -7.365 | 
     | sfp_instance/div6/div_19/FE_RC_3328_0              | A1 v -> ZN ^ | ND2D4     | 0.024 |   8.818 |   -7.341 | 
     | sfp_instance/div6/div_19/FE_RC_23736_0             | A1 ^ -> ZN v | CKND2D4   | 0.029 |   8.847 |   -7.312 | 
     | sfp_instance/div6/div_19/FE_RC_23735_0             | A1 v -> ZN ^ | ND2D4     | 0.024 |   8.871 |   -7.288 | 
     | sfp_instance/div6/div_19/FE_RC_56253_0             | A1 ^ -> ZN v | ND2D2     | 0.028 |   8.899 |   -7.261 | 
     | sfp_instance/div6/div_19/FE_RC_56252_0             | A1 v -> ZN ^ | CKND2D2   | 0.025 |   8.923 |   -7.236 | 
     | sfp_instance/div6/div_19/u_div_u_fa_PartRem_0_16_4 | CI ^ -> CO ^ | FA1D2     | 0.063 |   8.986 |   -7.173 | 
     | sfp_instance/div6/div_19/u_div_u_fa_PartRem_0_16_5 | CI ^ -> CO ^ | FA1D2     | 0.075 |   9.061 |   -7.098 | 
     | sfp_instance/div6/div_19/FE_RC_54293_0             | A2 ^ -> ZN v | OAI211D4  | 0.044 |   9.105 |   -7.054 | 
     | sfp_instance/div6/div_19/FE_RC_54292_0             | A1 v -> ZN ^ | ND2D4     | 0.037 |   9.142 |   -7.017 | 
     | sfp_instance/div6/div_19/FE_RC_49741_0             | A1 ^ -> ZN v | ND2D4     | 0.031 |   9.173 |   -6.986 | 
     | sfp_instance/div6/div_19/FE_RC_57734_0             | B1 v -> ZN ^ | IND2D4    | 0.026 |   9.199 |   -6.960 | 
     | sfp_instance/div6/div_19/FE_RC_57742_0             | A1 ^ -> ZN v | CKND2D8   | 0.030 |   9.229 |   -6.930 | 
     | sfp_instance/div6/div_19/FE_RC_22990_0             | A1 v -> ZN ^ | OAI21D4   | 0.039 |   9.269 |   -6.890 | 
     | sfp_instance/div6/div_19/FE_OCPC5311_n92           | I ^ -> Z ^   | BUFFD16   | 0.054 |   9.323 |   -6.836 | 
     | sfp_instance/div6/div_19/FE_RC_23258_0             | A1 ^ -> ZN v | NR2D4     | 0.022 |   9.345 |   -6.814 | 
     | sfp_instance/div6/div_19/FE_RC_23257_0             | A1 v -> ZN v | IND2D4    | 0.052 |   9.397 |   -6.762 | 
     | sfp_instance/div6/div_19/u_div_u_fa_PartRem_0_15_2 | A v -> CO v  | FA1D4     | 0.150 |   9.547 |   -6.612 | 
     | sfp_instance/div6/div_19/u_div_u_fa_PartRem_0_15_3 | CI v -> CO v | FA1D2     | 0.083 |   9.630 |   -6.529 | 
     | sfp_instance/div6/div_19/u_div_u_fa_PartRem_0_15_4 | CI v -> CO v | FA1D2     | 0.089 |   9.719 |   -6.440 | 
     | sfp_instance/div6/div_19/FE_RC_12884_0             | B1 v -> ZN ^ | IND2D4    | 0.028 |   9.748 |   -6.412 | 
     | sfp_instance/div6/div_19/FE_RC_12883_0             | A1 ^ -> ZN v | ND2D4     | 0.029 |   9.776 |   -6.383 | 
     | sfp_instance/div6/div_19/FE_RC_13362_0             | A1 v -> ZN ^ | ND2D4     | 0.024 |   9.801 |   -6.358 | 
     | sfp_instance/div6/div_19/FE_RC_64131_0             | A1 ^ -> ZN v | ND2D4     | 0.024 |   9.824 |   -6.335 | 
     | sfp_instance/div6/div_19/FE_RC_21285_0             | A1 v -> ZN ^ | ND2D3     | 0.023 |   9.848 |   -6.311 | 
     | sfp_instance/div6/div_19/FE_RC_21284_0             | A1 ^ -> ZN v | CKND2D4   | 0.030 |   9.878 |   -6.281 | 
     | sfp_instance/div6/div_19/FE_RC_30313_0             | A2 v -> ZN ^ | OAI211D4  | 0.043 |   9.921 |   -6.238 | 
     | sfp_instance/div6/div_19/FE_RC_30229_0             | A1 ^ -> ZN v | ND2D4     | 0.038 |   9.960 |   -6.199 | 
     | sfp_instance/div6/div_19/FE_RC_18984_0             | A1 v -> ZN ^ | ND2D4     | 0.028 |   9.988 |   -6.171 | 
     | sfp_instance/div6/div_19/FE_RC_53458_0             | A2 ^ -> ZN v | OAI211D4  | 0.038 |  10.026 |   -6.133 | 
     | sfp_instance/div6/div_19/FE_RC_29186_0             | A1 v -> ZN ^ | ND2D3     | 0.030 |  10.056 |   -6.103 | 
     | sfp_instance/div6/div_19/FE_RC_29341_0             | A1 ^ -> ZN v | CKND2D4   | 0.026 |  10.082 |   -6.077 | 
     | sfp_instance/div6/div_19/FE_RC_64260_0             | B1 v -> ZN ^ | IND2D4    | 0.028 |  10.110 |   -6.049 | 
     | sfp_instance/div6/div_19/FE_RC_64259_0             | A1 ^ -> ZN v | ND2D8     | 0.047 |  10.157 |   -6.002 | 
     | sfp_instance/div6/div_19/U375_dup                  | S v -> Z ^   | MUX2D4    | 0.094 |  10.250 |   -5.909 | 
     | sfp_instance/div6/div_19/FE_RC_48567_0             | B1 ^ -> ZN v | IND2D4    | 0.026 |  10.276 |   -5.883 | 
     | sfp_instance/div6/div_19/FE_RC_48566_0             | A1 v -> ZN ^ | ND2D4     | 0.025 |  10.301 |   -5.858 | 
     | sfp_instance/div6/div_19/FE_RC_1255_0              | A2 ^ -> ZN v | ND2D4     | 0.032 |  10.333 |   -5.826 | 
     | sfp_instance/div6/div_19/FE_RC_1254_0              | A1 v -> ZN ^ | ND2D4     | 0.027 |  10.360 |   -5.799 | 
     | sfp_instance/div6/div_19/FE_RC_42896_0             | A1 ^ -> ZN v | CKND2D4   | 0.027 |  10.387 |   -5.772 | 
     | sfp_instance/div6/div_19/FE_RC_42895_0             | A1 v -> ZN ^ | ND2D4     | 0.020 |  10.407 |   -5.752 | 
     | sfp_instance/div6/div_19/FE_RC_45071_0             | A1 ^ -> ZN v | ND2D3     | 0.029 |  10.436 |   -5.723 | 
     | sfp_instance/div6/div_19/FE_RC_45070_0             | A1 v -> ZN ^ | CKND2D4   | 0.028 |  10.464 |   -5.695 | 
     | sfp_instance/div6/div_19/FE_RC_3811_0              | B1 ^ -> ZN v | IND2D4    | 0.033 |  10.497 |   -5.662 | 
     | sfp_instance/div6/div_19/FE_RC_3810_0              | A1 v -> ZN ^ | ND2D4     | 0.029 |  10.526 |   -5.633 | 
     | sfp_instance/div6/div_19/FE_RC_33918_0             | A2 ^ -> ZN v | OAI211D4  | 0.042 |  10.567 |   -5.592 | 
     | sfp_instance/div6/div_19/FE_RC_14847_0             | A1 v -> ZN ^ | ND2D4     | 0.031 |  10.599 |   -5.561 | 
     | sfp_instance/div6/div_19/FE_RC_55501_0             | A1 ^ -> ZN v | OAI21D4   | 0.029 |  10.628 |   -5.531 | 
     | sfp_instance/div6/div_19/FE_RC_55500_0             | A1 v -> ZN ^ | CKND2D4   | 0.028 |  10.655 |   -5.504 | 
     | sfp_instance/div6/div_19/FE_RC_13034_0             | B1 ^ -> ZN v | IND2D4    | 0.042 |  10.697 |   -5.462 | 
     | sfp_instance/div6/div_19/FE_RC_53103_0             | A1 v -> ZN ^ | OAI21D4   | 0.049 |  10.746 |   -5.413 | 
     | sfp_instance/div6/div_19/FE_RC_43527_0             | A2 ^ -> ZN v | OAI211D4  | 0.058 |  10.804 |   -5.355 | 
     | sfp_instance/div6/div_19/FE_RC_11280_0             | I v -> ZN ^  | INVD8     | 0.060 |  10.865 |   -5.294 | 
     | sfp_instance/div6/div_19/FE_RC_52706_0             | A1 ^ -> ZN v | OAI21D4   | 0.049 |  10.913 |   -5.246 | 
     | sfp_instance/div6/div_19/FE_RC_12020_0_dup         | A1 v -> ZN v | IND2D4    | 0.059 |  10.972 |   -5.187 | 
     | sfp_instance/div6/div_19/FE_RC_12019_0             | A2 v -> ZN ^ | ND2D4     | 0.032 |  11.004 |   -5.155 | 
     | sfp_instance/div6/div_19/FE_RC_12018_0             | A1 ^ -> ZN v | ND2D4     | 0.028 |  11.032 |   -5.127 | 
     | sfp_instance/div6/div_19/FE_RC_34694_0             | A1 v -> ZN ^ | ND2D4     | 0.024 |  11.056 |   -5.103 | 
     | sfp_instance/div6/div_19/FE_RC_34693_0             | A1 ^ -> ZN v | ND2D4     | 0.028 |  11.084 |   -5.075 | 
     | sfp_instance/div6/div_19/FE_RC_47099_0             | B1 v -> ZN ^ | INR2D4    | 0.037 |  11.121 |   -5.038 | 
     | sfp_instance/div6/div_19/FE_RC_57115_0             | A1 ^ -> ZN v | NR2XD3    | 0.028 |  11.149 |   -5.010 | 
     | sfp_instance/div6/div_19/FE_RC_56732_0             | A1 v -> ZN ^ | OAI21D4   | 0.045 |  11.194 |   -4.965 | 
     | sfp_instance/div6/div_19/FE_RC_25350_0             | A2 ^ -> ZN v | OAI211D4  | 0.053 |  11.247 |   -4.912 | 
     | sfp_instance/div6/div_19/FE_RC_1283_0              | B1 v -> ZN ^ | IND2D4    | 0.032 |  11.279 |   -4.880 | 
     | sfp_instance/div6/div_19/FE_RC_1282_0              | A1 ^ -> ZN v | ND2D4     | 0.027 |  11.306 |   -4.853 | 
     | sfp_instance/div6/div_19/FE_RC_14657_0             | A1 v -> ZN ^ | ND2D4     | 0.028 |  11.334 |   -4.825 | 
     | sfp_instance/div6/div_19/FE_RC_52849_0             | A2 ^ -> ZN v | OAI211D4  | 0.045 |  11.379 |   -4.780 | 
     | sfp_instance/div6/div_19/FE_RC_25348_0             | A1 v -> ZN ^ | ND2D3     | 0.032 |  11.411 |   -4.748 | 
     | sfp_instance/div6/div_19/FE_RC_25347_0             | A1 ^ -> ZN v | CKND2D4   | 0.028 |  11.439 |   -4.720 | 
     | sfp_instance/div6/div_19/FE_RC_26241_0             | A1 v -> ZN ^ | ND2D4     | 0.024 |  11.463 |   -4.696 | 
     | sfp_instance/div6/div_19/FE_RC_38465_0             | A1 ^ -> ZN v | ND2D4     | 0.027 |  11.490 |   -4.669 | 
     | sfp_instance/div6/div_19/FE_RC_51688_0             | A1 v -> ZN ^ | OAI21D4   | 0.061 |  11.550 |   -4.609 | 
     | sfp_instance/div6/div_19/FE_RC_40847_0             | I ^ -> ZN v  | INVD12    | 0.039 |  11.590 |   -4.569 | 
     | sfp_instance/div6/div_19/FE_OCPC7339_n89           | I v -> ZN ^  | INVD12    | 0.039 |  11.629 |   -4.530 | 
     | sfp_instance/div6/div_19/FE_OCPC11931_n89          | I ^ -> ZN v  | INVD16    | 0.022 |  11.651 |   -4.508 | 
     | sfp_instance/div6/div_19/FE_RC_25453_0             | B1 v -> ZN ^ | IND2D4    | 0.022 |  11.673 |   -4.486 | 
     | sfp_instance/div6/div_19/FE_RC_34656_0             | B ^ -> ZN v  | OAI211D4  | 0.055 |  11.728 |   -4.431 | 
     | sfp_instance/div6/div_19/FE_RC_11207_0             | A1 v -> ZN ^ | ND2D4     | 0.029 |  11.757 |   -4.402 | 
     | sfp_instance/div6/div_19/FE_RC_11206_0             | A1 ^ -> ZN v | ND2D4     | 0.030 |  11.787 |   -4.372 | 
     | sfp_instance/div6/div_19/FE_RC_630_0               | A1 v -> ZN ^ | ND2D4     | 0.025 |  11.812 |   -4.347 | 
     | sfp_instance/div6/div_19/FE_RC_629_0               | A1 ^ -> ZN v | ND2D4     | 0.027 |  11.839 |   -4.320 | 
     | sfp_instance/div6/div_19/FE_RC_606_0               | B1 v -> ZN ^ | IND2D4    | 0.025 |  11.863 |   -4.296 | 
     | sfp_instance/div6/div_19/FE_RC_605_0               | A1 ^ -> ZN v | CKND2D4   | 0.029 |  11.892 |   -4.267 | 
     | sfp_instance/div6/div_19/FE_RC_41451_0             | A2 v -> ZN ^ | OAI211D4  | 0.048 |  11.941 |   -4.218 | 
     | sfp_instance/div6/div_19/FE_RC_41450_0             | A1 ^ -> ZN v | ND2D4     | 0.038 |  11.979 |   -4.180 | 
     | sfp_instance/div6/div_19/FE_RC_12587_0             | A1 v -> ZN ^ | ND2D4     | 0.023 |  12.002 |   -4.157 | 
     | sfp_instance/div6/div_19/FE_RC_15206_0             | A1 ^ -> ZN v | ND2D4     | 0.026 |  12.028 |   -4.131 | 
     | sfp_instance/div6/div_19/FE_RC_14375_0             | B1 v -> ZN ^ | IND2D4    | 0.027 |  12.055 |   -4.104 | 
     | sfp_instance/div6/div_19/FE_RC_38554_0             | A2 ^ -> ZN v | OAI211D4  | 0.040 |  12.095 |   -4.064 | 
     | sfp_instance/div6/div_19/FE_RC_34686_0             | A1 v -> ZN ^ | CKND2D4   | 0.035 |  12.131 |   -4.028 | 
     | sfp_instance/div6/div_19/FE_RC_46972_0             | B1 ^ -> ZN v | IND2D4    | 0.035 |  12.165 |   -3.994 | 
     | sfp_instance/div6/div_19/FE_RC_46971_0             | A1 v -> ZN ^ | ND3D8     | 0.030 |  12.195 |   -3.964 | 
     | sfp_instance/div6/div_19/FE_RC_52421_0_dup         | A2 ^ -> ZN v | OAI211D4  | 0.049 |  12.245 |   -3.914 | 
     | sfp_instance/div6/div_19/FE_RC_41444_0_dup         | A1 v -> ZN ^ | AOI21D4   | 0.049 |  12.294 |   -3.865 | 
     | sfp_instance/div6/div_19/FE_OCPC8866_FE_RN_23426_0 | I ^ -> Z ^   | BUFFD16   | 0.060 |  12.354 |   -3.805 | 
     | sfp_instance/div6/div_19/FE_OCPC4780_n88           | I ^ -> ZN v  | INVD12    | 0.024 |  12.378 |   -3.781 | 
     | sfp_instance/div6/div_19/FE_RC_10507_0             | A1 v -> ZN ^ | ND2D8     | 0.020 |  12.399 |   -3.760 | 
     | sfp_instance/div6/div_19/FE_RC_56169_0             | B ^ -> ZN v  | OAI211D4  | 0.061 |  12.459 |   -3.700 | 
     | sfp_instance/div6/div_19/FE_RC_11044_0             | A2 v -> ZN ^ | ND2D4     | 0.033 |  12.492 |   -3.667 | 
     | sfp_instance/div6/div_19/FE_RC_11043_0             | A1 ^ -> ZN v | ND2D4     | 0.030 |  12.522 |   -3.637 | 
     | sfp_instance/div6/div_19/FE_RC_41369_0             | B1 v -> ZN ^ | IND2D4    | 0.024 |  12.547 |   -3.612 | 
     | sfp_instance/div6/div_19/FE_RC_41368_0             | A1 ^ -> ZN v | ND2D4     | 0.025 |  12.572 |   -3.587 | 
     | sfp_instance/div6/div_19/FE_RC_10611_0             | B1 v -> ZN ^ | IND2D4    | 0.024 |  12.595 |   -3.564 | 
     | sfp_instance/div6/div_19/FE_RC_10610_0             | A1 ^ -> ZN v | ND2D4     | 0.025 |  12.620 |   -3.539 | 
     | sfp_instance/div6/div_19/FE_RC_438_0               | B1 v -> ZN ^ | IND2D4    | 0.023 |  12.644 |   -3.515 | 
     | sfp_instance/div6/div_19/FE_RC_437_0               | A1 ^ -> ZN v | ND2D4     | 0.028 |  12.672 |   -3.487 | 
     | sfp_instance/div6/div_19/FE_RC_415_0               | B1 v -> ZN ^ | IND2D4    | 0.027 |  12.699 |   -3.460 | 
     | sfp_instance/div6/div_19/FE_RC_414_0               | A1 ^ -> ZN v | ND2D4     | 0.029 |  12.729 |   -3.430 | 
     | sfp_instance/div6/div_19/FE_RC_13970_0             | A1 v -> ZN ^ | ND2D4     | 0.024 |  12.753 |   -3.406 | 
     | sfp_instance/div6/div_19/FE_RC_13969_0             | A1 ^ -> ZN v | CKND2D4   | 0.026 |  12.779 |   -3.380 | 
     | sfp_instance/div6/div_19/FE_RC_31065_0             | A1 v -> ZN ^ | ND2D4     | 0.024 |  12.802 |   -3.357 | 
     | sfp_instance/div6/div_19/FE_RC_31064_0             | A1 ^ -> ZN v | ND2D4     | 0.030 |  12.832 |   -3.327 | 
     | sfp_instance/div6/div_19/FE_RC_33880_0             | A2 v -> ZN ^ | OAI211D4  | 0.042 |  12.874 |   -3.285 | 
     | sfp_instance/div6/div_19/FE_RC_13504_0             | A1 ^ -> ZN v | ND2D4     | 0.034 |  12.908 |   -3.251 | 
     | sfp_instance/div6/div_19/FE_RC_52690_0             | A1 v -> ZN ^ | ND2D4     | 0.027 |  12.935 |   -3.224 | 
     | sfp_instance/div6/div_19/FE_RC_28263_0             | A2 ^ -> ZN v | OAI211D4  | 0.041 |  12.976 |   -3.183 | 
     | sfp_instance/div6/div_19/FE_RC_52787_0             | A1 v -> ZN ^ | ND2D4     | 0.033 |  13.009 |   -3.150 | 
     | sfp_instance/div6/div_19/FE_RC_42718_0             | A1 ^ -> ZN v | OAI21D4   | 0.031 |  13.040 |   -3.119 | 
     | sfp_instance/div6/div_19/FE_RC_53265_0             | A1 v -> ZN ^ | OAI21D4   | 0.057 |  13.098 |   -3.061 | 
     | sfp_instance/div6/div_19/FE_OCPC15068_FE_RN_37994_ | I ^ -> ZN v  | CKND12    | 0.042 |  13.139 |   -3.020 | 
     | 0                                                  |              |           |       |         |          | 
     | sfp_instance/div6/div_19/FE_RC_53465_0             | A1 v -> ZN ^ | ND2D4     | 0.034 |  13.173 |   -2.986 | 
     | sfp_instance/div6/div_19/FE_RC_53463_0             | B ^ -> ZN v  | OAI21D4   | 0.042 |  13.215 |   -2.944 | 
     | sfp_instance/div6/div_19/u_div_u_fa_PartRem_0_10_2 | A v -> CO v  | FA1D4     | 0.163 |  13.378 |   -2.781 | 
     | sfp_instance/div6/div_19/FE_RC_26675_0             | A1 v -> ZN ^ | ND2D4     | 0.026 |  13.404 |   -2.755 | 
     | sfp_instance/div6/div_19/FE_RC_26674_0             | A1 ^ -> ZN v | ND2D4     | 0.032 |  13.436 |   -2.723 | 
     | sfp_instance/div6/div_19/FE_RC_57685_0             | A2 v -> ZN ^ | OAI211D4  | 0.052 |  13.488 |   -2.671 | 
     | sfp_instance/div6/div_19/FE_RC_12302_0             | A1 ^ -> ZN v | ND2D4     | 0.039 |  13.526 |   -2.633 | 
     | sfp_instance/div6/div_19/FE_RC_35887_0             | A1 v -> ZN ^ | AOI21D4   | 0.046 |  13.573 |   -2.586 | 
     | sfp_instance/div6/div_19/FE_RC_39076_0             | A1 ^ -> ZN v | OAI21D4   | 0.040 |  13.612 |   -2.547 | 
     | sfp_instance/div6/div_19/FE_RC_12938_0             | A1 v -> ZN ^ | ND2D4     | 0.025 |  13.637 |   -2.522 | 
     | sfp_instance/div6/div_19/FE_RC_12999_0             | A1 ^ -> ZN v | ND2D4     | 0.028 |  13.665 |   -2.494 | 
     | sfp_instance/div6/div_19/FE_RC_13932_0             | A1 v -> ZN ^ | ND2D4     | 0.023 |  13.689 |   -2.470 | 
     | sfp_instance/div6/div_19/FE_RC_18460_0             | A1 ^ -> ZN v | ND2D4     | 0.028 |  13.717 |   -2.442 | 
     | sfp_instance/div6/div_19/FE_RC_15693_0             | B1 v -> ZN ^ | IND2D4    | 0.024 |  13.741 |   -2.418 | 
     | sfp_instance/div6/div_19/FE_RC_15692_0             | A1 ^ -> ZN v | ND2D4     | 0.025 |  13.766 |   -2.393 | 
     | sfp_instance/div6/div_19/FE_RC_23465_0             | A1 v -> ZN ^ | ND2D4     | 0.028 |  13.793 |   -2.366 | 
     | sfp_instance/div6/div_19/FE_RC_52314_0             | A2 ^ -> ZN v | OAI211D4  | 0.052 |  13.846 |   -2.313 | 
     | sfp_instance/div6/div_19/FE_RC_43473_0             | A2 v -> ZN ^ | OAI211D4  | 0.061 |  13.906 |   -2.253 | 
     | sfp_instance/div6/div_19/FE_RC_53174_0             | B1 ^ -> ZN v | IND2D4    | 0.039 |  13.945 |   -2.214 | 
     | sfp_instance/div6/div_19/FE_RC_53173_0             | A1 v -> ZN ^ | ND3D8     | 0.029 |  13.974 |   -2.185 | 
     | sfp_instance/div6/div_19/FE_RC_15597_0             | I ^ -> ZN v  | CKND16    | 0.030 |  14.004 |   -2.155 | 
     | sfp_instance/div6/div_19/FE_RC_15546_0             | A1 v -> ZN ^ | ND2D4     | 0.039 |  14.043 |   -2.116 | 
     | sfp_instance/div6/div_19/FE_RC_15544_0             | B ^ -> ZN v  | OAI21D4   | 0.041 |  14.084 |   -2.075 | 
     | sfp_instance/div6/div_19/FE_RC_49071_0             | A1 v -> ZN v | IND2D4    | 0.057 |  14.140 |   -2.019 | 
     | sfp_instance/div6/div_19/FE_RC_49070_0             | A2 v -> ZN ^ | ND2D2     | 0.029 |  14.170 |   -1.989 | 
     | sfp_instance/div6/div_19/FE_RC_64167_0             | B ^ -> ZN v  | IOA21D2   | 0.035 |  14.204 |   -1.955 | 
     | sfp_instance/div6/div_19/FE_RC_43289_0             | A1 v -> ZN ^ | ND2D2     | 0.031 |  14.235 |   -1.924 | 
     | sfp_instance/div6/div_19/FE_RC_43288_0             | A1 ^ -> ZN v | ND2D3     | 0.030 |  14.265 |   -1.894 | 
     | sfp_instance/div6/div_19/FE_RC_49392_0             | A1 v -> ZN ^ | CKND2D4   | 0.028 |  14.293 |   -1.866 | 
     | sfp_instance/div6/div_19/FE_RC_49391_0             | A1 ^ -> ZN v | ND2D4     | 0.029 |  14.322 |   -1.837 | 
     | sfp_instance/div6/div_19/FE_RC_16007_0             | A1 v -> ZN ^ | AOI21D4   | 0.044 |  14.366 |   -1.793 | 
     | sfp_instance/div6/div_19/FE_RC_16006_0             | A1 ^ -> ZN v | OAI21D4   | 0.041 |  14.407 |   -1.752 | 
     | sfp_instance/div6/div_19/FE_RC_1733_0              | B1 v -> ZN ^ | IND2D4    | 0.033 |  14.440 |   -1.719 | 
     | sfp_instance/div6/div_19/FE_RC_35758_0             | A1 ^ -> ZN v | OAI21D4   | 0.031 |  14.472 |   -1.687 | 
     | sfp_instance/div6/div_19/FE_RC_13853_0             | A1 v -> ZN ^ | CKND2D4   | 0.028 |  14.500 |   -1.659 | 
     | sfp_instance/div6/div_19/FE_RC_55526_0             | A1 ^ -> ZN v | ND2D4     | 0.026 |  14.526 |   -1.633 | 
     | sfp_instance/div6/div_19/FE_RC_55498_0             | A1 v -> ZN ^ | CKND2D4   | 0.027 |  14.552 |   -1.607 | 
     | sfp_instance/div6/div_19/FE_RC_55497_0             | A1 ^ -> ZN v | ND2D4     | 0.028 |  14.580 |   -1.579 | 
     | sfp_instance/div6/div_19/FE_RC_57382_0             | B1 v -> ZN ^ | IND2D4    | 0.022 |  14.603 |   -1.556 | 
     | sfp_instance/div6/div_19/FE_RC_57578_0             | B1 ^ -> ZN v | IND2D4    | 0.037 |  14.640 |   -1.519 | 
     | sfp_instance/div6/div_19/FE_RC_36295_0             | A1 v -> ZN ^ | OAI21D4   | 0.046 |  14.686 |   -1.473 | 
     | sfp_instance/div6/div_19/FE_RC_33321_0             | A1 ^ -> ZN v | ND2D4     | 0.036 |  14.722 |   -1.437 | 
     | sfp_instance/div6/div_19/FE_RC_33320_0             | A1 v -> ZN ^ | ND2D8     | 0.031 |  14.753 |   -1.406 | 
     | sfp_instance/div6/div_19/FE_OCPC12511_FE_RN_21619_ | I ^ -> ZN v  | CKND16    | 0.024 |  14.777 |   -1.382 | 
     | 0                                                  |              |           |       |         |          | 
     | sfp_instance/div6/div_19/FE_RC_39632_0             | A1 v -> ZN ^ | ND2D4     | 0.033 |  14.810 |   -1.349 | 
     | sfp_instance/div6/div_19/FE_RC_41559_0             | I ^ -> ZN v  | CKND4     | 0.019 |  14.829 |   -1.330 | 
     | sfp_instance/div6/div_19/FE_RC_41558_0             | A1 v -> ZN ^ | NR2XD4    | 0.020 |  14.849 |   -1.310 | 
     | sfp_instance/div6/div_19/FE_RC_34630_0             | A1 ^ -> ZN v | OAI21D4   | 0.031 |  14.879 |   -1.280 | 
     | sfp_instance/div6/div_19/FE_RC_12714_0             | A1 v -> ZN ^ | ND2D4     | 0.027 |  14.906 |   -1.253 | 
     | sfp_instance/div6/div_19/FE_RC_12713_0             | A1 ^ -> ZN v | ND2D4     | 0.026 |  14.932 |   -1.227 | 
     | sfp_instance/div6/div_19/FE_RC_44240_0             | A1 v -> ZN ^ | ND2D4     | 0.023 |  14.955 |   -1.204 | 
     | sfp_instance/div6/div_19/FE_RC_44239_0             | A1 ^ -> ZN v | ND2D4     | 0.023 |  14.978 |   -1.181 | 
     | sfp_instance/div6/div_19/u_div_u_fa_PartRem_0_8_4  | CI v -> CO v | FA1D2     | 0.086 |  15.064 |   -1.095 | 
     | sfp_instance/div6/div_19/FE_RC_12162_0             | B1 v -> ZN ^ | IND2D4    | 0.030 |  15.094 |   -1.065 | 
     | sfp_instance/div6/div_19/FE_RC_12161_0             | A1 ^ -> ZN v | ND2D4     | 0.033 |  15.128 |   -1.031 | 
     | sfp_instance/div6/div_19/FE_RC_41595_0             | A1 v -> ZN ^ | ND2D4     | 0.027 |  15.155 |   -1.004 | 
     | sfp_instance/div6/div_19/FE_RC_42467_0             | A1 ^ -> ZN v | ND2D4     | 0.025 |  15.180 |   -0.979 | 
     | sfp_instance/div6/div_19/FE_RC_42282_0             | B1 v -> ZN ^ | IND2D4    | 0.021 |  15.201 |   -0.958 | 
     | sfp_instance/div6/div_19/FE_RC_42281_0             | A1 ^ -> ZN v | ND2D4     | 0.026 |  15.226 |   -0.933 | 
     | sfp_instance/div6/div_19/FE_RC_17849_0             | B1 v -> ZN ^ | IND2D4    | 0.023 |  15.249 |   -0.910 | 
     | sfp_instance/div6/div_19/FE_RC_22894_0_dup         | B1 ^ -> ZN v | IND2D4    | 0.033 |  15.282 |   -0.877 | 
     | sfp_instance/div6/div_19/FE_RC_29964_0             | A1 v -> ZN ^ | ND2D4     | 0.033 |  15.315 |   -0.844 | 
     | sfp_instance/div6/div_19/FE_RC_36392_0             | A2 ^ -> ZN v | OAI211D4  | 0.041 |  15.356 |   -0.803 | 
     | sfp_instance/div6/div_19/FE_RC_39329_0             | A1 v -> ZN ^ | ND2D4     | 0.031 |  15.386 |   -0.773 | 
     | sfp_instance/div6/div_19/FE_RC_53019_0             | A2 ^ -> ZN v | OAI211D4  | 0.037 |  15.423 |   -0.736 | 
     | sfp_instance/div6/div_19/FE_RC_55127_0             | A1 v -> ZN ^ | ND2D2     | 0.026 |  15.450 |   -0.709 | 
     | sfp_instance/div6/div_19/FE_RC_55126_0             | A1 ^ -> ZN v | ND2D2     | 0.024 |  15.473 |   -0.686 | 
     | sfp_instance/div6/div_19/u_div_u_fa_PartRem_0_8_17 | CI v -> CO v | FA1D2     | 0.087 |  15.560 |   -0.599 | 
     | sfp_instance/div6/div_19/FE_RC_41550_0             | A1 v -> ZN ^ | AOI21D4   | 0.054 |  15.614 |   -0.545 | 
     | sfp_instance/div6/div_19/FE_OCPC10802_FE_RN_27512_ | I ^ -> ZN v  | INVD8     | 0.044 |  15.659 |   -0.500 | 
     | 0                                                  |              |           |       |         |          | 
     | sfp_instance/div6/div_19/FE_RC_133_0               | A1 v -> ZN ^ | ND2D4     | 0.039 |  15.698 |   -0.461 | 
     | sfp_instance/div6/div_19/FE_RC_42025_0             | B ^ -> ZN v  | OAI21D4   | 0.042 |  15.740 |   -0.419 | 
     | sfp_instance/div6/div_19/FE_RC_10471_0             | B1 v -> ZN ^ | IND2D4    | 0.027 |  15.767 |   -0.392 | 
     | sfp_instance/div6/div_19/FE_RC_10470_0             | A1 ^ -> ZN v | ND2D4     | 0.029 |  15.795 |   -0.364 | 
     | sfp_instance/div6/div_19/FE_RC_10868_0             | A1 v -> ZN ^ | CKND2D4   | 0.031 |  15.826 |   -0.333 | 
     | sfp_instance/div6/div_19/FE_RC_10863_0             | A1 ^ -> ZN v | ND2D4     | 0.041 |  15.867 |   -0.292 | 
     | sfp_instance/div6/div_19/FE_RC_39050_0             | A1 v -> ZN ^ | CKND2D4   | 0.029 |  15.896 |   -0.263 | 
     | sfp_instance/div6/div_19/FE_RC_39049_0             | A1 ^ -> ZN v | ND2D4     | 0.031 |  15.928 |   -0.231 | 
     | sfp_instance/div6/div_19/FE_RC_226_0               | B1 v -> ZN ^ | IND2D4    | 0.025 |  15.953 |   -0.206 | 
     | sfp_instance/div6/div_19/FE_RC_225_0               | A1 ^ -> ZN v | ND2D4     | 0.029 |  15.981 |   -0.178 | 
     | sfp_instance/div6/div_19/FE_RC_10730_0             | A1 v -> ZN ^ | CKND2D4   | 0.028 |  16.010 |   -0.149 | 
     | sfp_instance/div6/div_19/FE_RC_10729_0             | A1 ^ -> ZN v | ND2D4     | 0.029 |  16.039 |   -0.120 | 
     | sfp_instance/div6/div_19/FE_RC_862_0               | B1 v -> ZN ^ | IND2D4    | 0.029 |  16.068 |   -0.091 | 
     | sfp_instance/div6/div_19/FE_RC_22912_0             | A1 ^ -> ZN v | OAI21D4   | 0.028 |  16.096 |   -0.063 | 
     | sfp_instance/div6/div_19/FE_RC_41545_0             | B1 v -> ZN ^ | IND2D4    | 0.024 |  16.120 |   -0.039 | 
     | sfp_instance/div6/div_19/FE_RC_22961_0             | A1 ^ -> ZN v | ND2D4     | 0.027 |  16.148 |   -0.011 | 
     | sfp_instance/div6/div_19/FE_RC_3883_0              | B1 v -> ZN ^ | IND2D4    | 0.025 |  16.173 |    0.014 | 
     | sfp_instance/div6/div_19/FE_RC_48131_0             | A1 ^ -> ZN v | ND2D4     | 0.024 |  16.197 |    0.038 | 
     | sfp_instance/div6/div_19/FE_RC_53402_0             | B1 v -> ZN ^ | IND2D4    | 0.031 |  16.227 |    0.068 | 
     | sfp_instance/div6/div_19/FE_RC_52519_0             | A1 ^ -> ZN v | OAI21D4   | 0.031 |  16.259 |    0.100 | 
     | sfp_instance/div6/div_19/FE_RC_39033_0             | B1 v -> ZN ^ | IND2D4    | 0.031 |  16.290 |    0.131 | 
     | sfp_instance/div6/div_19/FE_RC_53481_0             | A2 ^ -> ZN v | OAI211D4  | 0.045 |  16.335 |    0.176 | 
     | sfp_instance/div6/div_19/FE_RC_52546_0             | A1 v -> ZN ^ | CKND2D4   | 0.039 |  16.374 |    0.215 | 
     | sfp_instance/div6/div_19/FE_RC_52584_0             | A2 ^ -> ZN v | OAI211D4  | 0.039 |  16.413 |    0.254 | 
     | sfp_instance/div6/div_19/FE_RC_55507_0             | A1 v -> ZN ^ | ND2D2     | 0.027 |  16.441 |    0.282 | 
     | sfp_instance/div6/div_19/FE_RC_55506_0             | B ^ -> ZN v  | IOA21D2   | 0.034 |  16.474 |    0.315 | 
     | sfp_instance/div6/div_19/FE_OFC1818_u_div_CryTmp_7 | I v -> Z v   | BUFFD16   | 0.059 |  16.533 |    0.374 | 
     | __24_                                              |              |           |       |         |          | 
     | sfp_instance/div6/div_19/FE_RC_10352_0             | B1 v -> ZN ^ | IND2D4    | 0.039 |  16.572 |    0.413 | 
     | sfp_instance/div6/div_19/FE_RC_10350_0             | B ^ -> ZN v  | OAI21D4   | 0.040 |  16.612 |    0.453 | 
     | sfp_instance/div6/div_19/u_div_u_fa_PartRem_0_6_2  | A v -> CO v  | FA1D4     | 0.161 |  16.774 |    0.615 | 
     | sfp_instance/div6/div_19/FE_RC_1621_0              | B1 v -> ZN ^ | IND2D4    | 0.026 |  16.800 |    0.641 | 
     | sfp_instance/div6/div_19/FE_RC_1620_0              | A1 ^ -> ZN v | ND2D4     | 0.026 |  16.827 |    0.668 | 
     | sfp_instance/div6/div_19/FE_RC_10807_0             | A1 v -> ZN ^ | CKND2D4   | 0.027 |  16.853 |    0.694 | 
     | sfp_instance/div6/div_19/FE_RC_10843_0             | A1 ^ -> ZN v | ND2D4     | 0.031 |  16.884 |    0.725 | 
     | sfp_instance/div6/div_19/FE_RC_42208_0             | A1 v -> ZN ^ | ND2D4     | 0.025 |  16.910 |    0.751 | 
     | sfp_instance/div6/div_19/FE_RC_42207_0             | A1 ^ -> ZN v | ND2D4     | 0.026 |  16.936 |    0.777 | 
     | sfp_instance/div6/div_19/FE_RC_542_0               | B1 v -> ZN ^ | IND2D4    | 0.024 |  16.959 |    0.800 | 
     | sfp_instance/div6/div_19/FE_RC_52535_0             | A2 ^ -> ZN v | OAI211D4  | 0.040 |  17.000 |    0.841 | 
     | sfp_instance/div6/div_19/FE_RC_500_0               | B1 v -> ZN ^ | IND2D4    | 0.036 |  17.036 |    0.877 | 
     | sfp_instance/div6/div_19/FE_RC_17058_0             | A1 ^ -> ZN v | ND2D4     | 0.026 |  17.062 |    0.903 | 
     | sfp_instance/div6/div_19/FE_RC_17057_0             | A1 v -> ZN ^ | ND2D4     | 0.025 |  17.087 |    0.928 | 
     | sfp_instance/div6/div_19/FE_RC_53830_0             | A1 ^ -> ZN v | AOI21D4   | 0.031 |  17.119 |    0.959 | 
     | sfp_instance/div6/div_19/FE_RC_26945_0             | A1 v -> ZN ^ | CKND2D4   | 0.031 |  17.150 |    0.991 | 
     | sfp_instance/div6/div_19/FE_RC_26976_0             | A1 ^ -> ZN v | ND2D4     | 0.034 |  17.184 |    1.025 | 
     | sfp_instance/div6/div_19/FE_RC_46627_0             | A1 v -> ZN ^ | ND2D3     | 0.026 |  17.210 |    1.050 | 
     | sfp_instance/div6/div_19/FE_RC_46921_0             | A1 ^ -> ZN v | ND2D4     | 0.030 |  17.239 |    1.080 | 
     | sfp_instance/div6/div_19/FE_RC_45089_0             | A2 v -> ZN ^ | OAI211D4  | 0.040 |  17.280 |    1.121 | 
     | sfp_instance/div6/div_19/FE_RC_28394_0             | B1 ^ -> ZN v | IND2D4    | 0.036 |  17.316 |    1.157 | 
     | sfp_instance/div6/div_19/FE_OCPC8350_FE_RN_19      | I v -> Z v   | BUFFD16   | 0.059 |  17.374 |    1.215 | 
     | sfp_instance/div6/div_19/FE_RC_56015_0             | A1 v -> ZN ^ | ND2D4     | 0.033 |  17.407 |    1.248 | 
     | sfp_instance/div6/div_19/FE_RC_56013_0             | B ^ -> ZN v  | OAI21D4   | 0.041 |  17.448 |    1.289 | 
     | sfp_instance/div6/div_19/FE_RC_53557_0             | B1 v -> ZN ^ | INR2XD2   | 0.030 |  17.478 |    1.319 | 
     | sfp_instance/div6/div_19/FE_RC_22685_0             | I ^ -> ZN v  | CKND3     | 0.024 |  17.502 |    1.343 | 
     | sfp_instance/div6/div_19/FE_RC_6884_0              | A1 v -> ZN ^ | ND2D4     | 0.019 |  17.520 |    1.361 | 
     | sfp_instance/div6/div_19/FE_RC_6883_0              | A1 ^ -> ZN v | ND2D4     | 0.027 |  17.548 |    1.389 | 
     | sfp_instance/div6/div_19/FE_RC_13627_0             | A1 v -> ZN ^ | ND2D4     | 0.022 |  17.570 |    1.411 | 
     | sfp_instance/div6/div_19/FE_RC_13626_0             | A1 ^ -> ZN v | ND2D4     | 0.027 |  17.598 |    1.439 | 
     | sfp_instance/div6/div_19/FE_RC_36780_0             | A1 v -> ZN ^ | ND2D4     | 0.021 |  17.619 |    1.460 | 
     | sfp_instance/div6/div_19/FE_RC_36779_0             | A1 ^ -> ZN v | ND2D4     | 0.025 |  17.644 |    1.485 | 
     | sfp_instance/div6/div_19/FE_RC_1050_0              | B1 v -> ZN ^ | IND2D4    | 0.023 |  17.667 |    1.508 | 
     | sfp_instance/div6/div_19/FE_RC_1049_0              | A1 ^ -> ZN v | ND2D4     | 0.027 |  17.694 |    1.535 | 
     | sfp_instance/div6/div_19/FE_RC_1020_0              | B1 v -> ZN ^ | IND2D4    | 0.022 |  17.716 |    1.556 | 
     | sfp_instance/div6/div_19/FE_RC_1019_0              | A1 ^ -> ZN v | ND2D4     | 0.028 |  17.743 |    1.584 | 
     | sfp_instance/div6/div_19/FE_RC_993_0               | B1 v -> ZN ^ | IND2D4    | 0.025 |  17.768 |    1.609 | 
     | sfp_instance/div6/div_19/FE_RC_992_0               | A1 ^ -> ZN v | ND2D4     | 0.027 |  17.795 |    1.636 | 
     | sfp_instance/div6/div_19/FE_RC_953_0               | B1 v -> ZN ^ | IND2D4    | 0.028 |  17.823 |    1.664 | 
     | sfp_instance/div6/div_19/FE_RC_57375_0             | B1 ^ -> ZN v | IND2D4    | 0.027 |  17.851 |    1.692 | 
     | sfp_instance/div6/div_19/FE_RC_57374_0             | A1 v -> ZN ^ | ND2D4     | 0.030 |  17.881 |    1.721 | 
     | sfp_instance/div6/div_19/FE_RC_32362_0             | A1 ^ -> ZN v | OAI21D4   | 0.033 |  17.913 |    1.754 | 
     | sfp_instance/div6/div_19/FE_RC_32333_0             | A1 v -> ZN ^ | OAI21D4   | 0.048 |  17.961 |    1.802 | 
     | sfp_instance/div6/div_19/FE_RC_39274_0             | A1 ^ -> ZN v | OAI21D4   | 0.033 |  17.995 |    1.835 | 
     | sfp_instance/div6/div_19/FE_RC_37018_0             | A2 v -> ZN ^ | OAI211D4  | 0.052 |  18.046 |    1.887 | 
     | sfp_instance/div6/div_19/FE_RC_22908_0             | A1 ^ -> ZN v | ND2D8     | 0.071 |  18.117 |    1.958 | 
     | sfp_instance/div6/div_19/FE_RC_35966_0             | A1 v -> ZN ^ | ND2D4     | 0.040 |  18.157 |    1.998 | 
     | sfp_instance/div6/div_19/FE_RC_35964_0             | B ^ -> ZN v  | OAI21D4   | 0.038 |  18.195 |    2.035 | 
     | sfp_instance/div6/div_19/FE_RC_47564_0             | A1 v -> Z v  | OR2D4     | 0.063 |  18.258 |    2.099 | 
     | sfp_instance/div6/div_19/FE_RC_47563_0             | A1 v -> ZN ^ | ND2D4     | 0.021 |  18.279 |    2.120 | 
     | sfp_instance/div6/div_19/FE_RC_55524_0             | B ^ -> ZN v  | IOA21D2   | 0.028 |  18.307 |    2.148 | 
     | sfp_instance/div6/div_19/FE_RC_48092_0             | A1 v -> ZN ^ | ND2D2     | 0.026 |  18.332 |    2.173 | 
     | sfp_instance/div6/div_19/FE_RC_48091_0             | A1 ^ -> ZN v | ND2D2     | 0.025 |  18.358 |    2.199 | 
     | sfp_instance/div6/div_19/FE_RC_49428_0             | A1 v -> ZN ^ | CKND2D2   | 0.026 |  18.384 |    2.225 | 
     | sfp_instance/div6/div_19/FE_RC_49427_0             | A1 ^ -> ZN v | ND2D2     | 0.029 |  18.412 |    2.253 | 
     | sfp_instance/div6/div_19/u_div_u_fa_PartRem_0_4_5  | CI v -> CO v | FA1D2     | 0.085 |  18.498 |    2.338 | 
     | sfp_instance/div6/div_19/FE_RC_52832_0             | A1 v -> ZN ^ | AOI21D4   | 0.043 |  18.541 |    2.381 | 
     | sfp_instance/div6/div_19/FE_RC_52831_0             | A1 ^ -> ZN v | OAI21D4   | 0.039 |  18.580 |    2.421 | 
     | sfp_instance/div6/div_19/FE_RC_55257_0             | A1 v -> ZN ^ | CKND2D4   | 0.030 |  18.610 |    2.450 | 
     | sfp_instance/div6/div_19/FE_RC_55256_0             | A1 ^ -> ZN v | ND2D4     | 0.028 |  18.637 |    2.478 | 
     | sfp_instance/div6/div_19/FE_RC_27191_0             | A1 v -> ZN ^ | ND2D4     | 0.022 |  18.660 |    2.501 | 
     | sfp_instance/div6/div_19/FE_RC_27229_0             | A1 ^ -> ZN v | ND2D4     | 0.028 |  18.688 |    2.528 | 
     | sfp_instance/div6/div_19/FE_RC_55292_0             | A1 v -> ZN ^ | ND2D4     | 0.023 |  18.710 |    2.551 | 
     | sfp_instance/div6/div_19/FE_RC_55291_0             | A1 ^ -> ZN v | ND2D4     | 0.028 |  18.738 |    2.579 | 
     | sfp_instance/div6/div_19/FE_RC_52816_0             | A2 v -> ZN ^ | OAI211D4  | 0.059 |  18.797 |    2.638 | 
     | sfp_instance/div6/div_19/FE_RC_23045_0             | A1 ^ -> ZN v | OAI21D4   | 0.046 |  18.844 |    2.684 | 
     | sfp_instance/div6/div_19/FE_RC_52258_0             | A1 v -> ZN ^ | OAI21D4   | 0.052 |  18.896 |    2.737 | 
     | sfp_instance/div6/div_19/FE_OCPC4768_div_out6_4_   | I ^ -> ZN v  | INVD8     | 0.041 |  18.936 |    2.777 | 
     | sfp_instance/div6/div_19/FE_RC_18856_0_dup         | A1 v -> ZN ^ | NR2D4     | 0.046 |  18.982 |    2.823 | 
     | sfp_instance/div6/div_19/FE_RC_38522_0             | I ^ -> ZN v  | CKND2     | 0.023 |  19.006 |    2.847 | 
     | sfp_instance/div6/div_19/FE_RC_56337_0             | B2 v -> ZN ^ | IND3D4    | 0.020 |  19.025 |    2.866 | 
     | sfp_instance/div6/div_19/FE_RC_24341_0             | A1 ^ -> ZN v | ND2D2     | 0.024 |  19.050 |    2.891 | 
     | sfp_instance/div6/div_19/FE_RC_25448_0             | B v -> ZN ^  | IOA21D2   | 0.033 |  19.083 |    2.924 | 
     | sfp_instance/div6/div_19/FE_RC_43425_0             | A1 ^ -> ZN v | ND2D4     | 0.031 |  19.114 |    2.955 | 
     | sfp_instance/div6/div_19/FE_RC_46128_0             | A1 v -> ZN ^ | ND2D4     | 0.025 |  19.140 |    2.981 | 
     | sfp_instance/div6/div_19/FE_RC_55665_0             | A1 ^ -> ZN v | ND2D4     | 0.024 |  19.164 |    3.005 | 
     | sfp_instance/div6/div_19/FE_RC_55664_0             | A1 v -> ZN ^ | ND2D4     | 0.022 |  19.186 |    3.027 | 
     | sfp_instance/div6/div_19/FE_RC_52943_0             | A1 ^ -> ZN v | AOI21D4   | 0.033 |  19.219 |    3.060 | 
     | sfp_instance/div6/div_19/FE_RC_52942_0             | A1 v -> ZN ^ | OAI21D4   | 0.046 |  19.265 |    3.106 | 
     | sfp_instance/div6/div_19/FE_RC_11749_0             | A1 ^ -> ZN v | ND2D3     | 0.033 |  19.298 |    3.139 | 
     | sfp_instance/div6/div_19/FE_RC_11944_0             | A1 v -> ZN ^ | ND2D4     | 0.027 |  19.325 |    3.166 | 
     | sfp_instance/div6/div_19/FE_RC_14184_0             | A1 ^ -> ZN v | ND2D4     | 0.026 |  19.351 |    3.192 | 
     | sfp_instance/div6/div_19/FE_RC_14183_0             | A1 v -> ZN ^ | ND2D3     | 0.024 |  19.374 |    3.215 | 
     | sfp_instance/div6/div_19/FE_RC_39248_0             | B1 ^ -> ZN v | IND2D4    | 0.028 |  19.402 |    3.243 | 
     | sfp_instance/div6/div_19/FE_RC_24826_0             | A1 v -> ZN ^ | ND2D4     | 0.023 |  19.425 |    3.266 | 
     | sfp_instance/div6/div_19/FE_RC_32453_0             | B1 ^ -> ZN v | IND2D4    | 0.028 |  19.453 |    3.294 | 
     | sfp_instance/div6/div_19/FE_RC_32452_0             | A1 v -> ZN ^ | ND2D4     | 0.027 |  19.480 |    3.321 | 
     | sfp_instance/div6/div_19/FE_RC_11481_0             | A1 ^ -> ZN v | ND2D4     | 0.024 |  19.504 |    3.345 | 
     | sfp_instance/div6/div_19/FE_RC_11515_0             | A1 v -> ZN ^ | ND2D4     | 0.021 |  19.524 |    3.365 | 
     | sfp_instance/div6/div_19/FE_RC_8333_0              | B1 ^ -> ZN v | IND2D4    | 0.035 |  19.559 |    3.400 | 
     | sfp_instance/div6/div_19/FE_RC_52691_0             | A2 v -> ZN ^ | OAI211D4  | 0.048 |  19.607 |    3.448 | 
     | sfp_instance/div6/div_19/FE_RC_43430_0             | A1 ^ -> ZN v | CKND2D4   | 0.031 |  19.638 |    3.479 | 
     | sfp_instance/div6/div_19/FE_RC_46103_0             | A1 v -> ZN ^ | ND2D4     | 0.024 |  19.662 |    3.503 | 
     | sfp_instance/div6/div_19/FE_RC_46268_0             | A1 ^ -> ZN v | ND2D4     | 0.028 |  19.690 |    3.531 | 
     | sfp_instance/div6/div_19/FE_RC_46622_0             | A1 v -> ZN ^ | ND2D4     | 0.027 |  19.717 |    3.558 | 
     | sfp_instance/div6/div_19/FE_RC_46621_0             | A1 ^ -> ZN v | CKND2D8   | 0.033 |  19.750 |    3.591 | 
     | sfp_instance/div6/div_19/FE_RC_37976_0             | I v -> ZN ^  | CKND16    | 0.031 |  19.780 |    3.621 | 
     | sfp_instance/div6/div_19/FE_OCPC4807_div_out6_3_   | I ^ -> Z ^   | BUFFD16   | 0.053 |  19.833 |    3.674 | 
     | sfp_instance/div6/div_19/FE_RC_8748_0              | A1 ^ -> ZN v | CKND2D4   | 0.035 |  19.869 |    3.710 | 
     | sfp_instance/div6/div_19/FE_RC_8746_0              | B v -> ZN ^  | OAI21D4   | 0.034 |  19.903 |    3.744 | 
     | sfp_instance/div6/div_19/FE_RC_11411_0             | I ^ -> ZN v  | CKND2     | 0.025 |  19.928 |    3.769 | 
     | sfp_instance/div6/div_19/FE_RC_11409_0             | A1 v -> ZN ^ | ND2D3     | 0.022 |  19.950 |    3.791 | 
     | sfp_instance/div6/div_19/FE_RC_11408_0             | A2 ^ -> ZN v | CKND2D3   | 0.031 |  19.981 |    3.822 | 
     | sfp_instance/div6/div_19/FE_RC_11407_0             | A1 v -> ZN ^ | ND2D2     | 0.021 |  20.002 |    3.843 | 
     | sfp_instance/div6/div_19/u_div_u_fa_PartRem_0_2_4  | CI ^ -> CO ^ | FA1D2     | 0.076 |  20.078 |    3.919 | 
     | sfp_instance/div6/div_19/FE_RC_55262_0             | A1 ^ -> ZN v | CKND2D4   | 0.029 |  20.108 |    3.949 | 
     | sfp_instance/div6/div_19/FE_RC_55261_0             | A1 v -> ZN ^ | ND2D4     | 0.025 |  20.133 |    3.974 | 
     | sfp_instance/div6/div_19/FE_RC_5302_0              | B1 ^ -> ZN v | IND2D4    | 0.031 |  20.164 |    4.005 | 
     | sfp_instance/div6/div_19/FE_RC_57068_0             | B1 v -> ZN ^ | IND2D4    | 0.022 |  20.186 |    4.027 | 
     | sfp_instance/div6/div_19/FE_RC_57067_0             | A1 ^ -> ZN v | ND2D4     | 0.026 |  20.211 |    4.052 | 
     | sfp_instance/div6/div_19/FE_RC_52576_0             | A1 v -> ZN ^ | OAI21D4   | 0.046 |  20.257 |    4.098 | 
     | sfp_instance/div6/div_19/FE_RC_5104_0              | B1 ^ -> ZN v | IND2D4    | 0.035 |  20.292 |    4.133 | 
     | sfp_instance/div6/div_19/FE_RC_54243_0             | A1 v -> ZN ^ | OAI21D4   | 0.042 |  20.334 |    4.175 | 
     | sfp_instance/div6/div_19/FE_RC_4971_0              | B1 ^ -> ZN v | IND2D4    | 0.033 |  20.367 |    4.208 | 
     | sfp_instance/div6/div_19/FE_RC_23160_0_dup         | A1 v -> ZN ^ | OAI21D4   | 0.038 |  20.405 |    4.246 | 
     | sfp_instance/div6/div_19/FE_RC_46469_0             | B1 ^ -> ZN v | IND2D4    | 0.030 |  20.435 |    4.276 | 
     | sfp_instance/div6/div_19/FE_RC_46915_0             | A1 v -> ZN ^ | CKND2D4   | 0.033 |  20.468 |    4.309 | 
     | sfp_instance/div6/div_19/FE_RC_46923_0             | A2 ^ -> ZN v | OAI211D4  | 0.048 |  20.516 |    4.357 | 
     | sfp_instance/div6/div_19/FE_RC_53581_0             | A2 v -> ZN ^ | OAI211D4  | 0.051 |  20.567 |    4.408 | 
     | sfp_instance/div6/div_19/FE_RC_55680_0             | A1 ^ -> ZN v | ND2D2     | 0.035 |  20.602 |    4.443 | 
     | sfp_instance/div6/div_19/FE_RC_55679_0             | A1 v -> ZN ^ | ND2D3     | 0.027 |  20.629 |    4.470 | 
     | sfp_instance/div6/div_19/FE_RC_46700_0             | A1 ^ -> ZN v | ND2D3     | 0.028 |  20.657 |    4.498 | 
     | sfp_instance/div6/div_19/FE_RC_46699_0             | A1 v -> ZN ^ | ND2D3     | 0.026 |  20.683 |    4.524 | 
     | sfp_instance/div6/div_19/FE_RC_54150_0             | A1 ^ -> ZN v | CKND2D4   | 0.025 |  20.709 |    4.550 | 
     | sfp_instance/div6/div_19/FE_RC_54149_0             | A1 v -> ZN ^ | ND2D4     | 0.022 |  20.731 |    4.572 | 
     | sfp_instance/div6/div_19/FE_RC_64262_0             | B1 ^ -> ZN v | IND2D4    | 0.032 |  20.762 |    4.603 | 
     | sfp_instance/div6/div_19/FE_RC_64261_0             | A1 v -> ZN ^ | ND2D8     | 0.052 |  20.814 |    4.655 | 
     | sfp_instance/div6/div_19/FE_RC_44932_0             | A1 ^ -> ZN ^ | IND2D2    | 0.069 |  20.883 |    4.724 | 
     | sfp_instance/div6/div_19/FE_RC_49990_0             | A1 ^ -> ZN v | CKND2D4   | 0.026 |  20.909 |    4.750 | 
     | sfp_instance/div6/div_19/FE_RC_30109_0             | A1 v -> ZN ^ | ND2D2     | 0.023 |  20.932 |    4.773 | 
     | sfp_instance/div6/div_19/FE_RC_30110_0             | I ^ -> ZN v  | INVD3     | 0.030 |  20.962 |    4.803 | 
     | sfp_instance/div6/div_19/FE_RC_28468_0             | B v -> ZN ^  | AOI21D4   | 0.057 |  21.019 |    4.860 | 
     | sfp_instance/div6/div_19/FE_RC_28467_0             | A1 ^ -> ZN v | OAI21D4   | 0.041 |  21.060 |    4.901 | 
     | sfp_instance/div6/div_19/FE_RC_52415_0             | A1 v -> ZN ^ | AOI21D4   | 0.042 |  21.103 |    4.944 | 
     | sfp_instance/div6/div_19/FE_RC_52414_0             | A1 ^ -> ZN v | OAI21D4   | 0.039 |  21.142 |    4.983 | 
     | sfp_instance/div6/div_19/FE_RC_6215_0              | B1 v -> ZN ^ | IND2D4    | 0.026 |  21.168 |    5.009 | 
     | sfp_instance/div6/div_19/FE_RC_22257_0             | A1 ^ -> ZN v | AOI21D4   | 0.028 |  21.197 |    5.038 | 
     | sfp_instance/div6/div_19/FE_RC_22255_0             | A1 v -> ZN ^ | NR2D4     | 0.038 |  21.235 |    5.076 | 
     | sfp_instance/div6/div_19/FE_RC_52903_0             | A1 ^ -> ZN v | OAI21D4   | 0.034 |  21.268 |    5.109 | 
     | sfp_instance/div6/div_19/FE_RC_8543_0              | B1 v -> ZN ^ | IND2D4    | 0.033 |  21.301 |    5.142 | 
     | sfp_instance/div6/div_19/FE_RC_35785_0             | A2 ^ -> ZN v | OAI211D4  | 0.042 |  21.343 |    5.184 | 
     | sfp_instance/div6/div_19/FE_RC_55300_0             | A1 v -> ZN ^ | ND2D3     | 0.030 |  21.373 |    5.214 | 
     | sfp_instance/div6/div_19/FE_RC_55299_0             | A1 ^ -> ZN v | CKND2D4   | 0.026 |  21.400 |    5.241 | 
     | sfp_instance/div6/div_19/FE_RC_64270_0             | B1 v -> ZN ^ | IND2D4    | 0.024 |  21.424 |    5.265 | 
     | sfp_instance/div6/div_19/FE_RC_64269_0             | A1 ^ -> ZN v | ND3D4     | 0.034 |  21.458 |    5.299 | 
     | sfp_instance/div6/div_19/u_div_u_fa_PartRem_0_1_18 | CI v -> CO v | FA1D1     | 0.078 |  21.535 |    5.376 | 
     | sfp_instance/div6/div_19/u_div_u_fa_PartRem_0_1_19 | CI v -> CO v | FA1D2     | 0.090 |  21.625 |    5.466 | 
     | sfp_instance/div6/div_19/FE_RC_51524_0             | A1 v -> ZN ^ | ND2D3     | 0.038 |  21.663 |    5.504 | 
     | sfp_instance/div6/div_19/FE_RC_52954_0             | A1 ^ -> ZN v | ND2D8     | 0.074 |  21.737 |    5.578 | 
     | sfp_instance/div6/div_19/FE_OCPC5045_div_out6_1_   | I v -> Z v   | BUFFD16   | 0.080 |  21.817 |    5.658 | 
     | sfp_instance/div6/div_19/U273                      | S v -> Z ^   | MUX2D1    | 0.102 |  21.919 |    5.760 | 
     | sfp_instance/div6/div_19/FE_PHC21959_u_div_PartRem | I ^ -> Z ^   | CKBD1     | 0.050 |  21.969 |    5.810 | 
     | _1__17_                                            |              |           |       |         |          | 
     | sfp_instance/div6/div_19/FE_RC_8797_0              | A2 ^ -> ZN v | ND2D1     | 0.031 |  22.000 |    5.841 | 
     | sfp_instance/div6/div_19/FE_RC_28107_0             | A2 v -> Z v  | OR2XD1    | 0.069 |  22.070 |    5.911 | 
     | sfp_instance/div6/div_19/FE_RC_54024_0             | A1 v -> ZN ^ | AOI211D2  | 0.079 |  22.149 |    5.990 | 
     | sfp_instance/div6/div_19/FE_RC_45048_0             | A1 ^ -> ZN ^ | IIND4D4   | 0.067 |  22.216 |    6.057 | 
     | sfp_instance/div6/div_19/FE_RC_38295_0             | A2 ^ -> ZN v | NR2D4     | 0.027 |  22.243 |    6.084 | 
     | sfp_instance/div6/div_19/FE_RC_38294_0             | A2 v -> ZN ^ | ND2D4     | 0.026 |  22.269 |    6.110 | 
     | sfp_instance/div6/div_19/FE_RC_57333_0             | B1 ^ -> ZN v | IND2D4    | 0.034 |  22.303 |    6.144 | 
     | sfp_instance/div6/div_19/FE_RC_57332_0             | A1 v -> ZN ^ | ND2D8     | 0.050 |  22.353 |    6.194 | 
     | sfp_instance/sfp_out_sign6_reg_0_                  | D ^          | EDFKCNQD1 | 0.009 |  22.362 |    6.203 | 
     +------------------------------------------------------------------------------------------------------------+ 
Path 5: VIOLATED Setup Check with Pin sfp_instance/sfp_out_sign4_reg_0_/CP 
Endpoint:   sfp_instance/sfp_out_sign4_reg_0_/D        (v) checked with  
leading edge of 'clk'
Beginpoint: sfp_instance/fifo_inst_int/rd_ptr_reg_0_/Q (^) triggered by  
leading edge of 'clk'
Path Groups: {clk}
Analysis View: WC_VIEW
Other End Arrival Time          5.316
- Setup                         0.138
+ Phase Shift                   1.000
+ CPPR Adjustment               0.000
= Required Time                 6.178
- Arrival Time                 22.308
= Slack Time                  -16.130
     Clock Rise Edge                 0.000
     + Clock Network Latency (Prop)  1.058
     = Beginpoint Arrival Time       1.058
     +------------------------------------------------------------------------------------------------------------+ 
     |                      Instance                      |     Arc      |   Cell    | Delay | Arrival | Required | 
     |                                                    |              |           |       |  Time   |   Time   | 
     |----------------------------------------------------+--------------+-----------+-------+---------+----------| 
     | sfp_instance/fifo_inst_int/rd_ptr_reg_0_           | CP ^         |           |       |   1.058 |  -15.072 | 
     | sfp_instance/fifo_inst_int/rd_ptr_reg_0_           | CP ^ -> Q ^  | EDFKCNQD4 | 0.150 |   1.207 |  -14.923 | 
     | sfp_instance/fifo_inst_int/FE_OCPC10112_rd_ptr_0_  | I ^ -> ZN v  | CKND16    | 0.035 |   1.243 |  -14.887 | 
     | sfp_instance/fifo_inst_int/FE_OCPC12454_rd_ptr_0_  | I v -> ZN ^  | INVD16    | 0.041 |   1.283 |  -14.847 | 
     | sfp_instance/fifo_inst_int/fifo_mux_16_1a/FE_OCPC1 | I ^ -> ZN v  | INVD16    | 0.028 |   1.312 |  -14.818 | 
     | 2457_rd_ptr_0_                                     |              |           |       |         |          | 
     | sfp_instance/fifo_inst_int/fifo_mux_16_1a/FE_OCPC1 | I v -> ZN ^  | CKND16    | 0.033 |   1.345 |  -14.785 | 
     | 2462_rd_ptr_0_                                     |              |           |       |         |          | 
     | sfp_instance/fifo_inst_int/fifo_mux_16_1a/mux_8_1a | A1 ^ -> ZN v | ND2D4     | 0.027 |   1.372 |  -14.758 | 
     | /fifo_mux_2_1c/FE_RC_15770_0                       |              |           |       |         |          | 
     | sfp_instance/fifo_inst_int/fifo_mux_16_1a/mux_8_1a | B v -> ZN ^  | OAI21D4   | 0.027 |   1.399 |  -14.731 | 
     | /fifo_mux_2_1c/FE_RC_15769_0                       |              |           |       |         |          | 
     | sfp_instance/fifo_inst_int/fifo_mux_16_1a/mux_8_1a | B1 ^ -> ZN v | IND2D4    | 0.027 |   1.426 |  -14.704 | 
     | /fifo_mux_2_1f/FE_RC_25823_0                       |              |           |       |         |          | 
     | sfp_instance/fifo_inst_int/fifo_mux_16_1a/mux_8_1a | A1 v -> ZN ^ | CKND2D4   | 0.023 |   1.449 |  -14.681 | 
     | /fifo_mux_2_1f/FE_RC_25821_0                       |              |           |       |         |          | 
     | sfp_instance/fifo_inst_int/fifo_mux_16_1a/mux_8_1a | B1 ^ -> ZN v | IND2D4    | 0.023 |   1.473 |  -14.657 | 
     | /fifo_mux_2_1g/FE_RC_46072_0                       |              |           |       |         |          | 
     | sfp_instance/fifo_inst_int/fifo_mux_16_1a/mux_8_1a | A1 v -> ZN ^ | CKND2D4   | 0.024 |   1.496 |  -14.634 | 
     | /fifo_mux_2_1g/FE_RC_46071_0                       |              |           |       |         |          | 
     | sfp_instance/fifo_inst_int/fifo_mux_16_1a/mux_2_1a | B1 ^ -> ZN v | IND2D4    | 0.030 |   1.526 |  -14.604 | 
     | /FE_RC_410_0                                       |              |           |       |         |          | 
     | sfp_instance/fifo_inst_int/fifo_mux_16_1a/mux_2_1a | A1 v -> ZN ^ | ND2D8     | 0.040 |   1.567 |  -14.563 | 
     | /FE_RC_409_0                                       |              |           |       |         |          | 
     | sfp_instance/add_88/FE_RC_54927_0                  | A1 ^ -> ZN v | NR2XD4    | 0.033 |   1.599 |  -14.531 | 
     | sfp_instance/add_88/FE_RC_54928_0                  | I v -> ZN ^  | INVD4     | 0.020 |   1.619 |  -14.511 | 
     | sfp_instance/add_88/FE_RC_49201_0                  | A1 ^ -> ZN v | ND2D4     | 0.021 |   1.641 |  -14.489 | 
     | sfp_instance/add_88/FE_RC_49200_0                  | A1 v -> ZN ^ | CKND2D4   | 0.024 |   1.664 |  -14.466 | 
     | sfp_instance/add_88/FE_RC_51437_0                  | A1 ^ -> ZN v | ND2D2     | 0.025 |   1.689 |  -14.441 | 
     | sfp_instance/add_88/FE_RC_51436_0                  | A1 v -> ZN ^ | ND2D2     | 0.020 |   1.710 |  -14.420 | 
     | sfp_instance/add_88/U1_4                           | CI ^ -> CO ^ | FA1D2     | 0.072 |   1.781 |  -14.349 | 
     | sfp_instance/add_88/FE_RC_64011_0                  | A1 ^ -> ZN v | ND2D4     | 0.030 |   1.811 |  -14.319 | 
     | sfp_instance/add_88/FE_RC_64010_0                  | A1 v -> ZN ^ | CKND2D4   | 0.024 |   1.836 |  -14.294 | 
     | sfp_instance/add_88/U1_6                           | CI ^ -> CO ^ | FA1D2     | 0.075 |   1.911 |  -14.219 | 
     | sfp_instance/add_88/FE_RC_11310_0                  | A1 ^ -> ZN v | ND2D4     | 0.033 |   1.944 |  -14.186 | 
     | sfp_instance/add_88/FE_RC_47281_0                  | B1 v -> ZN ^ | IND2D4    | 0.027 |   1.971 |  -14.159 | 
     | sfp_instance/add_88/FE_RC_47280_0                  | A1 ^ -> ZN v | ND2D8     | 0.035 |   2.005 |  -14.125 | 
     | sfp_instance/add_88/FE_RC_47876_0                  | B1 v -> ZN ^ | IND2D4    | 0.026 |   2.031 |  -14.099 | 
     | sfp_instance/add_88/FE_RC_47875_0                  | A1 ^ -> ZN v | ND2D4     | 0.026 |   2.057 |  -14.073 | 
     | sfp_instance/add_88/FE_RC_45316_0                  | A1 v -> ZN ^ | OAI21D4   | 0.032 |   2.089 |  -14.041 | 
     | sfp_instance/add_88/U1_13                          | CI ^ -> CO ^ | FA1D2     | 0.076 |   2.165 |  -13.965 | 
     | sfp_instance/add_88/FE_RC_15893_0                  | A1 ^ -> ZN v | CKND2D4   | 0.033 |   2.198 |  -13.932 | 
     | sfp_instance/add_88/FE_RC_15944_0                  | B1 v -> ZN ^ | IND2D4    | 0.027 |   2.225 |  -13.905 | 
     | sfp_instance/add_88/FE_RC_15943_0                  | A1 ^ -> ZN v | ND2D8     | 0.035 |   2.260 |  -13.870 | 
     | sfp_instance/add_88/FE_RC_40_0_dup1_dup            | A1 v -> ZN ^ | CKND2D8   | 0.036 |   2.296 |  -13.834 | 
     | sfp_instance/add_88/FE_RC_42838_0                  | A1 ^ -> ZN v | OAI21D4   | 0.029 |   2.326 |  -13.804 | 
     | sfp_instance/add_88/FE_RC_124_0                    | A1 v -> ZN v | IND2D4    | 0.057 |   2.383 |  -13.747 | 
     | sfp_instance/FE_OCPC15680_sum_2core_21_            | I v -> ZN ^  | INVD6     | 0.029 |   2.412 |  -13.718 | 
     | sfp_instance/FE_OCPC15681_sum_2core_21_            | I ^ -> ZN v  | INVD16    | 0.026 |   2.438 |  -13.692 | 
     | sfp_instance/FE_OCPC15688_sum_2core_21_            | I v -> Z v   | BUFFD16   | 0.063 |   2.501 |  -13.629 | 
     | sfp_instance/FE_OCPC16314_sum_2core_21_            | I v -> Z v   | CKBD3     | 0.152 |   2.653 |  -13.477 | 
     | sfp_instance/div4/div_19/FE_RC_18_0                | A2 v -> ZN ^ | NR2XD8    | 0.050 |   2.704 |  -13.426 | 
     | sfp_instance/div4/div_19/FE_RC_19408_0             | A1 ^ -> ZN v | CKND2D8   | 0.035 |   2.739 |  -13.391 | 
     | sfp_instance/div4/div_19/FE_RC_19407_0             | A1 v -> ZN ^ | NR2XD8    | 0.031 |   2.770 |  -13.360 | 
     | sfp_instance/div4/div_19/FE_RC_19382_0             | A1 ^ -> ZN v | ND2D8     | 0.036 |   2.806 |  -13.324 | 
     | sfp_instance/div4/div_19/FE_OCPC11424_FE_RN_14590_ | I v -> ZN ^  | CKND16    | 0.033 |   2.839 |  -13.291 | 
     | 0                                                  |              |           |       |         |          | 
     | sfp_instance/div4/div_19/FE_RC_41370_0             | B1 ^ -> ZN v | IND2D4    | 0.084 |   2.922 |  -13.208 | 
     | sfp_instance/div4/div_19/FE_RC_20113_0_dup_dup     | B1 v -> ZN ^ | IND2D4    | 0.024 |   2.946 |  -13.184 | 
     | sfp_instance/div4/div_19/FE_RC_20972_0             | A1 ^ -> ZN v | AOI21D4   | 0.026 |   2.972 |  -13.158 | 
     | sfp_instance/div4/div_19/FE_RC_20971_0             | A1 v -> ZN ^ | NR2XD2    | 0.038 |   3.010 |  -13.120 | 
     | sfp_instance/div4/div_19/U436                      | S ^ -> Z ^   | MUX2D4    | 0.078 |   3.088 |  -13.042 | 
     | sfp_instance/div4/div_19/FE_RC_11089_0             | B1 ^ -> ZN v | IND2D4    | 0.025 |   3.113 |  -13.017 | 
     | sfp_instance/div4/div_19/FE_RC_11088_0             | A1 v -> ZN ^ | CKND2D3   | 0.032 |   3.144 |  -12.986 | 
     | sfp_instance/div4/div_19/FE_RC_49715_0             | A1 ^ -> ZN v | CKND2D4   | 0.035 |   3.179 |  -12.951 | 
     | sfp_instance/div4/div_19/FE_RC_56291_0             | A1 v -> ZN ^ | AOI21D4   | 0.045 |   3.224 |  -12.906 | 
     | sfp_instance/div4/div_19/FE_RC_26382_0             | A1 ^ -> ZN v | ND2D3     | 0.036 |   3.260 |  -12.870 | 
     | sfp_instance/div4/div_19/FE_RC_26380_0             | B v -> ZN ^  | OAI21D4   | 0.035 |   3.295 |  -12.835 | 
     | sfp_instance/div4/div_19/FE_OCPC15661_u_div_PartRe | I ^ -> ZN v  | INVD2     | 0.024 |   3.319 |  -12.811 | 
     | m_28__2_                                           |              |           |       |         |          | 
     | sfp_instance/div4/div_19/FE_RC_57711_0             | A1 v -> ZN ^ | ND2D2     | 0.024 |   3.343 |  -12.787 | 
     | sfp_instance/div4/div_19/FE_RC_57710_0             | I ^ -> ZN v  | INVD2     | 0.021 |   3.364 |  -12.766 | 
     | sfp_instance/div4/div_19/FE_RC_57709_0             | A2 v -> ZN ^ | OAI211D4  | 0.051 |   3.415 |  -12.715 | 
     | sfp_instance/div4/div_19/FE_RC_18784_0             | B2 ^ -> ZN v | IND3D4    | 0.053 |   3.468 |  -12.662 | 
     | sfp_instance/div4/div_19/FE_RC_16832_0             | A1 v -> ZN ^ | ND2D8     | 0.037 |   3.505 |  -12.625 | 
     | sfp_instance/div4/div_19/U434                      | S ^ -> Z v   | MUX2D4    | 0.112 |   3.617 |  -12.513 | 
     | sfp_instance/div4/div_19/FE_OCPC13584_u_div_PartRe | I v -> Z v   | CKBD4     | 0.051 |   3.668 |  -12.462 | 
     | m_27__3_                                           |              |           |       |         |          | 
     | sfp_instance/div4/div_19/FE_RC_6910_0              | A2 v -> ZN ^ | ND2D4     | 0.026 |   3.694 |  -12.436 | 
     | sfp_instance/div4/div_19/FE_RC_36934_0_dup         | A2 ^ -> ZN v | ND2D3     | 0.040 |   3.734 |  -12.396 | 
     | sfp_instance/div4/div_19/FE_RC_48112_0_dup         | B1 v -> ZN ^ | IND2D4    | 0.027 |   3.761 |  -12.369 | 
     | sfp_instance/div4/div_19/FE_RC_48111_0_dup         | A1 ^ -> ZN v | ND2D8     | 0.041 |   3.802 |  -12.328 | 
     | sfp_instance/div4/div_19/FE_RC_20501_0             | A1 v -> ZN ^ | ND2D4     | 0.030 |   3.832 |  -12.298 | 
     | sfp_instance/div4/div_19/FE_RC_34892_0             | B ^ -> ZN v  | OAI21D4   | 0.042 |   3.874 |  -12.256 | 
     | sfp_instance/div4/div_19/FE_RC_7136_0              | B1 v -> ZN ^ | IND2D4    | 0.025 |   3.899 |  -12.231 | 
     | sfp_instance/div4/div_19/FE_RC_7135_0              | A1 ^ -> ZN v | ND2D4     | 0.029 |   3.927 |  -12.203 | 
     | sfp_instance/div4/div_19/FE_RC_10077_0             | A1 v -> ZN ^ | ND2D4     | 0.025 |   3.952 |  -12.178 | 
     | sfp_instance/div4/div_19/FE_RC_55094_0             | A1 ^ -> ZN v | ND2D2     | 0.025 |   3.978 |  -12.152 | 
     | sfp_instance/div4/div_19/u_div_u_fa_PartRem_0_25_3 | CI v -> CO v | FA1D1     | 0.072 |   4.050 |  -12.080 | 
     | sfp_instance/div4/div_19/u_div_u_fa_PartRem_0_25_4 | CI v -> CO v | FA1D2     | 0.087 |   4.137 |  -11.993 | 
     | sfp_instance/div4/div_19/u_div_u_fa_PartRem_0_25_5 | CI v -> CO v | FA1D2     | 0.106 |   4.243 |  -11.887 | 
     | sfp_instance/div4/div_19/FE_RC_10_0_dup_dup        | A1 v -> Z v  | AN2D4     | 0.055 |   4.298 |  -11.832 | 
     | sfp_instance/div4/div_19/FE_RC_10332_0             | A1 v -> ZN ^ | CKND2D4   | 0.021 |   4.319 |  -11.811 | 
     | sfp_instance/div4/div_19/FE_RC_10596_0             | B ^ -> ZN v  | OAI21D4   | 0.040 |   4.359 |  -11.771 | 
     | sfp_instance/div4/div_19/FE_RC_10822_0             | B1 v -> ZN ^ | IND2D4    | 0.025 |   4.384 |  -11.746 | 
     | sfp_instance/div4/div_19/FE_RC_10821_0_dup         | A1 ^ -> ZN v | ND2D2     | 0.029 |   4.412 |  -11.718 | 
     | sfp_instance/div4/div_19/FE_RC_33546_0             | A1 v -> ZN ^ | ND2D3     | 0.027 |   4.440 |  -11.690 | 
     | sfp_instance/div4/div_19/FE_RC_57101_0             | A1 ^ -> ZN v | ND2D4     | 0.030 |   4.470 |  -11.660 | 
     | sfp_instance/div4/div_19/FE_RC_49313_0             | A1 v -> ZN ^ | ND2D4     | 0.021 |   4.490 |  -11.640 | 
     | sfp_instance/div4/div_19/FE_RC_49312_0             | A1 ^ -> ZN v | ND2D2     | 0.027 |   4.518 |  -11.612 | 
     | sfp_instance/div4/div_19/u_div_u_fa_PartRem_0_24_4 | CI v -> CO v | FA1D4     | 0.102 |   4.619 |  -11.511 | 
     | sfp_instance/div4/div_19/FE_RC_14124_0             | A1 v -> ZN ^ | ND2D4     | 0.029 |   4.648 |  -11.482 | 
     | sfp_instance/div4/div_19/FE_RC_14123_0             | A1 ^ -> ZN v | ND2D4     | 0.026 |   4.674 |  -11.456 | 
     | sfp_instance/div4/div_19/FE_RC_13990_0             | B1 v -> ZN ^ | IND2D4    | 0.029 |   4.703 |  -11.427 | 
     | sfp_instance/div4/div_19/FE_RC_13989_0_dup         | A1 ^ -> ZN v | ND2D4     | 0.033 |   4.736 |  -11.394 | 
     | sfp_instance/div4/div_19/FE_OCPC11932_u_div_CryTmp | I v -> Z v   | BUFFD2    | 0.051 |   4.787 |  -11.343 | 
     | _24__7_                                            |              |           |       |         |          | 
     | sfp_instance/div4/div_19/U530_dup_dup1             | A1 v -> Z v  | AN2D8     | 0.055 |   4.842 |  -11.288 | 
     | sfp_instance/div4/div_19/FE_RC_47109_0             | A2 v -> ZN ^ | OAI21D4   | 0.100 |   4.943 |  -11.187 | 
     | sfp_instance/div4/div_19/FE_RC_7532_0              | A2 ^ -> ZN v | CKND2D4   | 0.048 |   4.991 |  -11.139 | 
     | sfp_instance/div4/div_19/FE_RC_16162_0             | A2 v -> ZN ^ | ND2D4     | 0.040 |   5.030 |  -11.100 | 
     | sfp_instance/div4/div_19/FE_RC_46860_0             | A1 ^ -> ZN v | CKND2D4   | 0.025 |   5.055 |  -11.075 | 
     | sfp_instance/div4/div_19/FE_RC_46859_0             | A1 v -> ZN ^ | ND2D4     | 0.021 |   5.076 |  -11.054 | 
     | sfp_instance/div4/div_19/FE_RC_51964_0             | A1 ^ -> ZN v | CKND2D4   | 0.029 |   5.105 |  -11.025 | 
     | sfp_instance/div4/div_19/FE_RC_51963_0             | A1 v -> ZN ^ | ND2D8     | 0.035 |   5.140 |  -10.990 | 
     | sfp_instance/div4/div_19/FE_RC_54202_0             | A1 ^ -> ZN v | CKND2D8   | 0.034 |   5.174 |  -10.956 | 
     | sfp_instance/div4/div_19/FE_RC_55145_0             | A1 v -> ZN ^ | AOI21D4   | 0.057 |   5.231 |  -10.899 | 
     | sfp_instance/div4/div_19/FE_RC_11132_0             | A1 ^ -> ZN v | CKND2D4   | 0.033 |   5.264 |  -10.866 | 
     | sfp_instance/div4/div_19/FE_RC_11130_0             | B v -> ZN ^  | OAI21D4   | 0.030 |   5.294 |  -10.836 | 
     | sfp_instance/div4/div_19/FE_RC_24512_0             | A1 ^ -> ZN v | CKND2D4   | 0.027 |   5.322 |  -10.808 | 
     | sfp_instance/div4/div_19/FE_RC_34370_0             | A1 v -> ZN ^ | ND2D4     | 0.025 |   5.347 |  -10.783 | 
     | sfp_instance/div4/div_19/FE_RC_20665_0             | B ^ -> ZN v  | OAI21D4   | 0.038 |   5.385 |  -10.745 | 
     | sfp_instance/div4/div_19/FE_RC_7110_0              | A1 v -> ZN ^ | CKND2D4   | 0.031 |   5.416 |  -10.714 | 
     | sfp_instance/div4/div_19/FE_RC_13045_0             | A1 ^ -> ZN v | ND2D4     | 0.025 |   5.440 |  -10.690 | 
     | sfp_instance/div4/div_19/FE_RC_13044_0             | A1 v -> ZN ^ | ND2D4     | 0.022 |   5.463 |  -10.667 | 
     | sfp_instance/div4/div_19/FE_RC_2502_0              | A1 ^ -> ZN v | ND2D4     | 0.023 |   5.485 |  -10.645 | 
     | sfp_instance/div4/div_19/FE_RC_2501_0              | A1 v -> ZN ^ | ND2D4     | 0.021 |   5.506 |  -10.624 | 
     | sfp_instance/div4/div_19/FE_RC_7391_0              | A1 ^ -> ZN v | ND2D4     | 0.025 |   5.531 |  -10.599 | 
     | sfp_instance/div4/div_19/FE_RC_8173_0              | A1 v -> ZN ^ | ND2D4     | 0.021 |   5.552 |  -10.578 | 
     | sfp_instance/div4/div_19/FE_RC_8157_0              | B1 ^ -> ZN v | IND2D4    | 0.025 |   5.577 |  -10.553 | 
     | sfp_instance/div4/div_19/FE_RC_8156_0              | A1 v -> ZN ^ | ND2D4     | 0.021 |   5.597 |  -10.533 | 
     | sfp_instance/div4/div_19/FE_RC_15280_0             | A1 ^ -> ZN v | ND2D3     | 0.025 |   5.622 |  -10.508 | 
     | sfp_instance/div4/div_19/FE_RC_15279_0             | A1 v -> ZN ^ | CKND2D4   | 0.029 |   5.651 |  -10.479 | 
     | sfp_instance/div4/div_19/FE_RC_56948_0             | B1 ^ -> ZN v | IND2D4    | 0.035 |   5.686 |  -10.444 | 
     | sfp_instance/div4/div_19/FE_RC_56937_0             | A1 v -> ZN ^ | ND2D8     | 0.036 |   5.722 |  -10.408 | 
     | sfp_instance/div4/div_19/FE_RC_378_0               | A1 ^ -> ZN v | CKND2D4   | 0.029 |   5.751 |  -10.379 | 
     | sfp_instance/div4/div_19/FE_RC_376_0               | B v -> ZN ^  | OAI21D4   | 0.029 |   5.779 |  -10.351 | 
     | sfp_instance/div4/div_19/FE_RC_10146_0             | B1 ^ -> ZN v | IND2D4    | 0.030 |   5.809 |  -10.321 | 
     | sfp_instance/div4/div_19/FE_RC_10145_0             | A1 v -> ZN ^ | ND2D4     | 0.023 |   5.832 |  -10.298 | 
     | sfp_instance/div4/div_19/FE_RC_25237_0             | A2 ^ -> ZN v | ND2D4     | 0.031 |   5.863 |  -10.267 | 
     | sfp_instance/div4/div_19/FE_RC_35617_0             | A1 v -> ZN ^ | ND2D4     | 0.023 |   5.886 |  -10.244 | 
     | sfp_instance/div4/div_19/FE_RC_36040_0_dup         | A1 ^ -> ZN v | ND2D2     | 0.025 |   5.911 |  -10.219 | 
     | sfp_instance/div4/div_19/FE_RC_41700_0             | A1 v -> ZN ^ | ND2D2     | 0.023 |   5.933 |  -10.197 | 
     | sfp_instance/div4/div_19/FE_RC_57520_0             | A1 ^ -> ZN v | NR2D3     | 0.020 |   5.953 |  -10.177 | 
     | sfp_instance/div4/div_19/FE_RC_57596_0             | B1 v -> ZN ^ | INR2XD2   | 0.027 |   5.980 |  -10.150 | 
     | sfp_instance/div4/div_19/FE_RC_57595_0             | A1 ^ -> ZN v | OAI21D4   | 0.025 |   6.005 |  -10.125 | 
     | sfp_instance/div4/div_19/FE_RC_57123_0             | A1 v -> ZN ^ | CKND2D2   | 0.032 |   6.037 |  -10.093 | 
     | sfp_instance/div4/div_19/FE_RC_57122_0             | A1 ^ -> ZN v | CKND2D4   | 0.026 |   6.063 |  -10.067 | 
     | sfp_instance/div4/div_19/FE_RC_56506_0             | B1 v -> ZN ^ | IND2D4    | 0.021 |   6.085 |  -10.045 | 
     | sfp_instance/div4/div_19/FE_RC_32994_0             | A1 ^ -> ZN v | ND2D3     | 0.027 |   6.112 |  -10.018 | 
     | sfp_instance/div4/div_19/FE_RC_33032_0             | A1 v -> ZN ^ | ND2D4     | 0.027 |   6.138 |   -9.992 | 
     | sfp_instance/div4/div_19/FE_RC_6234_0_dup          | A1 ^ -> Z ^  | AN3D8     | 0.084 |   6.223 |   -9.907 | 
     | sfp_instance/div4/div_19/FE_RC_22648_0             | A1 ^ -> ZN v | ND2D4     | 0.028 |   6.251 |   -9.879 | 
     | sfp_instance/div4/div_19/FE_RC_22646_0             | B v -> ZN ^  | OAI21D4   | 0.031 |   6.282 |   -9.848 | 
     | sfp_instance/div4/div_19/FE_RC_5860_0              | A1 ^ -> ZN v | ND2D3     | 0.032 |   6.314 |   -9.816 | 
     | sfp_instance/div4/div_19/FE_RC_5859_0              | A1 v -> ZN ^ | ND2D4     | 0.024 |   6.339 |   -9.791 | 
     | sfp_instance/div4/div_19/FE_RC_5049_0              | B1 ^ -> ZN v | IND2D4    | 0.029 |   6.368 |   -9.762 | 
     | sfp_instance/div4/div_19/FE_RC_5048_0              | A1 v -> ZN ^ | ND2D4     | 0.023 |   6.391 |   -9.739 | 
     | sfp_instance/div4/div_19/FE_RC_6664_0              | A1 ^ -> ZN v | ND2D4     | 0.028 |   6.419 |   -9.712 | 
     | sfp_instance/div4/div_19/FE_RC_6663_0              | A1 v -> ZN ^ | ND2D4     | 0.023 |   6.442 |   -9.688 | 
     | sfp_instance/div4/div_19/FE_RC_44434_0             | A1 ^ -> ZN v | AOI21D4   | 0.029 |   6.471 |   -9.659 | 
     | sfp_instance/div4/div_19/FE_RC_44433_0             | A1 v -> ZN ^ | OAI21D4   | 0.045 |   6.516 |   -9.614 | 
     | sfp_instance/div4/div_19/FE_RC_13485_0             | A1 ^ -> ZN v | ND2D4     | 0.032 |   6.547 |   -9.583 | 
     | sfp_instance/div4/div_19/FE_RC_36274_0             | A2 v -> ZN ^ | OAI211D4  | 0.046 |   6.593 |   -9.537 | 
     | sfp_instance/div4/div_19/FE_RC_26597_0             | A1 ^ -> ZN v | ND2D4     | 0.034 |   6.627 |   -9.503 | 
     | sfp_instance/div4/div_19/FE_RC_52213_0             | A2 v -> ZN ^ | OAI211D4  | 0.043 |   6.670 |   -9.460 | 
     | sfp_instance/div4/div_19/FE_RC_45727_0             | A1 ^ -> ZN v | CKND2D4   | 0.031 |   6.701 |   -9.429 | 
     | sfp_instance/div4/div_19/FE_RC_51576_0             | A1 v -> ZN ^ | ND2D4     | 0.027 |   6.728 |   -9.402 | 
     | sfp_instance/div4/div_19/U587_dup                  | A1 ^ -> Z ^  | AN2D4     | 0.062 |   6.790 |   -9.340 | 
     | sfp_instance/div4/div_19/FE_RC_18873_0             | A1 ^ -> ZN v | ND2D4     | 0.026 |   6.816 |   -9.314 | 
     | sfp_instance/div4/div_19/FE_RC_18871_0             | B v -> ZN ^  | OAI21D4   | 0.031 |   6.847 |   -9.283 | 
     | sfp_instance/div4/div_19/FE_RC_43266_0             | A1 ^ -> ZN ^ | IND2D2    | 0.048 |   6.894 |   -9.236 | 
     | sfp_instance/div4/div_19/FE_RC_43265_0             | A2 ^ -> ZN v | CKND2D2   | 0.031 |   6.926 |   -9.204 | 
     | sfp_instance/div4/div_19/FE_RC_43264_0             | A1 v -> ZN ^ | ND2D2     | 0.022 |   6.948 |   -9.183 | 
     | sfp_instance/div4/div_19/u_div_u_fa_PartRem_0_19_3 | CI ^ -> CO ^ | FA1D2     | 0.077 |   7.024 |   -9.106 | 
     | sfp_instance/div4/div_19/FE_RC_54002_0             | A1 ^ -> ZN v | AOI21D4   | 0.037 |   7.061 |   -9.069 | 
     | sfp_instance/div4/div_19/FE_RC_53612_0             | A1 v -> ZN ^ | OAI21D4   | 0.044 |   7.105 |   -9.025 | 
     | sfp_instance/div4/div_19/FE_RC_9256_0              | A1 ^ -> ZN v | ND2D4     | 0.031 |   7.136 |   -8.994 | 
     | sfp_instance/div4/div_19/FE_RC_52642_0             | A2 v -> ZN ^ | OAI211D4  | 0.042 |   7.178 |   -8.952 | 
     | sfp_instance/div4/div_19/FE_RC_12184_0             | A1 ^ -> ZN v | ND2D2     | 0.030 |   7.209 |   -8.921 | 
     | sfp_instance/div4/div_19/FE_RC_12183_0             | A1 v -> ZN ^ | ND2D2     | 0.029 |   7.238 |   -8.893 | 
     | sfp_instance/div4/div_19/FE_RC_1911_0              | B1 ^ -> ZN v | IND2D4    | 0.037 |   7.275 |   -8.856 | 
     | sfp_instance/div4/div_19/FE_RC_56414_0             | A2 v -> ZN ^ | OAI211D4  | 0.041 |   7.316 |   -8.815 | 
     | sfp_instance/div4/div_19/FE_RC_56412_0             | B1 ^ -> ZN v | IND2D4    | 0.044 |   7.360 |   -8.771 | 
     | sfp_instance/div4/div_19/FE_RC_36032_0             | I v -> ZN ^  | INVD12    | 0.033 |   7.393 |   -8.737 | 
     | sfp_instance/div4/div_19/FE_RC_36042_0             | A1 ^ -> ZN v | CKND2D4   | 0.026 |   7.419 |   -8.711 | 
     | sfp_instance/div4/div_19/FE_RC_36041_0             | B v -> ZN ^  | OAI21D4   | 0.028 |   7.447 |   -8.683 | 
     | sfp_instance/div4/div_19/FE_RC_14622_0             | A1 ^ -> ZN v | ND2D2     | 0.027 |   7.474 |   -8.656 | 
     | sfp_instance/div4/div_19/FE_RC_14621_0             | A1 v -> ZN ^ | ND2D2     | 0.025 |   7.499 |   -8.632 | 
     | sfp_instance/div4/div_19/FE_RC_15000_0             | A2 ^ -> ZN v | ND2D2     | 0.032 |   7.531 |   -8.600 | 
     | sfp_instance/div4/div_19/FE_RC_14999_0_dup         | A1 v -> ZN ^ | ND2D2     | 0.022 |   7.553 |   -8.577 | 
     | sfp_instance/div4/div_19/FE_RC_34894_0             | A1 ^ -> ZN v | ND2D2     | 0.030 |   7.583 |   -8.547 | 
     | sfp_instance/div4/div_19/FE_RC_34893_0             | A1 v -> ZN ^ | ND2D2     | 0.021 |   7.604 |   -8.526 | 
     | sfp_instance/div4/div_19/u_div_u_fa_PartRem_0_18_4 | CI ^ -> CO ^ | FA1D2     | 0.076 |   7.680 |   -8.450 | 
     | sfp_instance/div4/div_19/FE_RC_40666_0             | A2 ^ -> ZN v | OAI211D4  | 0.044 |   7.724 |   -8.406 | 
     | sfp_instance/div4/div_19/FE_RC_20931_0             | A1 v -> ZN ^ | ND2D4     | 0.029 |   7.753 |   -8.377 | 
     | sfp_instance/div4/div_19/FE_RC_25745_0             | A1 ^ -> ZN v | ND2D4     | 0.024 |   7.778 |   -8.352 | 
     | sfp_instance/div4/div_19/FE_RC_25743_0             | B1 v -> ZN ^ | IND2D4    | 0.023 |   7.801 |   -8.329 | 
     | sfp_instance/div4/div_19/FE_RC_2860_0              | B1 ^ -> ZN v | IND2D4    | 0.027 |   7.828 |   -8.302 | 
     | sfp_instance/div4/div_19/FE_RC_52339_0             | A2 v -> ZN ^ | OAI211D4  | 0.044 |   7.872 |   -8.258 | 
     | sfp_instance/div4/div_19/FE_RC_20237_0             | A1 ^ -> ZN v | ND2D4     | 0.038 |   7.910 |   -8.220 | 
     | sfp_instance/div4/div_19/FE_RC_20152_0             | A1 v -> ZN ^ | ND2D8     | 0.037 |   7.947 |   -8.183 | 
     | sfp_instance/div4/div_19/FE_RC_21570_0             | A1 ^ -> ZN v | ND2D4     | 0.031 |   7.978 |   -8.152 | 
     | sfp_instance/div4/div_19/FE_RC_21568_0             | B v -> ZN ^  | OAI21D4   | 0.032 |   8.011 |   -8.119 | 
     | sfp_instance/div4/div_19/FE_RC_8224_0              | B1 ^ -> ZN v | IND2D4    | 0.033 |   8.043 |   -8.087 | 
     | sfp_instance/div4/div_19/FE_RC_8223_0_dup          | A1 v -> ZN ^ | CKND2D4   | 0.025 |   8.068 |   -8.062 | 
     | sfp_instance/div4/div_19/FE_RC_8405_0              | A1 ^ -> ZN v | ND2D4     | 0.029 |   8.097 |   -8.033 | 
     | sfp_instance/div4/div_19/FE_RC_8404_0              | A1 v -> ZN ^ | ND2D4     | 0.019 |   8.116 |   -8.014 | 
     | sfp_instance/div4/div_19/FE_RC_8355_0              | A1 ^ -> ZN v | ND2D2     | 0.026 |   8.142 |   -7.988 | 
     | sfp_instance/div4/div_19/FE_RC_8354_0              | A1 v -> ZN ^ | ND2D2     | 0.022 |   8.164 |   -7.966 | 
     | sfp_instance/div4/div_19/u_div_u_fa_PartRem_0_17_4 | CI ^ -> CO ^ | FA1D2     | 0.077 |   8.241 |   -7.889 | 
     | sfp_instance/div4/div_19/FE_RC_40972_0             | A1 ^ -> ZN v | CKND2D4   | 0.030 |   8.271 |   -7.859 | 
     | sfp_instance/div4/div_19/FE_RC_43500_0             | A1 v -> ZN ^ | ND2D4     | 0.023 |   8.294 |   -7.836 | 
     | sfp_instance/div4/div_19/FE_RC_44177_0             | A1 ^ -> ZN v | ND2D3     | 0.032 |   8.326 |   -7.804 | 
     | sfp_instance/div4/div_19/FE_RC_44176_0             | A1 v -> ZN ^ | ND2D4     | 0.024 |   8.350 |   -7.780 | 
     | sfp_instance/div4/div_19/FE_RC_45373_0             | A1 ^ -> ZN v | ND2D4     | 0.024 |   8.374 |   -7.756 | 
     | sfp_instance/div4/div_19/FE_RC_53610_0             | B1 v -> ZN ^ | IND2D4    | 0.022 |   8.396 |   -7.734 | 
     | sfp_instance/div4/div_19/FE_RC_45775_0             | B1 ^ -> ZN v | IND2D4    | 0.027 |   8.423 |   -7.708 | 
     | sfp_instance/div4/div_19/FE_RC_53084_0             | A2 v -> ZN ^ | OAI211D4  | 0.042 |   8.464 |   -7.666 | 
     | sfp_instance/div4/div_19/FE_RC_57482_0             | A1 ^ -> ZN v | CKND2D4   | 0.028 |   8.492 |   -7.638 | 
     | sfp_instance/div4/div_19/FE_RC_57481_0             | A1 v -> ZN ^ | ND2D4     | 0.026 |   8.518 |   -7.612 | 
     | sfp_instance/div4/div_19/FE_RC_52190_0             | A1 ^ -> ZN v | OAI21D4   | 0.035 |   8.554 |   -7.577 | 
     | sfp_instance/div4/div_19/FE_RC_38106_0             | A1 v -> ZN ^ | AOI21D4   | 0.081 |   8.635 |   -7.495 | 
     | sfp_instance/div4/div_19/FE_RC_213_0               | A1 ^ -> ZN ^ | IND2D4    | 0.060 |   8.695 |   -7.436 | 
     | sfp_instance/div4/div_19/FE_RC_212_0               | A1 ^ -> ZN v | ND2D4     | 0.023 |   8.718 |   -7.412 | 
     | sfp_instance/div4/div_19/FE_RC_52608_0             | A1 v -> ZN ^ | ND2D2     | 0.019 |   8.737 |   -7.393 | 
     | sfp_instance/div4/div_19/FE_RC_52607_0             | A1 ^ -> ZN v | CKND2D2   | 0.026 |   8.763 |   -7.368 | 
     | sfp_instance/div4/div_19/FE_RC_24335_0             | A1 v -> ZN ^ | ND2D2     | 0.023 |   8.785 |   -7.345 | 
     | sfp_instance/div4/div_19/FE_RC_38575_0             | A1 ^ -> ZN v | ND2D2     | 0.025 |   8.810 |   -7.320 | 
     | sfp_instance/div4/div_19/u_div_u_fa_PartRem_0_16_3 | CI v -> CO v | FA1D4     | 0.100 |   8.910 |   -7.220 | 
     | sfp_instance/div4/div_19/u_div_u_fa_PartRem_0_16_4 | CI v -> CO v | FA1D1     | 0.074 |   8.984 |   -7.146 | 
     | sfp_instance/div4/div_19/u_div_u_fa_PartRem_0_16_5 | CI v -> CO v | FA1D2     | 0.088 |   9.072 |   -7.058 | 
     | sfp_instance/div4/div_19/FE_RC_5179_0              | B1 v -> ZN ^ | IND2D4    | 0.028 |   9.100 |   -7.030 | 
     | sfp_instance/div4/div_19/FE_RC_5178_0              | A1 ^ -> ZN v | CKND2D4   | 0.025 |   9.125 |   -7.005 | 
     | sfp_instance/div4/div_19/FE_RC_8055_0              | A1 v -> ZN ^ | ND2D3     | 0.027 |   9.152 |   -6.979 | 
     | sfp_instance/div4/div_19/FE_RC_23155_0_dup         | A1 ^ -> ZN v | OAI21D4   | 0.028 |   9.179 |   -6.951 | 
     | sfp_instance/div4/div_19/FE_RC_24250_0             | A1 v -> ZN ^ | ND2D4     | 0.027 |   9.206 |   -6.924 | 
     | sfp_instance/div4/div_19/FE_RC_46809_0             | A2 ^ -> ZN v | OAI211D4  | 0.039 |   9.245 |   -6.885 | 
     | sfp_instance/div4/div_19/FE_RC_48254_0             | A1 v -> ZN ^ | ND2D3     | 0.030 |   9.275 |   -6.855 | 
     | sfp_instance/div4/div_19/FE_RC_48486_0             | A1 ^ -> ZN v | ND2D4     | 0.031 |   9.307 |   -6.823 | 
     | sfp_instance/div4/div_19/FE_RC_55122_0             | B1 v -> ZN ^ | IND2D4    | 0.029 |   9.335 |   -6.795 | 
     | sfp_instance/div4/div_19/FE_RC_55121_0             | A1 ^ -> ZN v | ND2D4     | 0.025 |   9.360 |   -6.770 | 
     | sfp_instance/div4/div_19/FE_RC_48520_0             | B1 v -> ZN ^ | IND2D4    | 0.026 |   9.385 |   -6.745 | 
     | sfp_instance/div4/div_19/FE_RC_48519_0             | A1 ^ -> ZN v | ND2D8     | 0.048 |   9.434 |   -6.696 | 
     | sfp_instance/div4/div_19/FE_RC_20432_0             | A1 v -> ZN ^ | OAI21D4   | 0.058 |   9.491 |   -6.639 | 
     | sfp_instance/div4/div_19/FE_RC_46501_0             | I ^ -> ZN v  | CKND2     | 0.024 |   9.516 |   -6.614 | 
     | sfp_instance/div4/div_19/FE_RC_46499_0             | A1 v -> ZN ^ | CKND2D2   | 0.029 |   9.545 |   -6.585 | 
     | sfp_instance/div4/div_19/FE_RC_46498_0             | A2 ^ -> ZN v | ND2D2     | 0.032 |   9.577 |   -6.553 | 
     | sfp_instance/div4/div_19/FE_RC_46497_0             | A1 v -> ZN ^ | ND2D2     | 0.024 |   9.601 |   -6.529 | 
     | sfp_instance/div4/div_19/u_div_u_fa_PartRem_0_15_3 | CI ^ -> CO ^ | FA1D1     | 0.072 |   9.673 |   -6.457 | 
     | sfp_instance/div4/div_19/u_div_u_fa_PartRem_0_15_4 | CI ^ -> CO ^ | FA1D1     | 0.073 |   9.746 |   -6.384 | 
     | sfp_instance/div4/div_19/u_div_u_fa_PartRem_0_15_5 | CI ^ -> CO ^ | FA1D1     | 0.072 |   9.818 |   -6.312 | 
     | sfp_instance/div4/div_19/u_div_u_fa_PartRem_0_15_6 | CI ^ -> CO ^ | FA1D2     | 0.075 |   9.893 |   -6.237 | 
     | sfp_instance/div4/div_19/FE_RC_14000_0             | B1 ^ -> ZN v | IND2D4    | 0.033 |   9.926 |   -6.204 | 
     | sfp_instance/div4/div_19/FE_RC_52610_0             | A2 v -> ZN ^ | OAI211D4  | 0.048 |   9.974 |   -6.156 | 
     | sfp_instance/div4/div_19/FE_RC_1713_0              | B1 ^ -> ZN v | IND2D4    | 0.036 |  10.011 |   -6.119 | 
     | sfp_instance/div4/div_19/FE_RC_36631_0             | A2 v -> ZN ^ | OAI211D4  | 0.047 |  10.058 |   -6.072 | 
     | sfp_instance/div4/div_19/FE_RC_1607_0              | B1 ^ -> ZN v | IND2D4    | 0.032 |  10.090 |   -6.040 | 
     | sfp_instance/div4/div_19/FE_RC_1606_0              | A1 v -> ZN ^ | CKND2D4   | 0.034 |  10.124 |   -6.006 | 
     | sfp_instance/div4/div_19/FE_RC_33492_0             | A1 ^ -> ZN v | ND2D8     | 0.039 |  10.163 |   -5.967 | 
     | sfp_instance/div4/div_19/FE_RC_33378_0             | A1 v -> ZN ^ | ND2D8     | 0.045 |  10.208 |   -5.922 | 
     | sfp_instance/div4/div_19/FE_RC_47102_0             | A1 ^ -> ZN v | ND2D2     | 0.030 |  10.238 |   -5.892 | 
     | sfp_instance/div4/div_19/FE_RC_48494_0             | B v -> ZN ^  | OAI21D1   | 0.050 |  10.288 |   -5.842 | 
     | sfp_instance/div4/div_19/FE_RC_4683_0              | A1 ^ -> ZN v | ND2D2     | 0.043 |  10.331 |   -5.800 | 
     | sfp_instance/div4/div_19/FE_RC_4679_0              | A2 v -> ZN ^ | ND2D3     | 0.040 |  10.371 |   -5.760 | 
     | sfp_instance/div4/div_19/FE_RC_44512_0             | A1 ^ -> ZN v | ND2D2     | 0.027 |  10.398 |   -5.732 | 
     | sfp_instance/div4/div_19/FE_RC_44511_0             | A1 v -> ZN ^ | ND2D2     | 0.021 |  10.418 |   -5.712 | 
     | sfp_instance/div4/div_19/u_div_u_fa_PartRem_0_14_4 | CI ^ -> CO ^ | FA1D2     | 0.062 |  10.481 |   -5.649 | 
     | sfp_instance/div4/div_19/FE_RC_55631_0             | A1 ^ -> ZN v | ND2D2     | 0.031 |  10.512 |   -5.618 | 
     | sfp_instance/div4/div_19/FE_RC_55630_0             | A1 v -> ZN ^ | ND2D3     | 0.028 |  10.541 |   -5.590 | 
     | sfp_instance/div4/div_19/FE_RC_6368_0              | A1 ^ -> ZN v | ND2D4     | 0.028 |  10.569 |   -5.561 | 
     | sfp_instance/div4/div_19/FE_RC_11637_0             | A1 v -> ZN ^ | ND2D4     | 0.023 |  10.592 |   -5.538 | 
     | sfp_instance/div4/div_19/FE_RC_8881_0              | B1 ^ -> ZN v | IND2D4    | 0.031 |  10.622 |   -5.508 | 
     | sfp_instance/div4/div_19/FE_RC_38726_0             | A2 v -> ZN ^ | OAI211D4  | 0.053 |  10.675 |   -5.455 | 
     | sfp_instance/div4/div_19/FE_RC_43438_0             | A2 ^ -> ZN v | OAI211D4  | 0.052 |  10.727 |   -5.403 | 
     | sfp_instance/div4/div_19/FE_RC_43434_0             | B1 v -> ZN ^ | IND2D4    | 0.035 |  10.762 |   -5.368 | 
     | sfp_instance/div4/div_19/FE_RC_9554_0              | A1 ^ -> ZN v | ND2D4     | 0.035 |  10.797 |   -5.333 | 
     | sfp_instance/div4/div_19/FE_RC_36464_0_dup         | A2 v -> ZN ^ | OAI211D4  | 0.046 |  10.843 |   -5.287 | 
     | sfp_instance/div4/div_19/FE_RC_48511_0             | B1 ^ -> ZN v | IND2D4    | 0.032 |  10.875 |   -5.255 | 
     | sfp_instance/div4/div_19/FE_RC_48510_0             | A1 v -> ZN ^ | ND2D4     | 0.025 |  10.900 |   -5.230 | 
     | sfp_instance/div4/div_19/U598_dup_dup              | A1 ^ -> Z ^  | AN2D8     | 0.071 |  10.971 |   -5.159 | 
     | sfp_instance/div4/div_19/FE_RC_52363_0             | A1 ^ -> ZN v | OAI21D4   | 0.032 |  11.003 |   -5.127 | 
     | sfp_instance/div4/div_19/FE_RC_8735_0              | A1 v -> ZN ^ | ND2D2     | 0.021 |  11.024 |   -5.106 | 
     | sfp_instance/div4/div_19/FE_RC_24274_0             | A1 ^ -> ZN v | ND2D2     | 0.032 |  11.056 |   -5.074 | 
     | sfp_instance/div4/div_19/FE_RC_35666_0             | A1 v -> ZN ^ | ND2D2     | 0.024 |  11.080 |   -5.050 | 
     | sfp_instance/div4/div_19/FE_RC_35665_0             | A1 ^ -> ZN v | ND2D2     | 0.031 |  11.111 |   -5.019 | 
     | sfp_instance/div4/div_19/FE_RC_43278_0             | A1 v -> ZN ^ | ND2D2     | 0.026 |  11.137 |   -4.994 | 
     | sfp_instance/div4/div_19/FE_RC_43277_0             | A1 ^ -> ZN v | ND2D2     | 0.024 |  11.161 |   -4.969 | 
     | sfp_instance/div4/div_19/u_div_u_fa_PartRem_0_13_4 | CI v -> CO v | FA1D1     | 0.070 |  11.231 |   -4.899 | 
     | sfp_instance/div4/div_19/u_div_u_fa_PartRem_0_13_5 | CI v -> CO v | FA1D2     | 0.087 |  11.318 |   -4.812 | 
     | sfp_instance/div4/div_19/FE_RC_26288_0             | A1 v -> ZN ^ | ND2D4     | 0.031 |  11.349 |   -4.781 | 
     | sfp_instance/div4/div_19/FE_RC_26898_0             | A2 ^ -> ZN v | OAI211D4  | 0.047 |  11.396 |   -4.734 | 
     | sfp_instance/div4/div_19/FE_RC_54190_0             | A1 v -> ZN ^ | ND2D4     | 0.034 |  11.430 |   -4.700 | 
     | sfp_instance/div4/div_19/FE_RC_42295_0             | A2 ^ -> ZN v | OAI211D4  | 0.036 |  11.466 |   -4.664 | 
     | sfp_instance/div4/div_19/FE_RC_41851_0             | A1 v -> ZN ^ | ND2D2     | 0.027 |  11.493 |   -4.637 | 
     | sfp_instance/div4/div_19/FE_RC_41850_0             | A1 ^ -> ZN v | ND2D2     | 0.034 |  11.527 |   -4.603 | 
     | sfp_instance/div4/div_19/FE_RC_43153_0             | A1 v -> ZN ^ | ND2D4     | 0.029 |  11.556 |   -4.574 | 
     | sfp_instance/div4/div_19/FE_RC_47047_0             | A2 ^ -> ZN v | OAI211D4  | 0.049 |  11.605 |   -4.525 | 
     | sfp_instance/div4/div_19/FE_RC_47077_0             | B1 v -> ZN ^ | IND2D4    | 0.038 |  11.643 |   -4.488 | 
     | sfp_instance/div4/div_19/FE_RC_47076_0             | B1 ^ -> ZN v | IND2D4    | 0.025 |  11.668 |   -4.463 | 
     | sfp_instance/div4/div_19/FE_RC_208_0_dup1          | A1 v -> Z v  | AN2D8     | 0.061 |  11.728 |   -4.402 | 
     | sfp_instance/div4/div_19/FE_RC_193_0               | A1 v -> ZN ^ | ND2D4     | 0.029 |  11.757 |   -4.373 | 
     | sfp_instance/div4/div_19/FE_RC_56077_0             | B ^ -> ZN v  | OAI21D4   | 0.038 |  11.795 |   -4.335 | 
     | sfp_instance/div4/div_19/FE_RC_39237_0             | B1 v -> ZN ^ | IND2D4    | 0.023 |  11.818 |   -4.312 | 
     | sfp_instance/div4/div_19/FE_RC_26254_0             | A1 ^ -> ZN v | ND2D4     | 0.028 |  11.846 |   -4.284 | 
     | sfp_instance/div4/div_19/FE_RC_6808_0              | A1 v -> ZN ^ | ND2D4     | 0.024 |  11.870 |   -4.260 | 
     | sfp_instance/div4/div_19/FE_RC_6807_0              | A1 ^ -> ZN v | CKND2D4   | 0.025 |  11.895 |   -4.235 | 
     | sfp_instance/div4/div_19/FE_RC_6760_0              | A1 v -> ZN ^ | ND2D2     | 0.023 |  11.918 |   -4.212 | 
     | sfp_instance/div4/div_19/FE_RC_6759_0              | A1 ^ -> ZN v | ND2D2     | 0.023 |  11.940 |   -4.190 | 
     | sfp_instance/div4/div_19/u_div_u_fa_PartRem_0_12_4 | CI v -> CO v | FA1D2     | 0.089 |  12.029 |   -4.101 | 
     | sfp_instance/div4/div_19/FE_RC_7033_0              | B1 v -> ZN ^ | IND2D4    | 0.029 |  12.058 |   -4.072 | 
     | sfp_instance/div4/div_19/FE_RC_7032_0              | A1 ^ -> ZN v | ND2D4     | 0.025 |  12.083 |   -4.047 | 
     | sfp_instance/div4/div_19/FE_RC_7003_0              | B1 v -> ZN ^ | IND2D4    | 0.027 |  12.110 |   -4.020 | 
     | sfp_instance/div4/div_19/FE_RC_35980_0             | A2 ^ -> ZN v | OAI211D4  | 0.039 |  12.149 |   -3.982 | 
     | sfp_instance/div4/div_19/FE_RC_51901_0             | A1 v -> ZN ^ | CKND2D4   | 0.039 |  12.187 |   -3.943 | 
     | sfp_instance/div4/div_19/FE_RC_57621_0             | A1 ^ -> ZN v | OAI221XD4 | 0.054 |  12.241 |   -3.889 | 
     | sfp_instance/div4/div_19/FE_RC_53123_0             | A2 v -> ZN ^ | OAI211D4  | 0.059 |  12.300 |   -3.831 | 
     | sfp_instance/div4/div_19/FE_RC_36259_0             | A2 ^ -> ZN v | OAI211D4  | 0.059 |  12.359 |   -3.771 | 
     | sfp_instance/div4/div_19/FE_RC_41230_0             | A2 v -> ZN ^ | OAI211D4  | 0.046 |  12.404 |   -3.726 | 
     | sfp_instance/div4/div_19/FE_RC_41762_0             | A1 ^ -> Z ^  | AN2D4     | 0.065 |  12.470 |   -3.660 | 
     | sfp_instance/div4/div_19/FE_RC_41763_0             | I ^ -> ZN v  | INVD12    | 0.026 |  12.496 |   -3.634 | 
     | sfp_instance/div4/div_19/FE_OCPC4771_n93_dup_dup   | I v -> Z v   | BUFFD12   | 0.054 |  12.550 |   -3.580 | 
     | sfp_instance/div4/div_19/FE_RC_56666_0             | B1 v -> ZN ^ | IND2D4    | 0.020 |  12.570 |   -3.560 | 
     | sfp_instance/div4/div_19/FE_RC_56950_0             | B ^ -> ZN v  | OAI211D4  | 0.047 |  12.617 |   -3.513 | 
     | sfp_instance/div4/div_19/FE_RC_56447_0             | A1 v -> ZN ^ | ND2D2     | 0.031 |  12.647 |   -3.483 | 
     | sfp_instance/div4/div_19/FE_RC_56446_0             | A1 ^ -> ZN v | ND2D3     | 0.031 |  12.678 |   -3.452 | 
     | sfp_instance/div4/div_19/FE_RC_5662_0              | A1 v -> ZN ^ | ND2D2     | 0.024 |  12.702 |   -3.428 | 
     | sfp_instance/div4/div_19/FE_RC_55628_0             | A1 ^ -> ZN v | ND2D2     | 0.024 |  12.726 |   -3.404 | 
     | sfp_instance/div4/div_19/u_div_u_fa_PartRem_0_11_4 | CI v -> CO v | FA1D1     | 0.071 |  12.796 |   -3.334 | 
     | sfp_instance/div4/div_19/u_div_u_fa_PartRem_0_11_5 | CI v -> CO v | FA1D2     | 0.075 |  12.872 |   -3.258 | 
     | sfp_instance/div4/div_19/u_div_u_fa_PartRem_0_11_6 | CI v -> CO v | FA1D2     | 0.092 |  12.964 |   -3.166 | 
     | sfp_instance/div4/div_19/FE_RC_32098_0             | A2 v -> ZN ^ | OAI211D4  | 0.050 |  13.014 |   -3.116 | 
     | sfp_instance/div4/div_19/FE_RC_25209_0             | A1 ^ -> ZN v | ND2D4     | 0.034 |  13.048 |   -3.083 | 
     | sfp_instance/div4/div_19/FE_RC_39068_0             | B1 v -> ZN ^ | IND2D4    | 0.023 |  13.071 |   -3.059 | 
     | sfp_instance/div4/div_19/FE_RC_30538_0             | B1 ^ -> ZN v | IND2D4    | 0.028 |  13.099 |   -3.031 | 
     | sfp_instance/div4/div_19/FE_RC_6276_0              | A1 v -> ZN ^ | ND2D4     | 0.023 |  13.122 |   -3.008 | 
     | sfp_instance/div4/div_19/FE_RC_11595_0             | A1 ^ -> ZN v | ND2D4     | 0.026 |  13.147 |   -2.983 | 
     | sfp_instance/div4/div_19/FE_RC_13609_0             | A1 v -> ZN ^ | ND2D4     | 0.027 |  13.174 |   -2.956 | 
     | sfp_instance/div4/div_19/FE_RC_35909_0             | A1 ^ -> ZN v | OAI21D4   | 0.042 |  13.216 |   -2.914 | 
     | sfp_instance/div4/div_19/FE_RC_5572_0              | A1 v -> ZN ^ | ND2D4     | 0.028 |  13.244 |   -2.886 | 
     | sfp_instance/div4/div_19/FE_RC_5627_0              | A1 ^ -> ZN v | ND2D4     | 0.027 |  13.270 |   -2.860 | 
     | sfp_instance/div4/div_19/FE_RC_9657_0              | A1 v -> ZN ^ | ND2D4     | 0.024 |  13.294 |   -2.836 | 
     | sfp_instance/div4/div_19/FE_RC_19969_0             | B1 ^ -> ZN v | IND2D4    | 0.027 |  13.321 |   -2.809 | 
     | sfp_instance/div4/div_19/FE_RC_20043_0             | A1 v -> ZN ^ | ND2D4     | 0.030 |  13.351 |   -2.779 | 
     | sfp_instance/div4/div_19/FE_RC_11285_0             | I ^ -> ZN v  | INVD12    | 0.029 |  13.380 |   -2.750 | 
     | sfp_instance/div4/div_19/FE_RC_23773_0             | A1 v -> ZN ^ | ND2D4     | 0.031 |  13.411 |   -2.719 | 
     | sfp_instance/div4/div_19/FE_RC_23771_0             | B ^ -> ZN v  | OAI21D4   | 0.046 |  13.458 |   -2.672 | 
     | sfp_instance/div4/div_19/FE_RC_44561_0             | B1 v -> ZN ^ | INR2D2    | 0.039 |  13.497 |   -2.633 | 
     | sfp_instance/div4/div_19/FE_RC_44562_0             | I ^ -> ZN v  | INVD2     | 0.026 |  13.523 |   -2.607 | 
     | sfp_instance/div4/div_19/FE_RC_44160_0             | A1 v -> ZN ^ | AOI21D4   | 0.054 |  13.577 |   -2.553 | 
     | sfp_instance/div4/div_19/FE_RC_44557_0             | A2 ^ -> ZN v | OAI21D4   | 0.043 |  13.620 |   -2.510 | 
     | sfp_instance/div4/div_19/u_div_u_fa_PartRem_0_10_4 | CI v -> CO v | FA1D1     | 0.075 |  13.695 |   -2.435 | 
     | sfp_instance/div4/div_19/u_div_u_fa_PartRem_0_10_5 | CI v -> CO v | FA1D1     | 0.074 |  13.769 |   -2.361 | 
     | sfp_instance/div4/div_19/u_div_u_fa_PartRem_0_10_6 | CI v -> CO v | FA1D2     | 0.087 |  13.855 |   -2.275 | 
     | sfp_instance/div4/div_19/FE_RC_29739_0             | A1 v -> ZN ^ | ND2D3     | 0.031 |  13.886 |   -2.244 | 
     | sfp_instance/div4/div_19/FE_RC_29738_0             | B1 ^ -> ZN v | IND2D4    | 0.032 |  13.918 |   -2.212 | 
     | sfp_instance/div4/div_19/FE_RC_13824_0             | A1 v -> ZN ^ | ND2D4     | 0.031 |  13.949 |   -2.181 | 
     | sfp_instance/div4/div_19/FE_RC_30887_0             | A1 ^ -> ZN v | OAI21D4   | 0.039 |  13.988 |   -2.142 | 
     | sfp_instance/div4/div_19/FE_RC_30893_0             | A1 v -> ZN ^ | OAI21D4   | 0.055 |  14.042 |   -2.088 | 
     | sfp_instance/div4/div_19/FE_RC_52630_0             | A2 ^ -> ZN v | OAI211D4  | 0.051 |  14.094 |   -2.037 | 
     | sfp_instance/div4/div_19/FE_RC_52629_0             | A1 v -> ZN ^ | ND2D4     | 0.041 |  14.135 |   -1.996 | 
     | sfp_instance/div4/div_19/FE_RC_34163_0             | I ^ -> ZN v  | INVD12    | 0.028 |  14.162 |   -1.968 | 
     | sfp_instance/div4/div_19/FE_RC_44491_0             | B1 v -> ZN ^ | IND2D4    | 0.034 |  14.196 |   -1.934 | 
     | sfp_instance/div4/div_19/FE_RC_44489_0             | B ^ -> ZN v  | OAI21D4   | 0.036 |  14.232 |   -1.898 | 
     | sfp_instance/div4/div_19/FE_RC_56011_0             | A1 v -> ZN ^ | ND2D3     | 0.024 |  14.256 |   -1.874 | 
     | sfp_instance/div4/div_19/FE_RC_56010_0             | A1 ^ -> ZN v | CKND2D4   | 0.027 |  14.283 |   -1.847 | 
     | sfp_instance/div4/div_19/FE_RC_425_0               | A1 v -> ZN ^ | ND2D4     | 0.022 |  14.305 |   -1.825 | 
     | sfp_instance/div4/div_19/FE_RC_424_0               | A1 ^ -> ZN v | ND2D4     | 0.027 |  14.333 |   -1.798 | 
     | sfp_instance/div4/div_19/FE_RC_296_0               | B1 v -> ZN ^ | IND2D4    | 0.024 |  14.356 |   -1.774 | 
     | sfp_instance/div4/div_19/FE_RC_295_0               | A1 ^ -> ZN v | CKND2D4   | 0.023 |  14.379 |   -1.751 | 
     | sfp_instance/div4/div_19/u_div_u_fa_PartRem_0_9_4  | CI v -> CO v | FA1D2     | 0.073 |  14.452 |   -1.678 | 
     | sfp_instance/div4/div_19/u_div_u_fa_PartRem_0_9_5  | CI v -> CO v | FA1D2     | 0.084 |  14.535 |   -1.595 | 
     | sfp_instance/div4/div_19/u_div_u_fa_PartRem_0_9_6  | CI v -> CO v | FA1D2     | 0.087 |  14.623 |   -1.508 | 
     | sfp_instance/div4/div_19/FE_RC_562_0               | B1 v -> ZN ^ | IND2D4    | 0.029 |  14.652 |   -1.478 | 
     | sfp_instance/div4/div_19/FE_RC_27897_0             | A2 ^ -> ZN v | OAI211D4  | 0.041 |  14.693 |   -1.437 | 
     | sfp_instance/div4/div_19/FE_RC_32157_0             | B1 v -> ZN ^ | IND2D4    | 0.031 |  14.724 |   -1.406 | 
     | sfp_instance/div4/div_19/FE_RC_32156_0             | A1 ^ -> ZN v | CKND2D4   | 0.032 |  14.756 |   -1.374 | 
     | sfp_instance/div4/div_19/FE_RC_22198_0             | A1 v -> ZN ^ | ND2D8     | 0.028 |  14.784 |   -1.346 | 
     | sfp_instance/div4/div_19/FE_RC_42265_0_dup         | A2 ^ -> ZN v | OAI211D4  | 0.040 |  14.824 |   -1.306 | 
     | sfp_instance/div4/div_19/FE_RC_53290_0             | A2 v -> ZN ^ | OAI211D4  | 0.059 |  14.884 |   -1.246 | 
     | sfp_instance/div4/div_19/FE_RC_51939_0             | A2 ^ -> ZN v | OAI211D4  | 0.051 |  14.935 |   -1.195 | 
     | sfp_instance/div4/div_19/FE_RC_38230_0             | B1 v -> ZN ^ | IND2D4    | 0.033 |  14.968 |   -1.162 | 
     | sfp_instance/div4/div_19/FE_RC_40519_0             | B1 ^ -> ZN v | IND2D4    | 0.032 |  15.000 |   -1.130 | 
     | sfp_instance/div4/div_19/FE_RC_40518_0             | A1 v -> ZN ^ | ND2D8     | 0.029 |  15.028 |   -1.102 | 
     | sfp_instance/div4/div_19/FE_RC_38164_0             | I ^ -> ZN v  | CKND16    | 0.026 |  15.054 |   -1.076 | 
     | sfp_instance/div4/div_19/FE_RC_202_0               | A1 v -> ZN ^ | ND2D4     | 0.036 |  15.091 |   -1.040 | 
     | sfp_instance/div4/div_19/FE_RC_55695_0             | B ^ -> ZN v  | OAI21D4   | 0.041 |  15.131 |   -0.999 | 
     | sfp_instance/div4/div_19/FE_RC_56366_0             | B1 v -> ZN ^ | IND2D4    | 0.024 |  15.156 |   -0.974 | 
     | sfp_instance/div4/div_19/FE_RC_56365_0             | A1 ^ -> ZN v | ND2D4     | 0.029 |  15.185 |   -0.945 | 
     | sfp_instance/div4/div_19/FE_RC_49081_0             | A1 v -> ZN ^ | ND2D4     | 0.025 |  15.210 |   -0.920 | 
     | sfp_instance/div4/div_19/FE_RC_49080_0             | A1 ^ -> ZN v | ND2D4     | 0.026 |  15.236 |   -0.894 | 
     | sfp_instance/div4/div_19/FE_RC_22562_0             | A1 v -> ZN ^ | ND2D4     | 0.022 |  15.258 |   -0.872 | 
     | sfp_instance/div4/div_19/FE_RC_22561_0             | A1 ^ -> ZN v | ND2D4     | 0.036 |  15.294 |   -0.836 | 
     | sfp_instance/div4/div_19/FE_RC_816_0               | A1 v -> ZN ^ | CKND2D4   | 0.029 |  15.323 |   -0.807 | 
     | sfp_instance/div4/div_19/FE_RC_815_0               | A1 ^ -> ZN v | ND2D4     | 0.027 |  15.351 |   -0.779 | 
     | sfp_instance/div4/div_19/FE_RC_3860_0              | B1 v -> ZN ^ | IND2D4    | 0.024 |  15.375 |   -0.755 | 
     | sfp_instance/div4/div_19/FE_RC_16303_0             | B1 ^ -> ZN v | IND2D4    | 0.025 |  15.400 |   -0.730 | 
     | sfp_instance/div4/div_19/FE_RC_16300_0             | A1 v -> ZN ^ | ND2D4     | 0.024 |  15.424 |   -0.706 | 
     | sfp_instance/div4/div_19/FE_RC_22504_0             | A2 ^ -> ZN v | OAI211D4  | 0.043 |  15.467 |   -0.663 | 
     | sfp_instance/div4/div_19/FE_RC_35656_0             | A1 v -> ZN ^ | ND2D4     | 0.035 |  15.502 |   -0.628 | 
     | sfp_instance/div4/div_19/FE_RC_39344_0             | A2 ^ -> ZN v | OAI211D4  | 0.045 |  15.548 |   -0.582 | 
     | sfp_instance/div4/div_19/FE_RC_55908_0             | A2 v -> ZN ^ | OAI211D4  | 0.051 |  15.598 |   -0.532 | 
     | sfp_instance/div4/div_19/FE_RC_42027_0             | A1 ^ -> ZN v | ND2D4     | 0.033 |  15.631 |   -0.499 | 
     | sfp_instance/div4/div_19/FE_RC_57141_0             | B1 v -> ZN ^ | IND2D4    | 0.025 |  15.656 |   -0.474 | 
     | sfp_instance/div4/div_19/FE_RC_57618_0             | A1 ^ -> ZN v | ND2D4     | 0.024 |  15.680 |   -0.450 | 
     | sfp_instance/div4/div_19/FE_RC_57641_0             | A1 v -> ZN ^ | CKND2D4   | 0.033 |  15.714 |   -0.417 | 
     | sfp_instance/div4/div_19/FE_RC_39387_0             | A2 ^ -> ZN v | OAI211D4  | 0.040 |  15.754 |   -0.376 | 
     | sfp_instance/div4/div_19/FE_OFC3854_n88            | I v -> Z v   | BUFFD16   | 0.064 |  15.818 |   -0.312 | 
     | sfp_instance/div4/div_19/FE_RC_45498_0             | A2 v -> ZN ^ | ND2D8     | 0.041 |  15.859 |   -0.271 | 
     | sfp_instance/div4/div_19/FE_RC_26434_0             | I ^ -> ZN v  | CKND4     | 0.017 |  15.876 |   -0.254 | 
     | sfp_instance/div4/div_19/FE_RC_26433_0             | A1 v -> ZN ^ | NR2D4     | 0.031 |  15.908 |   -0.223 | 
     | sfp_instance/div4/div_19/FE_RC_26177_0             | A1 ^ -> ZN v | OAI21D4   | 0.032 |  15.939 |   -0.191 | 
     | sfp_instance/div4/div_19/FE_RC_5768_0              | A1 v -> ZN ^ | ND2D4     | 0.024 |  15.963 |   -0.167 | 
     | sfp_instance/div4/div_19/FE_RC_5767_0              | A1 ^ -> ZN v | ND2D4     | 0.027 |  15.990 |   -0.140 | 
     | sfp_instance/div4/div_19/FE_RC_43702_0             | A1 v -> ZN ^ | AOI21D4   | 0.052 |  16.042 |   -0.089 | 
     | sfp_instance/div4/div_19/FE_RC_43701_0             | A1 ^ -> ZN v | OAI21D4   | 0.042 |  16.084 |   -0.046 | 
     | sfp_instance/div4/div_19/FE_RC_5411_0              | A1 v -> ZN ^ | ND2D4     | 0.027 |  16.111 |   -0.019 | 
     | sfp_instance/div4/div_19/FE_RC_31360_0             | A1 ^ -> ZN v | ND2D4     | 0.028 |  16.139 |    0.009 | 
     | sfp_instance/div4/div_19/FE_RC_42136_0             | A1 v -> ZN ^ | AOI21D4   | 0.038 |  16.177 |    0.047 | 
     | sfp_instance/div4/div_19/FE_RC_42135_0             | A1 ^ -> ZN v | OAI21D4   | 0.036 |  16.213 |    0.083 | 
     | sfp_instance/div4/div_19/FE_RC_3922_0              | A1 v -> ZN ^ | ND2D4     | 0.032 |  16.245 |    0.115 | 
     | sfp_instance/div4/div_19/FE_RC_22248_0             | A1 ^ -> ZN v | AOI211XD4 | 0.043 |  16.288 |    0.158 | 
     | sfp_instance/div4/div_19/FE_RC_57144_0             | B1 v -> ZN ^ | IND2D4    | 0.030 |  16.318 |    0.188 | 
     | sfp_instance/div4/div_19/FE_RC_57143_0             | A1 ^ -> ZN v | CKND2D4   | 0.026 |  16.344 |    0.214 | 
     | sfp_instance/div4/div_19/FE_RC_43144_0             | A1 v -> ZN ^ | ND2D4     | 0.023 |  16.368 |    0.237 | 
     | sfp_instance/div4/div_19/FE_RC_45802_0             | B1 ^ -> ZN v | IND2D4    | 0.028 |  16.396 |    0.266 | 
     | sfp_instance/div4/div_19/FE_RC_46667_0             | B1 v -> ZN ^ | IND2D4    | 0.022 |  16.418 |    0.287 | 
     | sfp_instance/div4/div_19/FE_RC_46919_0             | B1 ^ -> ZN v | IND2D4    | 0.028 |  16.446 |    0.316 | 
     | sfp_instance/div4/div_19/FE_RC_55655_0             | A1 v -> ZN ^ | OAI21D4   | 0.040 |  16.485 |    0.355 | 
     | sfp_instance/div4/div_19/FE_RC_55654_0             | A1 ^ -> ZN v | ND2D4     | 0.031 |  16.517 |    0.387 | 
     | sfp_instance/div4/div_19/FE_RC_400_0               | B1 v -> ZN ^ | IND2D4    | 0.023 |  16.540 |    0.410 | 
     | sfp_instance/div4/div_19/FE_RC_23041_0             | A1 ^ -> ZN v | OAI21D4   | 0.029 |  16.569 |    0.439 | 
     | sfp_instance/div4/div_19/FE_OCPC12540_u_div_CryTmp | I v -> Z v   | BUFFD16   | 0.058 |  16.627 |    0.497 | 
     | _7__24_                                            |              |           |       |         |          | 
     | sfp_instance/div4/div_19/FE_RC_23927_0             | A1 v -> ZN ^ | ND2D4     | 0.036 |  16.663 |    0.533 | 
     | sfp_instance/div4/div_19/FE_RC_23926_0             | B ^ -> ZN v  | OAI21D4   | 0.048 |  16.711 |    0.581 | 
     | sfp_instance/div4/div_19/FE_RC_35444_0             | I v -> ZN ^  | CKND4     | 0.023 |  16.734 |    0.604 | 
     | sfp_instance/div4/div_19/FE_RC_35443_0             | B1 ^ -> ZN v | IND2D4    | 0.024 |  16.759 |    0.629 | 
     | sfp_instance/div4/div_19/FE_RC_35442_0             | A2 v -> ZN ^ | CKND2D4   | 0.029 |  16.788 |    0.658 | 
     | sfp_instance/div4/div_19/FE_RC_35441_0             | A1 ^ -> ZN v | ND2D3     | 0.027 |  16.815 |    0.685 | 
     | sfp_instance/div4/div_19/FE_RC_4565_0              | A1 v -> ZN ^ | ND2D2     | 0.025 |  16.840 |    0.710 | 
     | sfp_instance/div4/div_19/FE_RC_4564_0              | A1 ^ -> ZN v | ND2D2     | 0.027 |  16.867 |    0.737 | 
     | sfp_instance/div4/div_19/u_div_u_fa_PartRem_0_6_4  | CI v -> CO v | FA1D2     | 0.079 |  16.947 |    0.817 | 
     | sfp_instance/div4/div_19/FE_RC_56958_0             | A1 v -> ZN ^ | CKND2D2   | 0.031 |  16.978 |    0.848 | 
     | sfp_instance/div4/div_19/FE_RC_56957_0             | A1 ^ -> ZN v | ND2D2     | 0.027 |  17.004 |    0.874 | 
     | sfp_instance/div4/div_19/FE_RC_22328_0             | A1 v -> ZN ^ | ND2D2     | 0.030 |  17.034 |    0.904 | 
     | sfp_instance/div4/div_19/FE_RC_22326_0             | B1 ^ -> ZN v | IND2D4    | 0.028 |  17.063 |    0.932 | 
     | sfp_instance/div4/div_19/FE_RC_39066_0             | B1 v -> ZN ^ | IND2D4    | 0.022 |  17.085 |    0.954 | 
     | sfp_instance/div4/div_19/FE_RC_2055_0              | A1 ^ -> ZN v | ND2D4     | 0.024 |  17.109 |    0.979 | 
     | sfp_instance/div4/div_19/FE_RC_1937_0              | B1 v -> ZN ^ | IND2D4    | 0.026 |  17.135 |    1.005 | 
     | sfp_instance/div4/div_19/FE_RC_43502_0             | A2 ^ -> ZN v | OAI211D4  | 0.043 |  17.178 |    1.048 | 
     | sfp_instance/div4/div_19/FE_RC_3660_0              | B1 v -> ZN ^ | IND2D4    | 0.031 |  17.209 |    1.079 | 
     | sfp_instance/div4/div_19/FE_RC_22381_0             | A2 ^ -> ZN v | OAI211D4  | 0.037 |  17.246 |    1.116 | 
     | sfp_instance/div4/div_19/FE_RC_30108_0             | A1 v -> ZN ^ | ND2D3     | 0.031 |  17.277 |    1.147 | 
     | sfp_instance/div4/div_19/FE_RC_30107_0             | B1 ^ -> ZN v | IND2D4    | 0.028 |  17.305 |    1.175 | 
     | sfp_instance/div4/div_19/FE_RC_7988_0              | A1 v -> ZN ^ | ND2D4     | 0.027 |  17.332 |    1.202 | 
     | sfp_instance/div4/div_19/FE_RC_40799_0             | A1 ^ -> ZN v | OAI21D4   | 0.034 |  17.366 |    1.236 | 
     | sfp_instance/div4/div_19/FE_RC_51903_0             | A1 v -> ZN ^ | CKND2D4   | 0.027 |  17.393 |    1.263 | 
     | sfp_instance/div4/div_19/FE_RC_51902_0             | A1 ^ -> ZN v | ND2D4     | 0.027 |  17.420 |    1.290 | 
     | sfp_instance/div4/div_19/FE_RC_2058_0_dup          | B1 v -> ZN ^ | IND2D4    | 0.029 |  17.449 |    1.319 | 
     | sfp_instance/div4/div_19/FE_RC_19664_0             | A2 ^ -> ZN v | OAI211D4  | 0.041 |  17.490 |    1.360 | 
     | sfp_instance/div4/div_19/FE_RC_22158_0             | I v -> Z v   | BUFFD16   | 0.066 |  17.556 |    1.426 | 
     | sfp_instance/div4/div_19/FE_RC_22789_0             | A1 v -> ZN v | IND2D4    | 0.067 |  17.623 |    1.493 | 
     | sfp_instance/div4/div_19/FE_RC_45784_0             | A1 v -> ZN ^ | ND3D4     | 0.024 |  17.647 |    1.517 | 
     | sfp_instance/div4/div_19/FE_RC_8467_0              | A1 ^ -> ZN v | ND2D4     | 0.026 |  17.673 |    1.543 | 
     | sfp_instance/div4/div_19/FE_RC_8466_0              | A1 v -> ZN ^ | ND2D4     | 0.022 |  17.694 |    1.564 | 
     | sfp_instance/div4/div_19/FE_RC_11883_0             | A1 ^ -> ZN v | ND2D4     | 0.025 |  17.720 |    1.590 | 
     | sfp_instance/div4/div_19/FE_RC_11882_0             | A1 v -> ZN ^ | ND2D4     | 0.022 |  17.742 |    1.612 | 
     | sfp_instance/div4/div_19/FE_RC_1091_0              | A1 ^ -> ZN v | ND2D4     | 0.025 |  17.768 |    1.638 | 
     | sfp_instance/div4/div_19/FE_RC_1090_0              | A1 v -> ZN ^ | ND2D4     | 0.022 |  17.790 |    1.660 | 
     | sfp_instance/div4/div_19/FE_RC_42139_0             | A1 ^ -> ZN v | ND2D4     | 0.027 |  17.817 |    1.687 | 
     | sfp_instance/div4/div_19/FE_RC_42138_0             | A1 v -> ZN ^ | ND2D4     | 0.021 |  17.838 |    1.708 | 
     | sfp_instance/div4/div_19/FE_RC_31117_0             | B1 ^ -> ZN v | IND2D4    | 0.026 |  17.863 |    1.733 | 
     | sfp_instance/div4/div_19/FE_RC_31116_0             | A1 v -> ZN ^ | ND2D4     | 0.021 |  17.885 |    1.755 | 
     | sfp_instance/div4/div_19/FE_RC_4292_0              | A1 ^ -> ZN v | ND2D4     | 0.026 |  17.911 |    1.781 | 
     | sfp_instance/div4/div_19/FE_RC_4291_0              | A1 v -> ZN ^ | ND2D4     | 0.024 |  17.935 |    1.805 | 
     | sfp_instance/div4/div_19/FE_RC_4242_0              | B1 ^ -> ZN v | IND2D4    | 0.029 |  17.964 |    1.834 | 
     | sfp_instance/div4/div_19/FE_RC_44432_0             | A1 v -> ZN ^ | OAI21D4   | 0.045 |  18.010 |    1.880 | 
     | sfp_instance/div4/div_19/FE_RC_12436_0             | A1 ^ -> ZN v | ND2D4     | 0.034 |  18.043 |    1.913 | 
     | sfp_instance/div4/div_19/FE_RC_52619_0             | A2 v -> ZN ^ | OAI211D4  | 0.044 |  18.087 |    1.957 | 
     | sfp_instance/div4/div_19/FE_RC_784_0               | B1 ^ -> ZN v | IND2D4    | 0.037 |  18.125 |    1.995 | 
     | sfp_instance/div4/div_19/FE_RC_39272_0             | A1 v -> ZN ^ | OAI21D4   | 0.044 |  18.169 |    2.039 | 
     | sfp_instance/div4/div_19/FE_RC_39430_0             | A1 ^ -> ZN v | CKND2D4   | 0.029 |  18.199 |    2.069 | 
     | sfp_instance/div4/div_19/FE_RC_39429_0             | A1 v -> ZN ^ | ND2D4     | 0.024 |  18.223 |    2.093 | 
     | sfp_instance/div4/div_19/FE_RC_24873_0             | B1 ^ -> ZN v | IND2D4    | 0.028 |  18.250 |    2.120 | 
     | sfp_instance/div4/div_19/FE_RC_52662_0             | A2 v -> ZN ^ | OAI211D4  | 0.045 |  18.295 |    2.165 | 
     | sfp_instance/div4/div_19/FE_RC_53346_0             | A1 ^ -> ZN v | OAI21D4   | 0.039 |  18.335 |    2.205 | 
     | sfp_instance/div4/div_19/FE_RC_47012_0             | A1 v -> ZN ^ | CKND2D8   | 0.063 |  18.398 |    2.268 | 
     | sfp_instance/div4/div_19/FE_OCPC12299_FE_RN_24     | I ^ -> Z ^   | CKBD4     | 0.054 |  18.452 |    2.322 | 
     | sfp_instance/div4/div_19/FE_OFC4168_div_out4_5_    | I ^ -> Z ^   | BUFFD16   | 0.054 |  18.506 |    2.376 | 
     | sfp_instance/div4/div_19/U153                      | S ^ -> Z v   | MUX2D2    | 0.101 |  18.607 |    2.477 | 
     | sfp_instance/div4/div_19/FE_RC_16867_0             | A2 v -> ZN v | IOA21D2   | 0.072 |  18.679 |    2.549 | 
     | sfp_instance/div4/div_19/FE_RC_18017_0             | A1 v -> ZN v | IND2D1    | 0.069 |  18.747 |    2.617 | 
     | sfp_instance/div4/div_19/FE_RC_31011_0             | A1 v -> ZN v | IND2D1    | 0.079 |  18.827 |    2.697 | 
     | sfp_instance/div4/div_19/FE_RC_31063_0             | A1 v -> Z v  | OR2D1     | 0.069 |  18.896 |    2.766 | 
     | sfp_instance/div4/div_19/FE_RC_31100_0             | B v -> Z v   | OA211D2   | 0.059 |  18.955 |    2.825 | 
     | sfp_instance/div4/div_19/FE_RC_53953_0             | A1 v -> ZN v | IND2D1    | 0.082 |  19.037 |    2.907 | 
     | sfp_instance/div4/div_19/FE_RC_53950_0             | A2 v -> ZN ^ | OAI21D4   | 0.071 |  19.108 |    2.978 | 
     | sfp_instance/div4/div_19/FE_RC_53951_0             | I ^ -> ZN v  | CKND12    | 0.047 |  19.155 |    3.025 | 
     | sfp_instance/div4/div_19/FE_RC_41922_0             | A1 v -> ZN ^ | NR2D3     | 0.052 |  19.206 |    3.076 | 
     | sfp_instance/div4/div_19/FE_RC_41921_0             | A1 ^ -> ZN ^ | IND2D4    | 0.047 |  19.253 |    3.123 | 
     | sfp_instance/div4/div_19/FE_RC_2885_0              | A1 ^ -> ZN v | ND2D4     | 0.024 |  19.277 |    3.147 | 
     | sfp_instance/div4/div_19/FE_RC_16958_0             | A2 v -> ZN ^ | ND2D4     | 0.040 |  19.318 |    3.188 | 
     | sfp_instance/div4/div_19/FE_RC_1448_0              | A1 ^ -> ZN v | ND2D4     | 0.028 |  19.345 |    3.215 | 
     | sfp_instance/div4/div_19/FE_RC_1447_0              | A1 v -> ZN ^ | ND2D4     | 0.024 |  19.369 |    3.239 | 
     | sfp_instance/div4/div_19/FE_RC_1308_0              | A1 ^ -> ZN v | ND2D4     | 0.024 |  19.393 |    3.263 | 
     | sfp_instance/div4/div_19/FE_RC_1307_0              | A1 v -> ZN ^ | ND2D4     | 0.021 |  19.414 |    3.284 | 
     | sfp_instance/div4/div_19/FE_RC_25358_0             | A1 ^ -> ZN v | ND2D4     | 0.028 |  19.442 |    3.312 | 
     | sfp_instance/div4/div_19/FE_RC_25357_0             | A1 v -> ZN ^ | ND2D4     | 0.025 |  19.467 |    3.337 | 
     | sfp_instance/div4/div_19/FE_RC_54225_0             | A1 ^ -> ZN v | ND2D4     | 0.028 |  19.495 |    3.365 | 
     | sfp_instance/div4/div_19/FE_RC_54224_0             | A1 v -> ZN ^ | ND2D4     | 0.021 |  19.517 |    3.387 | 
     | sfp_instance/div4/div_19/FE_RC_1206_0              | B1 ^ -> ZN v | IND2D4    | 0.031 |  19.547 |    3.417 | 
     | sfp_instance/div4/div_19/FE_RC_52223_0             | A2 v -> ZN ^ | OAI211D4  | 0.047 |  19.594 |    3.464 | 
     | sfp_instance/div4/div_19/FE_RC_57379_0             | B1 ^ -> ZN v | IND2D4    | 0.032 |  19.626 |    3.496 | 
     | sfp_instance/div4/div_19/FE_RC_57378_0             | A1 v -> ZN ^ | ND2D4     | 0.024 |  19.650 |    3.520 | 
     | sfp_instance/div4/div_19/FE_RC_56717_0             | B1 ^ -> ZN v | IND2D4    | 0.029 |  19.679 |    3.549 | 
     | sfp_instance/div4/div_19/FE_RC_52896_0             | A2 v -> ZN ^ | OAI211D4  | 0.050 |  19.729 |    3.599 | 
     | sfp_instance/div4/div_19/FE_RC_7814_0              | A1 ^ -> ZN v | ND2D4     | 0.038 |  19.768 |    3.638 | 
     | sfp_instance/div4/div_19/FE_RC_29953_0             | A2 v -> ZN ^ | OAI211D4  | 0.044 |  19.812 |    3.682 | 
     | sfp_instance/div4/div_19/FE_RC_33285_0             | A1 ^ -> ZN v | ND2D3     | 0.034 |  19.846 |    3.716 | 
     | sfp_instance/div4/div_19/FE_RC_33284_0             | A1 v -> ZN ^ | ND2D4     | 0.026 |  19.871 |    3.741 | 
     | sfp_instance/div4/div_19/FE_RC_33138_0             | B1 ^ -> ZN v | IND2D4    | 0.037 |  19.909 |    3.779 | 
     | sfp_instance/div4/div_19/FE_RC_55130_0_dup         | B1 v -> ZN ^ | IND2D4    | 0.031 |  19.939 |    3.809 | 
     | sfp_instance/div4/div_19/FE_RC_56364_0             | A1 ^ -> ZN v | ND2D8     | 0.038 |  19.978 |    3.848 | 
     | sfp_instance/div4/div_19/FE_RC_47019_0             | A1 v -> ZN ^ | ND2D8     | 0.051 |  20.029 |    3.899 | 
     | sfp_instance/div4/div_19/FE_OCPC11089_FE_RN_60     | I ^ -> Z ^   | BUFFD4    | 0.055 |  20.083 |    3.953 | 
     | sfp_instance/div4/div_19/FE_RC_52784_0             | A1 ^ -> ZN v | OAI21D4   | 0.024 |  20.107 |    3.977 | 
     | sfp_instance/div4/div_19/u_div_u_fa_PartRem_0_2_4  | A v -> CO v  | FA1D2     | 0.163 |  20.270 |    4.140 | 
     | sfp_instance/div4/div_19/u_div_u_fa_PartRem_0_2_5  | CI v -> CO v | FA1D2     | 0.087 |  20.357 |    4.227 | 
     | sfp_instance/div4/div_19/FE_RC_2216_0              | B1 v -> ZN ^ | IND2D4    | 0.028 |  20.385 |    4.255 | 
     | sfp_instance/div4/div_19/FE_RC_2215_0              | A1 ^ -> ZN v | ND2D4     | 0.027 |  20.412 |    4.282 | 
     | sfp_instance/div4/div_19/FE_RC_2615_0              | A1 v -> ZN ^ | ND2D4     | 0.025 |  20.437 |    4.307 | 
     | sfp_instance/div4/div_19/FE_RC_2790_0              | A1 ^ -> ZN v | ND2D4     | 0.031 |  20.468 |    4.338 | 
     | sfp_instance/div4/div_19/FE_RC_22558_0             | A1 v -> ZN ^ | ND2D4     | 0.025 |  20.493 |    4.363 | 
     | sfp_instance/div4/div_19/FE_RC_38533_0             | A1 ^ -> ZN v | OAI21D4   | 0.028 |  20.522 |    4.392 | 
     | sfp_instance/div4/div_19/FE_RC_3241_0              | B1 v -> ZN ^ | IND2D4    | 0.028 |  20.550 |    4.420 | 
     | sfp_instance/div4/div_19/FE_RC_27930_0             | A2 ^ -> ZN v | OAI211D4  | 0.039 |  20.589 |    4.459 | 
     | sfp_instance/div4/div_19/FE_RC_51950_0             | A1 v -> ZN ^ | ND2D3     | 0.031 |  20.619 |    4.489 | 
     | sfp_instance/div4/div_19/FE_RC_51949_0             | A1 ^ -> ZN v | ND2D4     | 0.030 |  20.649 |    4.519 | 
     | sfp_instance/div4/div_19/FE_RC_46965_0             | B1 v -> ZN ^ | IND2D4    | 0.027 |  20.676 |    4.546 | 
     | sfp_instance/div4/div_19/FE_RC_47889_0             | A1 ^ -> ZN v | CKND2D4   | 0.025 |  20.701 |    4.571 | 
     | sfp_instance/div4/div_19/FE_RC_53513_0             | A1 v -> ZN ^ | ND2D4     | 0.031 |  20.732 |    4.602 | 
     | sfp_instance/div4/div_19/FE_RC_33618_0             | A2 ^ -> ZN v | OAI211D4  | 0.043 |  20.775 |    4.645 | 
     | sfp_instance/div4/div_19/FE_OCPC12528_FE_RN_16     | I v -> ZN ^  | CKND6     | 0.039 |  20.814 |    4.684 | 
     | sfp_instance/div4/div_19/FE_OCPC12529_FE_RN_16     | I ^ -> ZN v  | INVD16    | 0.025 |  20.839 |    4.709 | 
     | sfp_instance/div4/div_19/FE_RC_25980_0             | A1 v -> ZN ^ | ND2D4     | 0.038 |  20.876 |    4.746 | 
     | sfp_instance/div4/div_19/FE_RC_25978_0             | B ^ -> ZN v  | OAI21D4   | 0.041 |  20.918 |    4.788 | 
     | sfp_instance/div4/div_19/FE_RC_43776_0             | B1 v -> ZN ^ | INR2XD2   | 0.026 |  20.944 |    4.814 | 
     | sfp_instance/div4/div_19/FE_OCPC11500_FE_RN_32011_ | I ^ -> ZN v  | CKND2     | 0.021 |  20.965 |    4.835 | 
     | 0                                                  |              |           |       |         |          | 
     | sfp_instance/div4/div_19/FE_RC_39949_0             | A1 v -> ZN ^ | ND2D2     | 0.018 |  20.983 |    4.853 | 
     | sfp_instance/div4/div_19/FE_RC_48590_0             | B ^ -> ZN v  | IOA21D2   | 0.028 |  21.011 |    4.881 | 
     | sfp_instance/div4/div_19/u_div_u_fa_PartRem_0_1_3  | CI v -> CO v | FA1D2     | 0.086 |  21.096 |    4.966 | 
     | sfp_instance/div4/div_19/FE_RC_51906_0             | A1 v -> ZN ^ | AOI21D4   | 0.068 |  21.164 |    5.034 | 
     | sfp_instance/div4/div_19/FE_RC_51905_0             | A1 ^ -> ZN v | OAI21D4   | 0.049 |  21.214 |    5.084 | 
     | sfp_instance/div4/div_19/FE_RC_48514_0             | B1 v -> ZN ^ | IND2D4    | 0.026 |  21.240 |    5.109 | 
     | sfp_instance/div4/div_19/FE_RC_48513_0             | A1 ^ -> ZN v | ND2D4     | 0.027 |  21.267 |    5.137 | 
     | sfp_instance/div4/div_19/FE_RC_2399_0              | B1 v -> ZN ^ | IND2D4    | 0.024 |  21.291 |    5.161 | 
     | sfp_instance/div4/div_19/FE_RC_52102_0             | A2 ^ -> ZN v | OAI211D4  | 0.046 |  21.337 |    5.207 | 
     | sfp_instance/div4/div_19/FE_RC_47903_0             | B1 v -> ZN ^ | IND2D4    | 0.031 |  21.369 |    5.238 | 
     | sfp_instance/div4/div_19/FE_RC_52566_0             | B1 ^ -> ZN v | IND2D4    | 0.031 |  21.400 |    5.270 | 
     | sfp_instance/div4/div_19/FE_RC_54246_0             | A1 v -> ZN ^ | ND2D4     | 0.024 |  21.424 |    5.293 | 
     | sfp_instance/div4/div_19/FE_RC_54245_0             | A1 ^ -> ZN v | ND2D4     | 0.025 |  21.449 |    5.319 | 
     | sfp_instance/div4/div_19/FE_RC_11252_0             | A1 v -> ZN ^ | ND2D4     | 0.021 |  21.470 |    5.340 | 
     | sfp_instance/div4/div_19/FE_RC_11251_0             | A1 ^ -> ZN v | ND2D4     | 0.027 |  21.497 |    5.367 | 
     | sfp_instance/div4/div_19/FE_RC_53323_0             | B1 v -> ZN ^ | IND2D4    | 0.024 |  21.521 |    5.391 | 
     | sfp_instance/div4/div_19/FE_RC_53421_0             | B1 ^ -> ZN v | IND2D4    | 0.032 |  21.553 |    5.423 | 
     | sfp_instance/div4/div_19/FE_RC_52811_0             | A1 v -> ZN ^ | OAI21D4   | 0.044 |  21.597 |    5.466 | 
     | sfp_instance/div4/div_19/FE_RC_42237_0             | A2 ^ -> ZN v | OAI211D4  | 0.057 |  21.654 |    5.524 | 
     | sfp_instance/div4/div_19/FE_OCPC7352_FE_RN_18      | I v -> ZN ^  | INVD8     | 0.063 |  21.717 |    5.587 | 
     | sfp_instance/div4/div_19/FE_OCPC7354_FE_RN_18_dup  | I ^ -> ZN v  | INVD12    | 0.039 |  21.756 |    5.626 | 
     | sfp_instance/div4/div_19/FE_RC_18992_0             | A1 v -> ZN ^ | ND2D4     | 0.020 |  21.776 |    5.645 | 
     | sfp_instance/div4/div_19/FE_RC_24693_0             | B ^ -> ZN v  | OAI21D4   | 0.046 |  21.821 |    5.691 | 
     | sfp_instance/div4/div_19/FE_RC_21020_0             | A1 v -> ZN ^ | OAI21D4   | 0.038 |  21.859 |    5.729 | 
     | sfp_instance/div4/div_19/FE_RC_21019_0             | A1 ^ -> ZN v | ND2D3     | 0.031 |  21.890 |    5.760 | 
     | sfp_instance/div4/div_19/FE_RC_21016_0             | A1 v -> ZN ^ | AOI22D4   | 0.046 |  21.936 |    5.806 | 
     | sfp_instance/div4/div_19/FE_RC_21015_0             | A1 ^ -> ZN v | OAI21D4   | 0.050 |  21.986 |    5.856 | 
     | sfp_instance/div4/div_19/FE_RC_21014_0             | A1 v -> ZN ^ | AOI21D4   | 0.046 |  22.032 |    5.902 | 
     | sfp_instance/div4/div_19/FE_RC_21013_0             | A1 ^ -> ZN v | OAI21D4   | 0.039 |  22.072 |    5.941 | 
     | sfp_instance/div4/div_19/FE_RC_23196_0             | A1 v -> ZN ^ | ND2D4     | 0.029 |  22.100 |    5.970 | 
     | sfp_instance/div4/div_19/FE_RC_24764_0             | A1 ^ -> ZN v | CKND2D4   | 0.024 |  22.125 |    5.995 | 
     | sfp_instance/div4/div_19/FE_RC_46515_0             | B1 v -> ZN ^ | IND2D4    | 0.024 |  22.148 |    6.018 | 
     | sfp_instance/div4/div_19/FE_RC_46514_0             | A1 ^ -> ZN v | ND2D4     | 0.030 |  22.179 |    6.049 | 
     | sfp_instance/div4/div_19/FE_RC_40816_0             | A1 v -> ZN ^ | ND2D4     | 0.026 |  22.205 |    6.075 | 
     | sfp_instance/div4/div_19/FE_RC_21003_0             | A2 ^ -> ZN v | OAI211D4  | 0.038 |  22.242 |    6.112 | 
     | sfp_instance/div4/div_19/FE_RC_22102_0             | A1 v -> ZN ^ | OAI21D4   | 0.038 |  22.280 |    6.150 | 
     | sfp_instance/div4/div_19/FE_RC_29763_0             | A1 ^ -> ZN v | OAI21D2   | 0.028 |  22.308 |    6.178 | 
     | sfp_instance/sfp_out_sign4_reg_0_                  | D v          | EDFKCNQD1 | 0.000 |  22.308 |    6.178 | 
     +------------------------------------------------------------------------------------------------------------+ 

