###############################################################
#  Generated by:      Cadence Innovus 15.23-s045_1
#  OS:                Linux x86_64(Host ID ieng6-ece-06.ucsd.edu)
#  Generated on:      Fri Mar 20 18:22:20 2026
#  Design:            fullchip
#  Command:           summaryReport -nohtml -outfile fullchip.post_route.summary.rpt
###############################################################


==============================
General Design Information
==============================
Design Status: Routed  
Design Name: fullchip  
# Instances: 66243  
# Hard Macros: 0  
# Std Cells: 66243  
    ------------------------------
    Standard Cells in Netlist
    ------------------------------
               Cell Type   Instance Count  Area (um^2)  
                   AN2D0               19          41.0400  
                   AN2D1                3           6.4800  
                   AN2D2                7          17.6400  
                   AN2D4               34         146.8800  
                   AN2D8                9          61.5600  
                  AN2XD1               41          88.5600  
                   AN3D0                9          22.6800  
                   AN3D2                2           5.7600  
                   AN4D0              229         659.5200  
                   AN4D2               10          32.4000  
                   AN4D4                4          24.4800  
                  AN4XD1                9          25.9200  
                 AO211D0               56         161.2800  
                  AO21D0              624        1572.4800  
                  AO21D1               36          90.7200  
                 AO221D0                1           3.6000  
                  AO22D0              574        1653.1200  
                  AO22D1               14          45.3600  
                  AO22D4                7          45.3600  
                  AO31D0               20          57.6000  
                AOI211D0              246         619.9200  
                AOI211D1               25          63.0000  
               AOI211XD0              113         284.7600  
               AOI211XD1               27         116.6400  
               AOI211XD2                8          66.2400  
                 AOI21D0              616        1330.5600  
                 AOI21D1              121         261.3600  
                 AOI21D2               92         298.0800  
                 AOI21D4               83         537.8400  
                AOI221D0              291         838.0800  
                AOI221D1               37         119.8800  
                 AOI22D0             7983       20117.1600  
                 AOI22D1              252         635.0400  
                 AOI22D2              125         540.0000  
                 AOI22D4                8          69.1200  
                 AOI31D0               38          95.7600  
                 AOI31D1               13          32.7600  
                 AOI31D2               12          51.8400  
                 AOI31D4                7          57.9600  
                 AOI32D0               10          28.8000  
                  BUFFD0               11          15.8400  
                  BUFFD1              201         289.4400  
                 BUFFD12                8          63.3600  
                 BUFFD16                4          41.7600  
                  BUFFD2               54         116.6400  
                  BUFFD3               19          47.8800  
                  BUFFD4               19          61.5600  
                  BUFFD6               37         159.8400  
                  BUFFD8               33         190.0800  
                 CKAN2D0              781        1686.9600  
                 CKAN2D1               87         187.9200  
                 CKAN2D2               21          52.9200  
                 CKAN2D4                2           6.4800  
                   CKBD0              692         996.4800  
                   CKBD1               28          40.3200  
                  CKBD12              156        1235.5200  
                  CKBD16               53         534.2400  
                   CKBD2              441         952.5600  
                   CKBD3               98         246.9600  
                   CKBD4              144         466.5600  
                   CKBD6               42         181.4400  
                   CKBD8               35         201.6000  
                 CKLNQD1               79         511.9200  
                CKLNQD12                3          36.7200  
                CKLNQD16               43         650.1600  
                 CKLNQD2                9          61.5600  
                 CKLNQD3               53         400.6800  
                 CKLNQD4               54         427.6800  
                 CKLNQD6              276        2682.7200  
                 CKLNQD8                9          93.9600  
                CKMUX2D1               41         147.6000  
                CKMUX2D2               10          39.6000  
                   CKND0             3556        3840.4800  
                   CKND1              340         367.2000  
                  CKND12                7          42.8400  
                  CKND16                1           7.9200  
                   CKND2              283         407.5200  
                 CKND2D0             2399        3454.5600  
                 CKND2D1              314         452.1600  
                 CKND2D2              389         980.2800  
                 CKND2D3               50         162.0000  
                 CKND2D4               78         336.9600  
                 CKND2D8                5          39.6000  
                   CKND3               43          92.8800  
                   CKND4               23          57.9600  
                   CKND6               19          61.5600  
                   CKND8                5          21.6000  
                CKXOR2D0              296        1065.6000  
                CKXOR2D1               80         288.0000  
                CKXOR2D2               12          47.5200  
                CKXOR2D4                9          68.0400  
                CMPE42D1              901       14920.5600  
                CMPE42D2                5          90.0000  
                  DFCND1              951        8216.6400  
                 DFCNQD1             3378       26753.7600  
                 DFCNQD2               20         180.0000  
                 DFCNQD4               87         876.9600  
                DFKCNQD1              129         928.8000  
                   DFQD1            16988      116197.9200  
                   DFQD2               41         295.2000  
                   DFQD4               98         811.4400  
                 DFSNQD1               16         132.4800  
                   FA1D0              794        7146.0000  
                   FA1D1             2132       21490.5600  
                   FA1D2               62         647.2800  
                   FA1D4               22         316.8000  
               FCSICIND1               15         270.0000  
               FCSICIND2                1          18.3600  
                 FICIND2                4          48.9600  
                FIICOND1                8          83.5200  
                FIICOND2                7          88.2000  
                   HA1D0              509        2931.8400  
                   HA1D1              103         630.3600  
                   HA1D2                6          41.0400  
                   HA1D4                1          10.4400  
                 IAO21D0               42         105.8400  
                 IAO21D1               11          27.7200  
                 IAO21D2               21          68.0400  
                 IAO21D4                3          16.2000  
                 IAO22D0                1           3.2400  
                 IAO22D1                1           3.2400  
                 IINR4D0                2           7.2000  
                  IND2D0              337         727.9200  
                  IND2D1               43          92.8800  
                  IND2D2               24          69.1200  
                  IND2D4               24         138.2400  
                  IND3D0               11          27.7200  
                  IND3D1                4          10.0800  
                  IND3D2                5          21.6000  
                  IND3D4                1           7.5600  
                  IND4D0               96         276.4800  
                  IND4D1                1           2.8800  
                  IND4D2                3          17.2800  
                  INR2D0              937        2023.9200  
                  INR2D1               12          25.9200  
                  INR2D2                8          23.0400  
                  INR2D4                1           5.0400  
                 INR2XD0              102         220.3200  
                 INR2XD1               24          69.1200  
                 INR2XD2                3          14.0400  
                 INR2XD4                7          65.5200  
                  INR3D0               50         126.0000  
                  INR3D1               10          36.0000  
                  INR4D0                9          25.9200  
                   INVD0               20          21.6000  
                   INVD1               56          60.4800  
                  INVD12                4          24.4800  
                  INVD16                1           7.9200  
                   INVD2               25          36.0000  
                   INVD3               16          34.5600  
                   INVD4                6          15.1200  
                   INVD6               14          45.3600  
                   INVD8               16          69.1200  
                 IOA21D0              628        1582.5600  
                 IOA21D1               40         100.8000  
                 IOA21D2               53         171.7200  
                 IOA22D2                2           7.9200  
               MAOI222D0              256         737.2800  
               MAOI222D1                1           2.8800  
                MAOI22D0                5          14.4000  
                MAOI22D1                9          25.9200  
                MOAI22D0              160         460.8000  
                MOAI22D1               12          34.5600  
                MOAI22D2                7          30.2400  
                  MUX2D0               50         162.0000  
                  MUX2D1                1           3.6000  
                  MUX2D2               15          59.4000  
                  MUX2D4                6          36.7200  
                 MUX2ND0              271         780.4800  
                 MUX2ND1              141         609.1200  
                 MUX2ND2               74         346.3200  
                 MUX2ND4               27         194.4000  
                   ND2D0               69          99.3600  
                   ND2D1              108         155.5200  
                   ND2D2               87         219.2400  
                   ND2D3               47         152.2800  
                   ND2D4               29         125.2800  
                   ND2D8                2          15.8400  
                   ND3D0              275         594.0000  
                   ND3D1               87         187.9200  
                   ND3D2               15          48.6000  
                   ND3D3                2           9.3600  
                   ND3D4                6          36.7200  
                   ND3D8                2          24.4800  
                   ND4D0              813        2048.7600  
                   ND4D1              138         347.7600  
                   ND4D2               25         117.0000  
                   ND4D3                4          24.4800  
                   ND4D4                1           8.6400  
                   NR2D0             1051        1513.4400  
                   NR2D1               62          89.2800  
                   NR2D2               51         128.5200  
                   NR2D3               32         103.6800  
                   NR2D4               23          99.3600  
                   NR2D8               20         158.4000  
                  NR2XD0              153         220.3200  
                  NR2XD1              266         670.3200  
                  NR2XD2               59         254.8800  
                  NR2XD3               21         128.5200  
                  NR2XD4               21         166.3200  
                  NR2XD8                3          46.4400  
                   NR3D0               37          79.9200  
                   NR3D1                4          12.9600  
                   NR3D2                7          40.3200  
                   NR3D3                4          34.5600  
                   NR3D4                4          41.7600  
                   NR4D0                7          17.6400  
                   NR4D1                5          18.0000  
                   NR4D2                2          14.4000  
                   NR4D3                1          10.8000  
                   NR4D4                2          26.6400  
                 OA211D0               30          86.4000  
                  OA21D0               70         176.4000  
                  OA21D1               17          42.8400  
                  OA21D2                9          25.9200  
                  OA21D4                7          40.3200  
                 OA222D2                1           4.6800  
                  OA22D0               70         201.6000  
                  OA22D1                1           3.2400  
                  OA31D0                1           2.8800  
                OAI211D0               10          25.2000  
                OAI211D1                2           5.0400  
                OAI211D2                8          34.5600  
                OAI211D4                5          43.2000  
                 OAI21D0              489        1056.2400  
                 OAI21D1              128         276.4800  
                 OAI21D2               89         288.3600  
                 OAI21D4               61         395.2800  
                OAI221D0               11          31.6800  
                OAI221D1              132         427.6800  
                OAI221D2               57         328.3200  
                OAI221D4                2          12.2400  
               OAI221XD4                1          10.8000  
                OAI222D0                2           6.4800  
                OAI222D1                1           3.9600  
                OAI222D4                1           6.1200  
                 OAI22D0             2953        7441.5600  
                 OAI22D1              560        1411.2000  
                 OAI22D2              120         518.4000  
                 OAI22D4               18         162.0000  
                 OAI31D0               95         239.4000  
                 OAI31D1                1           2.5200  
                 OAI32D0              389        1120.3200  
                 OAI32D1                1           2.8800  
                   OR2D0              411         887.7600  
                   OR2D1               53         114.4800  
                   OR2D2                8          20.1600  
                   OR2D4               25         108.0000  
                  OR2XD1               20          43.2000  
                   OR3D0               20          50.4000  
                   OR3D1                1           2.5200  
                  OR3XD1                1           2.5200  
                    TIEL                1           1.0800  
                  XNR2D0             2491        8967.6000  
                  XNR2D1              160         576.0000  
                  XNR2D2              134         530.6400  
                  XNR2D4               44         332.6400  
                  XNR3D0               59         361.0800  
                  XOR2D0              126         453.6000  
                  XOR2D1               31         111.6000  
                  XOR2D2               30         118.8000  
                  XOR2D4                4          30.2400  
                  XOR3D0              470        2876.4000  
                  XOR3D1                7          42.8400  
                  XOR3D2                6          41.0400  
# Pads: 0  
# Net: 72882  
# Special Net: 2  
# IO Pins: 
    ------------------------------
    Issued IO Information
    ------------------------------
    # Unplaced IO Pin  0  
    # Floating IO  0  
    # IO Connected to Non-IO Inst  
        ------------------------------
        IO Connected to Non-IO Inst
        ------------------------------
                     IO Name      Non-IO Inst Name  
                  status1[0]  FE_OFC1135_status1_0_  
                  status1[1]  FE_OFC1039_status1_1_  
                  status1[2]  FE_OFC1037_status1_2_  
                  status1[3]  FE_OFC768_status1_3_  
                  status0[0]  FE_OFC1121_status0_0_  
                  status0[1]          FE_RC_2134_0  
                  status0[2]  FE_OFC1035_status0_2_  
                  status0[3]  FE_OFC766_status0_3_  
                     out1[0]    FE_OFC1766_out1_0_  
                     out1[1]    FE_OFC1659_out1_1_  
                     out1[2]    FE_OFC1364_out1_2_  
                     out1[3]    FE_OFC1332_out1_3_  
                     out1[4]    FE_OFC1383_out1_4_  
                     out1[5]    FE_OFC1419_out1_5_  
                     out1[6]    FE_OFC1542_out1_6_  
                     out1[7]    FE_OFC1347_out1_7_  
                     out1[8]    FE_OFC1422_out1_8_  
                     out1[9]    FE_OFC1373_out1_9_  
                    out1[10]   FE_OFC1415_out1_10_  
                    out1[11]   FE_OFC1648_out1_11_  
                    out1[12]   FE_OFC2681_out1_12_  
                    out1[13]    FE_OFC738_out1_13_  
                    out1[14]    FE_OFC736_out1_14_  
                    out1[15]    FE_OFC734_out1_15_  
                    out1[16]    FE_OFC732_out1_16_  
                    out1[17]    FE_OFC730_out1_17_  
                    out1[18]    FE_OFC728_out1_18_  
                    out1[19]   FE_OFC1244_out1_19_  
                    out1[20]   FE_OFC2096_out1_20_  
                    out1[21]   FE_OFC1392_out1_21_  
                    out1[22]   FE_OFC1494_out1_22_  
                    out1[23]   FE_OFC1581_out1_23_  
                    out1[24]   FE_OFC1749_out1_24_  
                    out1[25]   FE_OFC1667_out1_25_  
                    out1[26]   FE_OFC1395_out1_26_  
                    out1[27]   FE_OFC1520_out1_27_  
                    out1[28]   FE_OFC1835_out1_28_  
                    out1[29]   FE_OFC1614_out1_29_  
                    out1[30]   FE_OFC1376_out1_30_  
                    out1[31]   FE_OFC1444_out1_31_  
                    out1[32]    FE_OFC700_out1_32_  
                    out1[33]    FE_OFC698_out1_33_  
                    out1[34]    FE_OFC696_out1_34_  
                    out1[35]    FE_OFC694_out1_35_  
                    out1[36]    FE_OFC692_out1_36_  
                    out1[37]    FE_OFC690_out1_37_  
                    out1[38]    FE_OFC688_out1_38_  
                    out1[39]   FE_OFC1206_out1_39_  
                    out1[40]   FE_OFC1308_out1_40_  
                    out1[41]   FE_OFC1577_out1_41_  
                    out1[42]   FE_OFC1815_out1_42_  
                    out1[43]   FE_OFC1304_out1_43_  
                    out1[44]   FE_OFC1406_out1_44_  
                    out1[45]   FE_OFC1723_out1_45_  
                    out1[46]   FE_OFC1982_out1_46_  
                    out1[47]   FE_OFC1447_out1_47_  
                    out1[48]   FE_OFC1653_out1_48_  
                    out1[49]   FE_OFC1609_out1_49_  
                    out1[50]   FE_OFC1409_out1_50_  
                    out1[51]   FE_OFC1595_out1_51_  
                    out1[52]   FE_OFC1713_out1_52_  
                    out1[53]    FE_OFC658_out1_53_  
                    out1[54]    FE_OFC656_out1_54_  
                    out1[55]    FE_OFC654_out1_55_  
                    out1[56]    FE_OFC652_out1_56_  
                    out1[57]    FE_OFC650_out1_57_  
                    out1[58]    FE_OFC648_out1_58_  
                    out1[59]   FE_OFC2060_out1_59_  
                    out1[60]   FE_OFC1681_out1_60_  
                    out1[61]   FE_OFC1900_out1_61_  
                    out1[62]   FE_OFC1325_out1_62_  
                    out1[63]   FE_OFC1180_out1_63_  
                    out1[64]   FE_OFC1184_out1_64_  
                    out1[65]   FE_OFC1936_out1_65_  
                    out1[66]   FE_OFC1571_out1_66_  
                    out1[67]   FE_OFC3330_out1_67_  
                    out1[68]   FE_OFC1894_out1_68_  
                    out1[69]   FE_OFC1563_out1_69_  
                    out1[70]   FE_OFC1461_out1_70_  
                    out1[71]   FE_OFC1291_out1_71_  
                    out1[72]   FE_OFC1171_out1_72_  
                    out1[73]    FE_OFC618_out1_73_  
                    out1[74]    FE_OFC616_out1_74_  
                    out1[75]    FE_OFC614_out1_75_  
                    out1[76]    FE_OFC612_out1_76_  
                    out1[77]    FE_OFC610_out1_77_  
                    out1[78]    FE_OFC608_out1_78_  
                    out1[79]   FE_OFC1846_out1_79_  
                    out1[80]   FE_OFC1793_out1_80_  
                    out1[81]   FE_OFC1487_out1_81_  
                    out1[82]   FE_OFC1247_out1_82_  
                    out1[83]   FE_OFC1294_out1_83_  
                    out1[84]   FE_OFC1505_out1_84_  
                    out1[85]   FE_OFC1322_out1_85_  
                    out1[86]   FE_OFC1319_out1_86_  
                    out1[87]   FE_OFC1517_out1_87_  
                    out1[88]   FE_OFC1328_out1_88_  
                    out1[89]   FE_OFC1476_out1_89_  
                    out1[90]   FE_OFC1663_out1_90_  
                    out1[91]   FE_OFC1441_out1_91_  
                    out1[92]   FE_OFC1468_out1_92_  
                    out1[93]    FE_OFC578_out1_93_  
                    out1[94]    FE_OFC576_out1_94_  
                    out1[95]    FE_OFC574_out1_95_  
                    out1[96]    FE_OFC572_out1_96_  
                    out1[97]    FE_OFC570_out1_97_  
                    out1[98]    FE_OFC568_out1_98_  
                    out1[99]   FE_OFC3374_out1_99_  
                   out1[100]  FE_OFC1528_out1_100_  
                   out1[101]  FE_OFC1453_out1_101_  
                   out1[102]  FE_OFC1830_out1_102_  
                   out1[103]  FE_OFC1697_out1_103_  
                   out1[104]  FE_OFC1545_out1_104_  
                   out1[105]  FE_OFC1165_out1_105_  
                   out1[106]  FE_OFC1177_out1_106_  
                   out1[107]  FE_OFC1196_out1_107_  
                   out1[108]  FE_OFC1861_out1_108_  
                   out1[109]  FE_OFC1162_out1_109_  
                   out1[110]  FE_OFC1566_out1_110_  
                   out1[111]  FE_OFC1737_out1_111_  
                   out1[112]   FE_OFC540_out1_112_  
                   out1[113]   FE_OFC538_out1_113_  
                   out1[114]   FE_OFC536_out1_114_  
                   out1[115]   FE_OFC534_out1_115_  
                   out1[116]   FE_OFC532_out1_116_  
                   out1[117]   FE_OFC530_out1_117_  
                   out1[118]   FE_OFC528_out1_118_  
                   out1[119]  FE_OFC1192_out1_119_  
                   out1[120]  FE_OFC1632_out1_120_  
                   out1[121]  FE_OFC1655_out1_121_  
                   out1[122]  FE_OFC1225_out1_122_  
                   out1[123]  FE_OFC1638_out1_123_  
                   out1[124]  FE_OFC1549_out1_124_  
                   out1[125]  FE_OFC1386_out1_125_  
                   out1[126]  FE_OFC1238_out1_126_  
                   out1[127]  FE_OFC1622_out1_127_  
                   out1[128]  FE_OFC1556_out1_128_  
                   out1[129]  FE_OFC1222_out1_129_  
                   out1[130]  FE_OFC1199_out1_130_  
                   out1[131]  FE_OFC1688_out1_131_  
                   out1[132]   FE_PDC966_out1_132_  
                   out1[133]  FE_OFC1569_out1_133_  
                   out1[134]  FE_OFC1288_out1_134_  
                   out1[135]   FE_OFC494_out1_135_  
                   out1[136]   FE_OFC492_out1_136_  
                   out1[137]   FE_OFC490_out1_137_  
                   out1[138]   FE_OFC488_out1_138_  
                   out1[139]  FE_OFC1752_out1_139_  
                   out1[140]  FE_OFC1744_out1_140_  
                   out1[141]  FE_OFC1428_out1_141_  
                   out1[142]  FE_OFC1602_out1_142_  
                   out1[143]  FE_OFC1553_out1_143_  
                   out1[144]  FE_OFC1618_out1_144_  
                   out1[145]  FE_OFC1497_out1_145_  
                   out1[146]  FE_OFC1203_out1_146_  
                   out1[147]  FE_OFC1945_out1_147_  
                   out1[148]  FE_OFC1911_out1_148_  
                   out1[149]  FE_OFC1168_out1_149_  
                   out1[150]  FE_OFC1473_out1_150_  
                   out1[151]  FE_OFC1523_out1_151_  
                   out1[152]  FE_OFC1559_out1_152_  
                   out1[153]  FE_OFC1189_out1_153_  
                   out1[154]   FE_OFC456_out1_154_  
                   out1[155]   FE_OFC454_out1_155_  
                   out1[156]   FE_OFC452_out1_156_  
                   out1[157]   FE_OFC450_out1_157_  
                   out1[158]   FE_OFC448_out1_158_  
                   out1[159]  FE_OFC2042_out1_159_  
                     out0[0]    FE_OFC1705_out0_0_  
                     out0[1]    FE_OFC1908_out0_1_  
                     out0[2]    FE_OFC1268_out0_2_  
                     out0[3]    FE_OFC1884_out0_3_  
                     out0[4]    FE_OFC1431_out0_4_  
                     out0[5]    FE_OFC1873_out0_5_  
                     out0[6]    FE_OFC1976_out0_6_  
                     out0[7]    FE_OFC1844_out0_7_  
                     out0[8]    FE_OFC1434_out0_8_  
                     out0[9]    FE_OFC1886_out0_9_  
                    out0[10]   FE_OFC1914_out0_10_  
                    out0[11]   FE_OFC1955_out0_11_  
                    out0[12]   FE_OFC1425_out0_12_  
                    out0[13]   FE_OFC1437_out0_13_  
                    out0[14]    FE_OFC416_out0_14_  
                    out0[15]    FE_OFC414_out0_15_  
                    out0[16]    FE_OFC412_out0_16_  
                    out0[17]    FE_OFC410_out0_17_  
                    out0[18]    FE_OFC408_out0_18_  
                    out0[19]   FE_OFC1853_out0_19_  
                    out0[20]   FE_OFC1502_out0_20_  
                    out0[21]   FE_OFC1903_out0_21_  
                    out0[22]   FE_OFC1380_out0_22_  
                    out0[23]   FE_OFC1344_out0_23_  
                    out0[24]   FE_OFC1510_out0_24_  
                    out0[25]   FE_OFC1490_out0_25_  
                    out0[26]   FE_OFC1859_out0_26_  
                    out0[27]   FE_OFC1741_out0_27_  
                    out0[28]   FE_OFC1450_out0_28_  
                    out0[29]   FE_OFC1262_out0_29_  
                    out0[30]   FE_OFC1457_out0_30_  
                    out0[31]   FE_OFC1879_out0_31_  
                    out0[32]   FE_OFC1274_out0_32_  
                    out0[33]   FE_OFC1350_out0_33_  
                    out0[34]    FE_OFC376_out0_34_  
                    out0[35]    FE_OFC374_out0_35_  
                    out0[36]    FE_OFC372_out0_36_  
                    out0[37]    FE_OFC370_out0_37_  
                    out0[38]    FE_OFC368_out0_38_  
                    out0[39]   FE_OFC1547_out0_39_  
                    out0[40]    FE_OFC364_out0_40_  
                    out0[41]   FE_OFC2426_out0_41_  
                    out0[42]   FE_OFC1228_out0_42_  
                    out0[43]   FE_OFC1708_out0_43_  
                    out0[44]   FE_OFC2127_out0_44_  
                    out0[45]   FE_OFC1784_out0_45_  
                    out0[46]   FE_OFC1669_out0_46_  
                    out0[47]    FE_OFC350_out0_47_  
                    out0[48]   FE_OFC1786_out0_48_  
                    out0[49]   FE_OFC1769_out0_49_  
                    out0[50]   FE_OFC1592_out0_50_  
                    out0[51]   FE_OFC1726_out0_51_  
                    out0[52]    FE_OFC340_out0_52_  
                    out0[53]    FE_OFC338_out0_53_  
                    out0[54]    FE_OFC336_out0_54_  
                    out0[55]    FE_OFC334_out0_55_  
                    out0[56]    FE_OFC332_out0_56_  
                    out0[57]    FE_OFC330_out0_57_  
                    out0[58]    FE_OFC328_out0_58_  
                    out0[59]    FE_OFC326_out0_59_  
                    out0[60]    FE_OFC324_out0_60_  
                    out0[61]    FE_OFC322_out0_61_  
                    out0[62]   FE_OFC1311_out0_62_  
                    out0[63]    FE_OFC318_out0_63_  
                    out0[64]   FE_OFC2130_out0_64_  
                    out0[65]    FE_OFC314_out0_65_  
                    out0[66]    FE_OFC312_out0_66_  
                    out0[67]    FE_OFC310_out0_67_  
                    out0[68]   FE_OFC1280_out0_68_  
                    out0[69]   FE_OFC1635_out0_69_  
                    out0[70]   FE_OFC1356_out0_70_  
                    out0[71]    FE_OFC302_out0_71_  
                    out0[72]   FE_OFC1341_out0_72_  
                    out0[73]   FE_OFC1588_out0_73_  
                    out0[74]    FE_OFC296_out0_74_  
                    out0[75]    FE_OFC294_out0_75_  
                    out0[76]    FE_OFC292_out0_76_  
                    out0[77]    FE_OFC290_out0_77_  
                    out0[78]    FE_OFC288_out0_78_  
                    out0[79]   FE_OFC2416_out0_79_  
                    out0[80]   FE_OFC1897_out0_80_  
                    out0[81]   FE_OFC1755_out0_81_  
                    out0[82]   FE_OFC1875_out0_82_  
                    out0[83]   FE_OFC1499_out0_83_  
                    out0[84]   FE_OFC1739_out0_84_  
                    out0[85]   FE_OFC1746_out0_85_  
                    out0[86]   FE_OFC1818_out0_86_  
                    out0[87]   FE_OFC1810_out0_87_  
                    out0[88]   FE_OFC1628_out0_88_  
                    out0[89]   FE_OFC1822_out0_89_  
                    out0[90]   FE_OFC1865_out0_90_  
                    out0[91]   FE_OFC1882_out0_91_  
                    out0[92]   FE_OFC1271_out0_92_  
                    out0[93]   FE_OFC1235_out0_93_  
                    out0[94]   FE_OFC1824_out0_94_  
                    out0[95]   FE_OFC1525_out0_95_  
                    out0[96]   FE_OFC1788_out0_96_  
                    out0[97]    FE_OFC250_out0_97_  
                    out0[98]    FE_OFC248_out0_98_  
                    out0[99]   FE_OFC1833_out0_99_  
                   out0[100]  FE_OFC1812_out0_100_  
                   out0[101]  FE_OFC1857_out0_101_  
                   out0[102]  FE_OFC1256_out0_102_  
                   out0[103]  FE_OFC1764_out0_103_  
                   out0[104]  FE_OFC1674_out0_104_  
                   out0[105]  FE_OFC1869_out0_105_  
                   out0[106]  FE_OFC1888_out0_106_  
                   out0[107]  FE_OFC1731_out0_107_  
                   out0[108]  FE_OFC1585_out0_108_  
                   out0[109]  FE_OFC1643_out0_109_  
                   out0[110]  FE_OFC1285_out0_110_  
                   out0[111]  FE_OFC1989_out0_111_  
                   out0[112]  FE_OFC3494_out0_112_  
                   out0[113]  FE_OFC1535_out0_113_  
                   out0[114]  FE_OFC1920_out0_114_  
                   out0[115]  FE_OFC2159_out0_115_  
                   out0[116]   FE_OFC212_out0_116_  
                   out0[117]   FE_OFC210_out0_117_  
                   out0[118]   FE_OFC208_out0_118_  
                   out0[119]  FE_OFC1805_out0_119_  
                   out0[120]  FE_OFC2140_out0_120_  
                   out0[121]  FE_OFC1799_out0_121_  
                   out0[122]  FE_OFC1828_out0_122_  
                   out0[123]  FE_OFC1482_out0_123_  
                   out0[124]  FE_OFC1797_out0_124_  
                   out0[125]  FE_OFC1802_out0_125_  
                   out0[126]  FE_OFC1808_out0_126_  
                   out0[127]  FE_OFC1840_out0_127_  
                   out0[128]  FE_OFC1401_out0_128_  
                   out0[129]  FE_OFC1953_out0_129_  
                   out0[130]  FE_OFC1790_out0_130_  
                   out0[131]  FE_OFC1795_out0_131_  
                   out0[132]  FE_OFC1301_out0_132_  
                   out0[133]  FE_OFC1361_out0_133_  
                   out0[134]  FE_OFC1906_out0_134_  
                   out0[135]  FE_OFC1918_out0_135_  
                   out0[136]  FE_OFC1934_out0_136_  
                   out0[137]   FE_OFC170_out0_137_  
                   out0[138]   FE_OFC168_out0_138_  
                   out0[139]  FE_OFC1867_out0_139_  
                   out0[140]  FE_OFC1850_out0_140_  
                   out0[141]  FE_OFC1776_out0_141_  
                   out0[142]  FE_OFC1241_out0_142_  
                   out0[143]  FE_OFC1891_out0_143_  
                   out0[144]  FE_OFC1250_out0_144_  
                   out0[145]  FE_OFC1370_out0_145_  
                   out0[146]  FE_OFC1820_out0_146_  
                   out0[147]  FE_OFC1842_out0_147_  
                   out0[148]  FE_OFC1259_out0_148_  
                   out0[149]  FE_OFC1277_out0_149_  
                   out0[150]  FE_OFC1335_out0_150_  
                   out0[151]  FE_OFC1719_out0_151_  
                   out0[152]  FE_OFC1353_out0_152_  
                   out0[153]  FE_OFC1315_out0_153_  
                   out0[154]  FE_OFC1939_out0_154_  
                   out0[155]  FE_OFC1925_out0_155_  
                   out0[156]  FE_OFC2033_out0_156_  
                   out0[157]   FE_OFC130_out0_157_  
                   out0[158]   FE_OFC128_out0_158_  
                   out0[159]  FE_OFC1826_out0_159_  
                inst_ext1[0]                U46702  
                inst_ext1[1]                U22184  
                inst_ext1[2]  FE_OFC2090_inst_ext1_2_  
                inst_ext1[3]  FE_OFC1231_inst_ext1_3_  
                inst_ext1[4]  FE_OFC1200_inst_ext1_4_  
                inst_ext1[5]  FE_OFC1625_inst_ext1_5_  
                inst_ext0[0]                U49025  
                inst_ext0[1]                U22174  
                inst_ext0[2]  FE_OFC2161_inst_ext0_2_  
                inst_ext0[3]          FE_RC_2132_0  
                inst_ext0[4]          FE_RC_2132_0  
                inst_ext0[5]          FE_RC_2324_0  
                  mem_in1[0]  core_instance1_qmem_instance_memory1_reg_0_  
                  mem_in1[1]  core_instance1_qmem_instance_memory1_reg_1_  
                  mem_in1[2]  core_instance1_qmem_instance_memory1_reg_2_  
                  mem_in1[3]  core_instance1_qmem_instance_memory1_reg_3_  
                  mem_in1[4]  core_instance1_qmem_instance_memory1_reg_4_  
                  mem_in1[5]  core_instance1_qmem_instance_memory1_reg_5_  
                  mem_in1[6]  core_instance1_qmem_instance_memory1_reg_6_  
                  mem_in1[7]  core_instance1_qmem_instance_memory1_reg_7_  
                  mem_in1[8]  core_instance1_qmem_instance_memory1_reg_8_  
                  mem_in1[9]  core_instance1_qmem_instance_memory1_reg_9_  
                 mem_in1[10]  core_instance1_qmem_instance_memory1_reg_10_  
                 mem_in1[11]  core_instance1_qmem_instance_memory1_reg_11_  
                 mem_in1[12]  core_instance1_qmem_instance_memory1_reg_12_  
                 mem_in1[13]  core_instance1_qmem_instance_memory1_reg_13_  
                 mem_in1[14]  core_instance1_qmem_instance_memory1_reg_14_  
                 mem_in1[15]  core_instance1_qmem_instance_memory1_reg_15_  
                 mem_in1[16]  core_instance1_qmem_instance_memory1_reg_16_  
                 mem_in1[17]  core_instance1_qmem_instance_memory1_reg_17_  
                 mem_in1[18]  core_instance1_qmem_instance_memory1_reg_18_  
                 mem_in1[19]  core_instance1_qmem_instance_memory1_reg_19_  
                 mem_in1[20]  core_instance1_qmem_instance_memory1_reg_20_  
                 mem_in1[21]  core_instance1_qmem_instance_memory1_reg_21_  
                 mem_in1[22]  core_instance1_qmem_instance_memory1_reg_22_  
                 mem_in1[23]  core_instance1_qmem_instance_memory1_reg_23_  
                 mem_in1[24]  core_instance1_qmem_instance_memory1_reg_24_  
                 mem_in1[25]  core_instance1_qmem_instance_memory1_reg_25_  
                 mem_in1[26]  core_instance1_qmem_instance_memory1_reg_26_  
                 mem_in1[27]  core_instance1_qmem_instance_memory1_reg_27_  
                 mem_in1[28]  core_instance1_qmem_instance_memory1_reg_28_  
                 mem_in1[29]  core_instance1_qmem_instance_memory1_reg_29_  
                 mem_in1[30]  core_instance1_qmem_instance_memory1_reg_30_  
                 mem_in1[31]  core_instance1_qmem_instance_memory1_reg_31_  
                 mem_in1[32]  core_instance1_qmem_instance_memory1_reg_32_  
                 mem_in1[33]  core_instance1_qmem_instance_memory1_reg_33_  
                 mem_in1[34]  core_instance1_qmem_instance_memory1_reg_34_  
                 mem_in1[35]  core_instance1_qmem_instance_memory1_reg_35_  
                 mem_in1[36]  core_instance1_qmem_instance_memory1_reg_36_  
                 mem_in1[37]  core_instance1_qmem_instance_memory1_reg_37_  
                 mem_in1[38]  core_instance1_qmem_instance_memory1_reg_38_  
                 mem_in1[39]  core_instance1_qmem_instance_memory1_reg_39_  
                 mem_in1[40]  core_instance1_qmem_instance_memory1_reg_40_  
                 mem_in1[41]  core_instance1_qmem_instance_memory1_reg_41_  
                 mem_in1[42]  core_instance1_qmem_instance_memory1_reg_42_  
                 mem_in1[43]  core_instance1_qmem_instance_memory1_reg_43_  
                 mem_in1[44]  core_instance1_qmem_instance_memory1_reg_44_  
                 mem_in1[45]  core_instance1_qmem_instance_memory1_reg_45_  
                 mem_in1[46]  core_instance1_qmem_instance_memory1_reg_46_  
                 mem_in1[47]  core_instance1_qmem_instance_memory1_reg_47_  
                 mem_in1[48]  core_instance1_qmem_instance_memory1_reg_48_  
                 mem_in1[49]  core_instance1_qmem_instance_memory1_reg_49_  
                 mem_in1[50]  core_instance1_qmem_instance_memory1_reg_50_  
                 mem_in1[51]  core_instance1_qmem_instance_memory1_reg_51_  
                 mem_in1[52]  core_instance1_qmem_instance_memory1_reg_52_  
                 mem_in1[53]  core_instance1_qmem_instance_memory1_reg_53_  
                 mem_in1[54]  core_instance1_qmem_instance_memory1_reg_54_  
                 mem_in1[55]  core_instance1_qmem_instance_memory1_reg_55_  
                 mem_in1[56]  core_instance1_qmem_instance_memory1_reg_56_  
                 mem_in1[57]  core_instance1_qmem_instance_memory1_reg_57_  
                 mem_in1[58]  core_instance1_qmem_instance_memory1_reg_58_  
                 mem_in1[59]  core_instance1_qmem_instance_memory1_reg_59_  
                 mem_in1[60]  core_instance1_qmem_instance_memory1_reg_60_  
                 mem_in1[61]  core_instance1_qmem_instance_memory1_reg_61_  
                 mem_in1[62]  core_instance1_qmem_instance_memory1_reg_62_  
                 mem_in1[63]  core_instance1_qmem_instance_memory1_reg_63_  
                  mem_in0[0]  core_instance0_qmem_instance_memory1_reg_0_  
                  mem_in0[1]  core_instance0_qmem_instance_memory1_reg_1_  
                  mem_in0[2]  core_instance0_qmem_instance_memory1_reg_2_  
                  mem_in0[3]  core_instance0_qmem_instance_memory1_reg_3_  
                  mem_in0[4]  core_instance0_qmem_instance_memory1_reg_4_  
                  mem_in0[5]  core_instance0_qmem_instance_memory1_reg_5_  
                  mem_in0[6]  core_instance0_qmem_instance_memory1_reg_6_  
                  mem_in0[7]  core_instance0_qmem_instance_memory1_reg_7_  
                  mem_in0[8]  core_instance0_qmem_instance_memory1_reg_8_  
                  mem_in0[9]  core_instance0_qmem_instance_memory1_reg_9_  
                 mem_in0[10]  core_instance0_qmem_instance_memory1_reg_10_  
                 mem_in0[11]  core_instance0_qmem_instance_memory1_reg_11_  
                 mem_in0[12]  core_instance0_qmem_instance_memory1_reg_12_  
                 mem_in0[13]  core_instance0_qmem_instance_memory1_reg_13_  
                 mem_in0[14]  core_instance0_qmem_instance_memory1_reg_14_  
                 mem_in0[15]  core_instance0_qmem_instance_memory1_reg_15_  
                 mem_in0[16]  core_instance0_qmem_instance_memory1_reg_16_  
                 mem_in0[17]  core_instance0_qmem_instance_memory1_reg_17_  
                 mem_in0[18]  core_instance0_qmem_instance_memory1_reg_18_  
                 mem_in0[19]  core_instance0_qmem_instance_memory1_reg_19_  
                 mem_in0[20]  core_instance0_qmem_instance_memory1_reg_20_  
                 mem_in0[21]  core_instance0_qmem_instance_memory1_reg_21_  
                 mem_in0[22]  core_instance0_qmem_instance_memory1_reg_22_  
                 mem_in0[23]  core_instance0_qmem_instance_memory1_reg_23_  
                 mem_in0[24]  core_instance0_qmem_instance_memory1_reg_24_  
                 mem_in0[25]  core_instance0_qmem_instance_memory1_reg_25_  
                 mem_in0[26]  core_instance0_qmem_instance_memory1_reg_26_  
                 mem_in0[27]  core_instance0_qmem_instance_memory1_reg_27_  
                 mem_in0[28]  core_instance0_qmem_instance_memory1_reg_28_  
                 mem_in0[29]  core_instance0_qmem_instance_memory1_reg_29_  
                 mem_in0[30]  core_instance0_qmem_instance_memory1_reg_30_  
                 mem_in0[31]  core_instance0_qmem_instance_memory1_reg_31_  
                 mem_in0[32]  core_instance0_qmem_instance_memory1_reg_32_  
                 mem_in0[33]  core_instance0_qmem_instance_memory1_reg_33_  
                 mem_in0[34]  core_instance0_qmem_instance_memory1_reg_34_  
                 mem_in0[35]  core_instance0_qmem_instance_memory1_reg_35_  
                 mem_in0[36]  core_instance0_qmem_instance_memory1_reg_36_  
                 mem_in0[37]  core_instance0_qmem_instance_memory1_reg_37_  
                 mem_in0[38]  core_instance0_qmem_instance_memory1_reg_38_  
                 mem_in0[39]  core_instance0_qmem_instance_memory1_reg_39_  
                 mem_in0[40]  core_instance0_qmem_instance_memory1_reg_40_  
                 mem_in0[41]  core_instance0_qmem_instance_memory1_reg_41_  
                 mem_in0[42]  core_instance0_qmem_instance_memory1_reg_42_  
                 mem_in0[43]  core_instance0_qmem_instance_memory1_reg_43_  
                 mem_in0[44]  core_instance0_qmem_instance_memory1_reg_44_  
                 mem_in0[45]  core_instance0_qmem_instance_memory1_reg_45_  
                 mem_in0[46]  core_instance0_qmem_instance_memory1_reg_46_  
                 mem_in0[47]  core_instance0_qmem_instance_memory1_reg_47_  
                 mem_in0[48]  core_instance0_qmem_instance_memory1_reg_48_  
                 mem_in0[49]  core_instance0_qmem_instance_memory1_reg_49_  
                 mem_in0[50]  core_instance0_qmem_instance_memory1_reg_50_  
                 mem_in0[51]  core_instance0_qmem_instance_memory1_reg_51_  
                 mem_in0[52]  core_instance0_qmem_instance_memory1_reg_52_  
                 mem_in0[53]  core_instance0_qmem_instance_memory1_reg_53_  
                 mem_in0[54]  core_instance0_qmem_instance_memory1_reg_54_  
                 mem_in0[55]  core_instance0_qmem_instance_memory1_reg_55_  
                 mem_in0[56]  core_instance0_qmem_instance_memory1_reg_56_  
                 mem_in0[57]  core_instance0_qmem_instance_memory1_reg_57_  
                 mem_in0[58]  core_instance0_qmem_instance_memory1_reg_58_  
                 mem_in0[59]  core_instance0_qmem_instance_memory1_reg_59_  
                 mem_in0[60]  core_instance0_qmem_instance_memory1_reg_60_  
                 mem_in0[61]  core_instance0_qmem_instance_memory1_reg_61_  
                 mem_in0[62]  core_instance0_qmem_instance_memory1_reg_62_  
                 mem_in0[63]  core_instance0_qmem_instance_memory1_reg_63_  
                 mode_in1[0]                U19974  
                 mode_in1[1]                U19973  
                 mode_in1[2]                U52771  
                 mode_in0[0]                U18254  
                 mode_in0[1]                U18255  
                 mode_in0[2]                U24146  
                   set_mode1                U53543  
                   set_mode0                U53653  
                      start1                U48746  
                      start0                U44568  
                        clk1  CTS_ccl_BUF_clk1_G0_L1_1  
                        clk0  CTS_ccl_BUF_clk0_G0_L1_1  
                      reset1      FE_OFC776_reset1  
                      reset0      FE_OFC771_reset0  482  482  
# Pins: 
    ------------------------------
    Correctness of Pin Connectivity for All Instances
    ------------------------------
    # Floating Terms  0  
    # Output Term Marked Tie Hi/Lo  0  
    # Output Term Shorted to PG Net  0  247490  
# PG Pins: 
    ------------------------------
    Correctness of PG Pin Connectivity for All Instances
    ------------------------------
    # Instances that No Net Defined for Any PG Pin  0  
    # Floating PG Terms  0  
    # PG Pins Connect to Non-PG Net  0  
    # Power Pins Connect Ground Net  0  
    # Ground Pins Connect Power Net  0  132486  
Average Pins Per Net(Signal): 3.396  

==============================
General Library Information
==============================
# Routing Layers: 8  
# Masterslice Layers: 1  
# Pin Layers: 
    General Caution:
        1) Library have M1, M2, M4 and M5 pins, you should setPreRouteAsObs {1 2 3}                                 to ensure these pins are accessible after placement

    ------------------------------
    Pin Layers
    ------------------------------
    M5  
    M4  
    M2  
    M1  4  
# Layers: 
    ------------------------------
    Layer OVERLAP Information
    ------------------------------
    Type  Overlap  
    ------------------------------
    Layer OVERLAP InformationLayer M8 Information
    ------------------------------
    Type  Routing  
    Wire Pitch X  0.800 um  
    Wire Pitch Y  0.800 um  
    Offset X  0.100 um  
    Offset Y  0.100 um  
    Wire Width  0.400 um  
    Spacing  0.400 um  
    ------------------------------
    Layer OVERLAP InformationLayer M8 InformationLayer VIA7 Information
    ------------------------------
    Type  Cut  
    Vias  
        ------------------------------
        Via list in layer VIA7
        ------------------------------
                Vias in VIA7  Default  
                  VIA78_4cut      Yes  
                VIA78_2cut_S      Yes  
                VIA78_2cut_N      Yes  
                VIA78_2cut_W      Yes  
                VIA78_2cut_E      Yes  
              VIA78_1stack_W      Yes  
              VIA78_1stack_E      Yes  
              VIA78_1cut_FAT      Yes  
            VIA78_1cut_FAT_V      Yes  
            VIA78_1cut_FAT_H      Yes  
            VIA78_1cut_FAT_C      Yes  
                VIA78_1cut_V      Yes  
                VIA78_1cut_H      Yes  
                  VIA78_1cut      Yes  For complete list click here  
    ------------------------------
    Layer OVERLAP InformationLayer M8 InformationLayer VIA7 InformationLayer M7 Information
    ------------------------------
    Type  Routing  
    Wire Pitch X  0.800 um  
    Wire Pitch Y  0.800 um  
    Wire Width  0.400 um  
    Spacing  0.400 um  
    ------------------------------
    Layer OVERLAP InformationLayer M8 InformationLayer VIA7 InformationLayer M7 InformationLayer VIA6 Information
    ------------------------------
    Type  Cut  
    Vias  
        ------------------------------
        Via list in layer VIA6
        ------------------------------
                Vias in VIA6  Default  
                  VIA67_4cut      Yes  
                VIA67_2cut_S      Yes  
                VIA67_2cut_N      Yes  
                VIA67_2cut_W      Yes  
                VIA67_2cut_E      Yes  
              VIA67_1cut_FAT      Yes  
            VIA67_1cut_FAT_H      Yes  
            VIA67_1cut_FAT_V      Yes  
            VIA67_1cut_FAT_C      Yes  
                VIA67_1cut_H      Yes  
                VIA67_1cut_V      Yes  
                  VIA67_1cut      Yes  For complete list click here  
    ------------------------------
    Layer OVERLAP InformationLayer M8 InformationLayer VIA7 InformationLayer M7 InformationLayer VIA6 InformationLayer M6 Information
    ------------------------------
    Type  Routing  
    Wire Pitch X  0.200 um  
    Wire Pitch Y  0.200 um  
    Offset X  0.100 um  
    Offset Y  0.100 um  
    Wire Width  0.100 um  
    Spacing  0.100 um  
    ------------------------------
    Layer OVERLAP InformationLayer M8 InformationLayer VIA7 InformationLayer M7 InformationLayer VIA6 InformationLayer M6 InformationLayer VIA5 Information
    ------------------------------
    Type  Cut  
    Vias  
        ------------------------------
        Via list in layer VIA5
        ------------------------------
                Vias in VIA5  Default  
                  VIA56_4cut      Yes  
              VIA56_2stack_W      Yes  
              VIA56_2stack_E      Yes  
                VIA56_2cut_S      Yes  
                VIA56_2cut_N      Yes  
                VIA56_2cut_W      Yes  
                VIA56_2cut_E      Yes  
              VIA56_1stack_W      Yes  
              VIA56_1stack_E      Yes  
              VIA56_1cut_FAT      Yes  
            VIA56_1cut_FAT_V      Yes  
            VIA56_1cut_FAT_H      Yes  
            VIA56_1cut_FAT_C      Yes  
                VIA56_1cut_V      Yes  
                VIA56_1cut_H      Yes  
                  VIA56_1cut      Yes  For complete list click here  
    ------------------------------
    Layer OVERLAP InformationLayer M8 InformationLayer VIA7 InformationLayer M7 InformationLayer VIA6 InformationLayer M6 InformationLayer VIA5 InformationLayer M5 Information
    ------------------------------
    Type  Routing  
    Wire Pitch X  0.200 um  
    Wire Pitch Y  0.200 um  
    Wire Width  0.100 um  
    Spacing  0.100 um  
    ------------------------------
    Layer OVERLAP InformationLayer M8 InformationLayer VIA7 InformationLayer M7 InformationLayer VIA6 InformationLayer M6 InformationLayer VIA5 InformationLayer M5 InformationLayer VIA4 Information
    ------------------------------
    Type  Cut  
    Vias  
        ------------------------------
        Via list in layer VIA4
        ------------------------------
                Vias in VIA4  Default  
                  VIA45_4cut      Yes  
                VIA45_2cut_S      Yes  
                VIA45_2cut_N      Yes  
                VIA45_2cut_W      Yes  
                VIA45_2cut_E      Yes  
              VIA45_1stack_S      Yes  
              VIA45_1stack_N      Yes  
              VIA45_1cut_FAT      Yes  
            VIA45_1cut_FAT_H      Yes  
            VIA45_1cut_FAT_V      Yes  
            VIA45_1cut_FAT_C      Yes  
                VIA45_1cut_H      Yes  
                VIA45_1cut_V      Yes  
                  VIA45_1cut      Yes  For complete list click here  
    ------------------------------
    Layer OVERLAP InformationLayer M8 InformationLayer VIA7 InformationLayer M7 InformationLayer VIA6 InformationLayer M6 InformationLayer VIA5 InformationLayer M5 InformationLayer VIA4 InformationLayer M4 Information
    ------------------------------
    Type  Routing  
    Wire Pitch X  0.200 um  
    Wire Pitch Y  0.200 um  
    Offset X  0.100 um  
    Offset Y  0.100 um  
    Wire Width  0.100 um  
    Spacing  0.100 um  
    ------------------------------
    Layer OVERLAP InformationLayer M8 InformationLayer VIA7 InformationLayer M7 InformationLayer VIA6 InformationLayer M6 InformationLayer VIA5 InformationLayer M5 InformationLayer VIA4 InformationLayer M4 InformationLayer VIA3 Information
    ------------------------------
    Type  Cut  
    Vias  
        ------------------------------
        Via list in layer VIA3
        ------------------------------
                Vias in VIA3  Default  
                  VIA34_4cut      Yes  
                VIA34_2cut_S      Yes  
                VIA34_2cut_N      Yes  
                VIA34_2cut_W      Yes  
                VIA34_2cut_E      Yes  
              VIA34_1stack_W      Yes  
              VIA34_1stack_E      Yes  
              VIA34_1cut_FAT      Yes  
            VIA34_1cut_FAT_V      Yes  
            VIA34_1cut_FAT_H      Yes  
            VIA34_1cut_FAT_C      Yes  
                VIA34_1cut_V      Yes  
                VIA34_1cut_H      Yes  
                  VIA34_1cut      Yes  For complete list click here  
    ------------------------------
    Layer OVERLAP InformationLayer M8 InformationLayer VIA7 InformationLayer M7 InformationLayer VIA6 InformationLayer M6 InformationLayer VIA5 InformationLayer M5 InformationLayer VIA4 InformationLayer M4 InformationLayer VIA3 InformationLayer M3 Information
    ------------------------------
    Type  Routing  
    Wire Pitch X  0.200 um  
    Wire Pitch Y  0.200 um  
    Wire Width  0.100 um  
    Spacing  0.100 um  
    ------------------------------
    Layer OVERLAP InformationLayer M8 InformationLayer VIA7 InformationLayer M7 InformationLayer VIA6 InformationLayer M6 InformationLayer VIA5 InformationLayer M5 InformationLayer VIA4 InformationLayer M4 InformationLayer VIA3 InformationLayer M3 InformationLayer VIA2 Information
    ------------------------------
    Type  Cut  
    Vias  
        ------------------------------
        Via list in layer VIA2
        ------------------------------
                Vias in VIA2  Default  
                  VIA23_4cut      Yes  
                VIA23_2cut_S      Yes  
                VIA23_2cut_N      Yes  
                VIA23_2cut_W      Yes  
                VIA23_2cut_E      Yes  
              VIA23_1stack_S      Yes  
              VIA23_1stack_N      Yes  
              VIA23_1cut_FAT      Yes  
            VIA23_1cut_FAT_H      Yes  
            VIA23_1cut_FAT_V      Yes  
            VIA23_1cut_FAT_C      Yes  
                VIA23_1cut_H      Yes  
                VIA23_1cut_V      Yes  
                  VIA23_1cut      Yes  For complete list click here  
    ------------------------------
    Layer OVERLAP InformationLayer M8 InformationLayer VIA7 InformationLayer M7 InformationLayer VIA6 InformationLayer M6 InformationLayer VIA5 InformationLayer M5 InformationLayer VIA4 InformationLayer M4 InformationLayer VIA3 InformationLayer M3 InformationLayer VIA2 InformationLayer M2 Information
    ------------------------------
    Type  Routing  
    Wire Pitch X  0.200 um  
    Wire Pitch Y  0.200 um  
    Offset X  0.100 um  
    Offset Y  0.100 um  
    Wire Width  0.100 um  
    Spacing  0.100 um  
    ------------------------------
    Layer OVERLAP InformationLayer M8 InformationLayer VIA7 InformationLayer M7 InformationLayer VIA6 InformationLayer M6 InformationLayer VIA5 InformationLayer M5 InformationLayer VIA4 InformationLayer M4 InformationLayer VIA3 InformationLayer M3 InformationLayer VIA2 InformationLayer M2 InformationLayer VIA1 Information
    ------------------------------
    Type  Cut  
    Vias  
        ------------------------------
        Via list in layer VIA1
        ------------------------------
                Vias in VIA1  Default  
                  VIA12_4cut      Yes  
               VIA12_2cut_HS      Yes  
               VIA12_2cut_HN      Yes  
                VIA12_2cut_S      Yes  
                VIA12_2cut_N      Yes  
                VIA12_2cut_W      Yes  
                VIA12_2cut_E      Yes  
              VIA12_1cut_FAT      Yes  
            VIA12_1cut_FAT_V      Yes  
            VIA12_1cut_FAT_H      Yes  
            VIA12_1cut_FAT_C      Yes  
                VIA12_1cut_V      Yes  
                VIA12_1cut_H      Yes  
                  VIA12_1cut      Yes  For complete list click here  
    ------------------------------
    Layer OVERLAP InformationLayer M8 InformationLayer VIA7 InformationLayer M7 InformationLayer VIA6 InformationLayer M6 InformationLayer VIA5 InformationLayer M5 InformationLayer VIA4 InformationLayer M4 InformationLayer VIA3 InformationLayer M3 InformationLayer VIA2 InformationLayer M2 InformationLayer VIA1 InformationLayer M1 Information
    ------------------------------
    Type  Routing  
    Wire Pitch X  0.200 um  
    Wire Pitch Y  0.200 um  
    Wire Width  0.090 um  
    Spacing  0.090 um  
    ------------------------------
    Layer OVERLAP InformationLayer M8 InformationLayer VIA7 InformationLayer M7 InformationLayer VIA6 InformationLayer M6 InformationLayer VIA5 InformationLayer M5 InformationLayer VIA4 InformationLayer M4 InformationLayer VIA3 InformationLayer M3 InformationLayer VIA2 InformationLayer M2 InformationLayer VIA1 InformationLayer M1 InformationLayer CO Information
    ------------------------------
    Type  Cut  
    Vias  
        ------------------------------
        Via list in layer CO
        ------------------------------  
    ------------------------------
    Layer OVERLAP InformationLayer M8 InformationLayer VIA7 InformationLayer M7 InformationLayer VIA6 InformationLayer M6 InformationLayer VIA5 InformationLayer M5 InformationLayer VIA4 InformationLayer M4 InformationLayer VIA3 InformationLayer M3 InformationLayer VIA2 InformationLayer M2 InformationLayer VIA1 InformationLayer M1 InformationLayer CO InformationLayer PO Information
    ------------------------------
    Type  Masterslice  18  
# Pins without Physical Port: 0  
# Pins in Library without Timing Lib: 
    ------------------------------
    Pins in Library without timing lib
    ------------------------------
               Cell Name      List of Pin Name  
                 ISOHID1                     I  
                 ISOHID1                   ISO  
                 ISOHID1                     Z  
                 ISOHID2                     I  
                 ISOHID2                   ISO  
                 ISOHID2                     Z  
                 ISOHID4                     I  
                 ISOHID4                   ISO  
                 ISOHID4                     Z  
                 ISOHID8                     I  
                 ISOHID8                   ISO  
                 ISOHID8                     Z  
                 ISOLOD1                     I  
                 ISOLOD1                   ISO  
                 ISOLOD1                     Z  
                 ISOLOD2                     I  
                 ISOLOD2                   ISO  
                 ISOLOD2                     Z  
                 ISOLOD4                     I  
                 ISOLOD4                   ISO  
                 ISOLOD4                     Z  
                 ISOLOD8                     I  
                 ISOLOD8                   ISO  
                 ISOLOD8                     Z  
                 LVLHLD1                     I  
                 LVLHLD1                     Z  
                 LVLHLD2                     I  
                 LVLHLD2                     Z  
                 LVLHLD4                     I  
                 LVLHLD4                     Z  
                 LVLHLD8                     I  
                 LVLHLD8                     Z  
                LVLLHCD1                     I  
                LVLLHCD1                NSLEEP  
                LVLLHCD1                     Z  
                LVLLHCD2                     I  
                LVLLHCD2                NSLEEP  
                LVLLHCD2                     Z  
                LVLLHCD4                     I  
                LVLLHCD4                NSLEEP  
                LVLLHCD4                     Z  
                LVLLHCD8                     I  
                LVLLHCD8                NSLEEP  
                LVLLHCD8                     Z  
                 LVLLHD1                     I  
                 LVLLHD1                     Z  
                 LVLLHD2                     I  
                 LVLLHD2                     Z  
                 LVLLHD4                     I  
                 LVLLHD4                     Z  
                 LVLLHD8                     I  
                 LVLLHD8                     Z  52  
# Pins Missing Direction: 0  
Antenna Summary Report: 
    General Caution:
    ------------------------------
    These Layers have antenna info
    ------------------------------
    M8  
    VIA7  
    M7  
    VIA6  
    M6  
    VIA5  
    M5  
    VIA4  
    M4  
    VIA3  
    M3  
    VIA2  
    M2  
    VIA1  
    M1  
    ------------------------------
    These Layers have no antenna info
    ------------------------------
    CO  
    ------------------------------
    These Pins have antenna info
    ------------------------------
               Cell Name      List of Pin Name  
                   AN2D0                     Z  
                   AN2D0                    A2  
                   AN2D0                    A1  
                   AN2D1                     Z  
                   AN2D1                    A2  
                   AN2D1                    A1  
                   AN2D2                     Z  
                   AN2D2                    A2  
                   AN2D2                    A1  
                   AN2D4                     Z  
                   AN2D4                    A2  
                   AN2D4                    A1  
                   AN2D8                     Z  
                   AN2D8                    A2  
                   AN2D8                    A1  
                  AN2XD1                     Z  
                  AN2XD1                    A2  
                  AN2XD1                    A1  
                   AN3D0                     Z  
                   AN3D0                    A3  
                   AN3D0                    A2  
                   AN3D0                    A1  
                   AN3D1                     Z  
                   AN3D1                    A3  
                   AN3D1                    A2  
                   AN3D1                    A1  
                   AN3D2                     Z  
                   AN3D2                    A3  
                   AN3D2                    A2  
                   AN3D2                    A1  
                   AN3D4                     Z  
                   AN3D4                    A3  
                   AN3D4                    A2  
                   AN3D4                    A1  
                   AN3D8                     Z  
                   AN3D8                    A3  
                   AN3D8                    A2  
                   AN3D8                    A1  
                  AN3XD1                     Z  
                  AN3XD1                    A3  
                  AN3XD1                    A2  
                  AN3XD1                    A1  
                   AN4D0                     Z  
                   AN4D0                    A4  
                   AN4D0                    A3  
                   AN4D0                    A2  
                   AN4D0                    A1  
                   AN4D1                     Z  
                   AN4D1                    A4  
                   AN4D1                    A3  
                   AN4D1                    A2  
                   AN4D1                    A1  
                   AN4D2                     Z  
                   AN4D2                    A4  
                   AN4D2                    A3  
                   AN4D2                    A2  
                   AN4D2                    A1  
                   AN4D4                     Z  
                   AN4D4                    A4  
                   AN4D4                    A3  
                   AN4D4                    A2  
                   AN4D4                    A1  
                   AN4D8                     Z  
                   AN4D8                    A4  
                   AN4D8                    A3  
                   AN4D8                    A2  
                   AN4D8                    A1  
                  AN4XD1                     Z  
                  AN4XD1                    A4  
                  AN4XD1                    A3  
                  AN4XD1                    A2  
                  AN4XD1                    A1  
                 ANTENNA                     I  
                 AO211D0                     Z  
                 AO211D0                     C  
                 AO211D0                     B  
                 AO211D0                    A2  
                 AO211D0                    A1  
                 AO211D1                     Z  
                 AO211D1                     C  
                 AO211D1                     B  
                 AO211D1                    A2  
                 AO211D1                    A1  
                 AO211D2                     Z  
                 AO211D2                     C  
                 AO211D2                     B  
                 AO211D2                    A2  
                 AO211D2                    A1  
                 AO211D4                     Z  
                 AO211D4                     C  
                 AO211D4                     B  
                 AO211D4                    A2  
                 AO211D4                    A1  
                  AO21D0                     Z  
                  AO21D0                     B  
                  AO21D0                    A2  
                  AO21D0                    A1  
                  AO21D1                     Z  
                  AO21D1                     B  
                  AO21D1                    A2  
                  AO21D1                    A1  
                  AO21D2                     Z  
                  AO21D2                     B  
                  AO21D2                    A2  
                  AO21D2                    A1  
                  AO21D4                     Z  
                  AO21D4                     B  
                  AO21D4                    A2  
                  AO21D4                    A1  
                 AO221D0                     Z  
                 AO221D0                     C  
                 AO221D0                    B2  
                 AO221D0                    B1  
                 AO221D0                    A2  
                 AO221D0                    A1  
                 AO221D1                     Z  
                 AO221D1                     C  
                 AO221D1                    B2  
                 AO221D1                    B1  
                 AO221D1                    A2  
                 AO221D1                    A1  
                 AO221D2                     Z  
                 AO221D2                     C  
                 AO221D2                    B2  
                 AO221D2                    B1  
                 AO221D2                    A2  
                 AO221D2                    A1  
                 AO221D4                     Z  
                 AO221D4                     C  
                 AO221D4                    B2  
                 AO221D4                    B1  
                 AO221D4                    A2  
                 AO221D4                    A1  
                 AO222D0                     Z  
                 AO222D0                    C2  
                 AO222D0                    C1  
                 AO222D0                    B2  
                 AO222D0                    B1  
                 AO222D0                    A2  
                 AO222D0                    A1  
                 AO222D1                     Z  
                 AO222D1                    C2  
                 AO222D1                    C1  
                 AO222D1                    B2  
                 AO222D1                    B1  
                 AO222D1                    A2  
                 AO222D1                    A1  
                 AO222D2                     Z  
                 AO222D2                    C2  
                 AO222D2                    C1  
                 AO222D2                    B2  
                 AO222D2                    B1  
                 AO222D2                    A2  
                 AO222D2                    A1  
                 AO222D4                     Z  
                 AO222D4                    C2  
                 AO222D4                    C1  
                 AO222D4                    B2  
                 AO222D4                    B1  
                 AO222D4                    A2  
                 AO222D4                    A1  
                  AO22D0                     Z  
                  AO22D0                    B2  
                  AO22D0                    B1  
                  AO22D0                    A2  
                  AO22D0                    A1  
                  AO22D1                     Z  
                  AO22D1                    B2  
                  AO22D1                    B1  
                  AO22D1                    A2  
                  AO22D1                    A1  
                  AO22D2                     Z  
                  AO22D2                    B2  
                  AO22D2                    B1  
                  AO22D2                    A2  
                  AO22D2                    A1  
                  AO22D4                     Z  
                  AO22D4                    B2  
                  AO22D4                    B1  
                  AO22D4                    A2  
                  AO22D4                    A1  
                  AO31D0                     Z  
                  AO31D0                     B  
                  AO31D0                    A3  
                  AO31D0                    A2  
                  AO31D0                    A1  
                  AO31D1                     Z  
                  AO31D1                     B  
                  AO31D1                    A3  
                  AO31D1                    A2  
                  AO31D1                    A1  
                  AO31D2                     Z  
                  AO31D2                     B  
                  AO31D2                    A3  
                  AO31D2                    A2  
                  AO31D2                    A1  
                  AO31D4                     Z  
                  AO31D4                     B  
                  AO31D4                    A3  
                  AO31D4                    A2  
                  AO31D4                    A1  
                  AO32D0                     Z  
                  AO32D0                    B2  
                  AO32D0                    B1  
                  AO32D0                    A3  
                  AO32D0                    A2  
                  AO32D0                    A1  
                  AO32D1                     Z  
                  AO32D1                    B2  
                  AO32D1                    B1  
                  AO32D1                    A3  
                  AO32D1                    A2  
                  AO32D1                    A1  
                  AO32D2                     Z  
                  AO32D2                    B2  
                  AO32D2                    B1  
                  AO32D2                    A3  
                  AO32D2                    A2  
                  AO32D2                    A1  
                  AO32D4                     Z  
                  AO32D4                    B2  
                  AO32D4                    B1  
                  AO32D4                    A3  
                  AO32D4                    A2  
                  AO32D4                    A1  
                  AO33D0                     Z  
                  AO33D0                    B3  
                  AO33D0                    B2  
                  AO33D0                    B1  
                  AO33D0                    A3  
                  AO33D0                    A2  
                  AO33D0                    A1  
                  AO33D1                     Z  
                  AO33D1                    B3  
                  AO33D1                    B2  
                  AO33D1                    B1  
                  AO33D1                    A3  
                  AO33D1                    A2  
                  AO33D1                    A1  
                  AO33D2                     Z  
                  AO33D2                    B3  
                  AO33D2                    B2  
                  AO33D2                    B1  
                  AO33D2                    A3  
                  AO33D2                    A2  
                  AO33D2                    A1  
                  AO33D4                     Z  
                  AO33D4                    B3  
                  AO33D4                    B2  
                  AO33D4                    B1  
                  AO33D4                    A3  
                  AO33D4                    A2  
                  AO33D4                    A1  
                AOI211D0                    ZN  
                AOI211D0                     C  
                AOI211D0                     B  
                AOI211D0                    A2  
                AOI211D0                    A1  
                AOI211D1                    ZN  
                AOI211D1                     C  
                AOI211D1                     B  
                AOI211D1                    A2  
                AOI211D1                    A1  
                AOI211D2                    ZN  
                AOI211D2                     C  
                AOI211D2                     B  
                AOI211D2                    A2  
                AOI211D2                    A1  
                AOI211D4                    ZN  
                AOI211D4                     C  
                AOI211D4                     B  
                AOI211D4                    A2  
                AOI211D4                    A1  
               AOI211XD0                    ZN  
               AOI211XD0                     C  
               AOI211XD0                     B  
               AOI211XD0                    A2  
               AOI211XD0                    A1  
               AOI211XD1                    ZN  
               AOI211XD1                     C  
               AOI211XD1                     B  
               AOI211XD1                    A2  
               AOI211XD1                    A1  
               AOI211XD2                    ZN  
               AOI211XD2                     C  
               AOI211XD2                     B  
               AOI211XD2                    A2  
               AOI211XD2                    A1  
               AOI211XD4                    ZN  
               AOI211XD4                     C  
               AOI211XD4                     B  
               AOI211XD4                    A2  
               AOI211XD4                    A1  
                 AOI21D0                    ZN  
                 AOI21D0                     B  
                 AOI21D0                    A2  
                 AOI21D0                    A1  
                 AOI21D1                    ZN  
                 AOI21D1                     B  
                 AOI21D1                    A2  
                 AOI21D1                    A1  
                 AOI21D2                    ZN  
                 AOI21D2                     B  
                 AOI21D2                    A2  
                 AOI21D2                    A1  
                 AOI21D4                    ZN  
                 AOI21D4                     B  
                 AOI21D4                    A2  
                 AOI21D4                    A1  
                AOI221D0                    ZN  
                AOI221D0                     C  
                AOI221D0                    B2  
                AOI221D0                    B1  
                AOI221D0                    A2  
                AOI221D0                    A1  
                AOI221D1                    ZN  
                AOI221D1                     C  
                AOI221D1                    B2  
                AOI221D1                    B1  
                AOI221D1                    A2  
                AOI221D1                    A1  
                AOI221D2                    ZN  
                AOI221D2                     C  
                AOI221D2                    B2  
                AOI221D2                    B1  
                AOI221D2                    A2  
                AOI221D2                    A1  
                AOI221D4                    ZN  
                AOI221D4                     C  
                AOI221D4                    B2  
                AOI221D4                    B1  
                AOI221D4                    A2  
                AOI221D4                    A1  
               AOI221XD4                    ZN  
               AOI221XD4                     C  
               AOI221XD4                    B2  
               AOI221XD4                    B1  
               AOI221XD4                    A2  
               AOI221XD4                    A1  
                AOI222D0                    ZN  
                AOI222D0                    C2  
                AOI222D0                    C1  
                AOI222D0                    B2  
                AOI222D0                    B1  
                AOI222D0                    A2  
                AOI222D0                    A1  
                AOI222D1                    ZN  
                AOI222D1                    C2  
                AOI222D1                    C1  
                AOI222D1                    B2  
                AOI222D1                    B1  
                AOI222D1                    A2  
                AOI222D1                    A1  
                AOI222D2                    ZN  
                AOI222D2                    C2  
                AOI222D2                    C1  
                AOI222D2                    B2  
                AOI222D2                    B1  
                AOI222D2                    A2  
                AOI222D2                    A1  
                AOI222D4                    ZN  
                AOI222D4                    C2  
                AOI222D4                    C1  
                AOI222D4                    B2  
                AOI222D4                    B1  
                AOI222D4                    A2  
                AOI222D4                    A1  
               AOI222XD4                    ZN  
               AOI222XD4                    C2  
               AOI222XD4                    C1  
               AOI222XD4                    B2  
               AOI222XD4                    B1  
               AOI222XD4                    A2  
               AOI222XD4                    A1  
                 AOI22D0                    ZN  
                 AOI22D0                    B2  
                 AOI22D0                    B1  
                 AOI22D0                    A2  
                 AOI22D0                    A1  
                 AOI22D1                    ZN  
                 AOI22D1                    B2  
                 AOI22D1                    B1  
                 AOI22D1                    A2  
                 AOI22D1                    A1  
                 AOI22D2                    ZN  
                 AOI22D2                    B2  
                 AOI22D2                    B1  
                 AOI22D2                    A2  
                 AOI22D2                    A1  
                 AOI22D4                    ZN  
                 AOI22D4                    B2  
                 AOI22D4                    B1  
                 AOI22D4                    A2  
                 AOI22D4                    A1  
                 AOI31D0                    ZN  
                 AOI31D0                     B  
                 AOI31D0                    A3  
                 AOI31D0                    A2  
                 AOI31D0                    A1  
                 AOI31D1                    ZN  
                 AOI31D1                     B  
                 AOI31D1                    A3  
                 AOI31D1                    A2  
                 AOI31D1                    A1  
                 AOI31D2                    ZN  
                 AOI31D2                     B  
                 AOI31D2                    A3  
                 AOI31D2                    A2  
                 AOI31D2                    A1  
                 AOI31D4                    ZN  
                 AOI31D4                     B  
                 AOI31D4                    A3  
                 AOI31D4                    A2  
                 AOI31D4                    A1  
                 AOI32D0                    ZN  
                 AOI32D0                    B2  
                 AOI32D0                    B1  
                 AOI32D0                    A3  
                 AOI32D0                    A2  
                 AOI32D0                    A1  
                 AOI32D1                    ZN  
                 AOI32D1                    B2  
                 AOI32D1                    B1  
                 AOI32D1                    A3  
                 AOI32D1                    A2  
                 AOI32D1                    A1  
                 AOI32D2                    ZN  
                 AOI32D2                    B2  
                 AOI32D2                    B1  
                 AOI32D2                    A3  
                 AOI32D2                    A2  
                 AOI32D2                    A1  
                 AOI32D4                    ZN  
                 AOI32D4                    B2  
                 AOI32D4                    B1  
                 AOI32D4                    A3  
                 AOI32D4                    A2  
                 AOI32D4                    A1  
                AOI32XD4                    ZN  
                AOI32XD4                    B2  
                AOI32XD4                    B1  
                AOI32XD4                    A3  
                AOI32XD4                    A2  
                AOI32XD4                    A1  
                 AOI33D0                    ZN  
                 AOI33D0                    B3  
                 AOI33D0                    B2  
                 AOI33D0                    B1  
                 AOI33D0                    A3  
                 AOI33D0                    A2  
                 AOI33D0                    A1  
                 AOI33D1                    ZN  
                 AOI33D1                    B3  
                 AOI33D1                    B2  
                 AOI33D1                    B1  
                 AOI33D1                    A3  
                 AOI33D1                    A2  
                 AOI33D1                    A1  
                 AOI33D2                    ZN  
                 AOI33D2                    B3  
                 AOI33D2                    B2  
                 AOI33D2                    B1  
                 AOI33D2                    A3  
                 AOI33D2                    A2  
                 AOI33D2                    A1  
                 AOI33D4                    ZN  
                 AOI33D4                    B3  
                 AOI33D4                    B2  
                 AOI33D4                    B1  
                 AOI33D4                    A3  
                 AOI33D4                    A2  
                 AOI33D4                    A1  
                AOI33XD4                    ZN  
                AOI33XD4                    B3  
                AOI33XD4                    B2  
                AOI33XD4                    B1  
                AOI33XD4                    A3  
                AOI33XD4                    A2  
                AOI33XD4                    A1  
                  BENCD1                    X2  
                  BENCD1                     S  
                  BENCD1                    M2  
                  BENCD1                    M1  
                  BENCD1                    M0  
                  BENCD1                     A  
                  BENCD2                    X2  
                  BENCD2                     S  
                  BENCD2                    M2  
                  BENCD2                    M1  
                  BENCD2                    M0  
                  BENCD2                     A  
                  BENCD4                    X2  
                  BENCD4                     S  
                  BENCD4                    M2  
                  BENCD4                    M1  
                  BENCD4                    M0  
                  BENCD4                     A  
                     BHD                     Z  
                   BMLD1                    X2  
                   BMLD1                     S  
                   BMLD1                    PP  
                   BMLD1                    M1  
                   BMLD1                    M0  
                   BMLD1                     A  
                   BMLD2                    X2  
                   BMLD2                     S  
                   BMLD2                    PP  
                   BMLD2                    M1  
                   BMLD2                    M0  
                   BMLD2                     A  
                   BMLD4                    X2  
                   BMLD4                     S  
                   BMLD4                    PP  
                   BMLD4                    M1  
                   BMLD4                    M0  
                   BMLD4                     A  
                  BUFFD0                     Z  
                  BUFFD0                     I  
                  BUFFD1                     Z  
                  BUFFD1                     I  
                 BUFFD12                     Z  
                 BUFFD12                     I  
                 BUFFD16                     Z  
                 BUFFD16                     I  
                  BUFFD2                     Z  
                  BUFFD2                     I  
                 BUFFD20                     Z  
                 BUFFD20                     I  
                 BUFFD24                     Z  
                 BUFFD24                     I  
                  BUFFD3                     Z  
                  BUFFD3                     I  
                  BUFFD4                     Z  
                  BUFFD4                     I  
                  BUFFD6                     Z  
                  BUFFD6                     I  
                  BUFFD8                     Z  
                  BUFFD8                     I  
                  BUFTD0                     Z  
                  BUFTD0                    OE  
                  BUFTD0                     I  
                  BUFTD1                     Z  
                  BUFTD1                    OE  
                  BUFTD1                     I  
                 BUFTD12                     Z  
                 BUFTD12                    OE  
                 BUFTD12                     I  
                 BUFTD16                     Z  
                 BUFTD16                    OE  
                 BUFTD16                     I  
                  BUFTD2                     Z  
                  BUFTD2                    OE  
                  BUFTD2                     I  
                 BUFTD20                     Z  
                 BUFTD20                    OE  
                 BUFTD20                     I  
                 BUFTD24                     Z  
                 BUFTD24                    OE  
                 BUFTD24                     I  
                  BUFTD3                     Z  
                  BUFTD3                    OE  
                  BUFTD3                     I  
                  BUFTD4                     Z  
                  BUFTD4                    OE  
                  BUFTD4                     I  
                  BUFTD6                     Z  
                  BUFTD6                    OE  
                  BUFTD6                     I  
                  BUFTD8                     Z  
                  BUFTD8                    OE  
                  BUFTD8                     I  
                 CKAN2D0                     Z  
                 CKAN2D0                    A2  
                 CKAN2D0                    A1  
                 CKAN2D1                     Z  
                 CKAN2D1                    A2  
                 CKAN2D1                    A1  
                 CKAN2D2                     Z  
                 CKAN2D2                    A2  
                 CKAN2D2                    A1  
                 CKAN2D4                     Z  
                 CKAN2D4                    A2  
                 CKAN2D4                    A1  
                 CKAN2D8                     Z  
                 CKAN2D8                    A2  
                 CKAN2D8                    A1  
                   CKBD0                     Z  
                   CKBD0                     I  
                   CKBD1                     Z  
                   CKBD1                     I  
                  CKBD12                     Z  
                  CKBD12                     I  
                  CKBD16                     Z  
                  CKBD16                     I  
                   CKBD2                     Z  
                   CKBD2                     I  
                  CKBD20                     Z  
                  CKBD20                     I  
                  CKBD24                     Z  
                  CKBD24                     I  
                   CKBD3                     Z  
                   CKBD3                     I  
                   CKBD4                     Z  
                   CKBD4                     I  
                   CKBD6                     Z  
                   CKBD6                     I  
                   CKBD8                     Z  
                   CKBD8                     I  
                 CKLHQD1                    TE  
                 CKLHQD1                     Q  
                 CKLHQD1                     E  
                 CKLHQD1                   CPN  
                CKLHQD12                    TE  
                CKLHQD12                     Q  
                CKLHQD12                     E  
                CKLHQD12                   CPN  
                CKLHQD16                    TE  
                CKLHQD16                     Q  
                CKLHQD16                     E  
                CKLHQD16                   CPN  
                 CKLHQD2                    TE  
                 CKLHQD2                     Q  
                 CKLHQD2                     E  
                 CKLHQD2                   CPN  
                CKLHQD20                    TE  
                CKLHQD20                     Q  
                CKLHQD20                     E  
                CKLHQD20                   CPN  
                CKLHQD24                    TE  
                CKLHQD24                     Q  
                CKLHQD24                     E  
                CKLHQD24                   CPN  
                 CKLHQD3                    TE  
                 CKLHQD3                     Q  
                 CKLHQD3                     E  
                 CKLHQD3                   CPN  
                 CKLHQD4                    TE  
                 CKLHQD4                     Q  
                 CKLHQD4                     E  
                 CKLHQD4                   CPN  
                 CKLHQD6                    TE  
                 CKLHQD6                     Q  
                 CKLHQD6                     E  
                 CKLHQD6                   CPN  
                 CKLHQD8                    TE  
                 CKLHQD8                     Q  
                 CKLHQD8                     E  
                 CKLHQD8                   CPN  
                 CKLNQD1                    TE  
                 CKLNQD1                     Q  
                 CKLNQD1                     E  
                 CKLNQD1                    CP  
                CKLNQD12                    TE  
                CKLNQD12                     Q  
                CKLNQD12                     E  
                CKLNQD12                    CP  
                CKLNQD16                    TE  
                CKLNQD16                     Q  
                CKLNQD16                     E  
                CKLNQD16                    CP  
                 CKLNQD2                    TE  
                 CKLNQD2                     Q  
                 CKLNQD2                     E  
                 CKLNQD2                    CP  
                CKLNQD20                    TE  
                CKLNQD20                     Q  
                CKLNQD20                     E  
                CKLNQD20                    CP  
                CKLNQD24                    TE  
                CKLNQD24                     Q  
                CKLNQD24                     E  
                CKLNQD24                    CP  
                 CKLNQD3                    TE  
                 CKLNQD3                     Q  
                 CKLNQD3                     E  
                 CKLNQD3                    CP  
                 CKLNQD4                    TE  
                 CKLNQD4                     Q  
                 CKLNQD4                     E  
                 CKLNQD4                    CP  
                 CKLNQD6                    TE  
                 CKLNQD6                     Q  
                 CKLNQD6                     E  
                 CKLNQD6                    CP  
                 CKLNQD8                    TE  
                 CKLNQD8                     Q  
                 CKLNQD8                     E  
                 CKLNQD8                    CP  
                CKMUX2D0                     Z  
                CKMUX2D0                     S  
                CKMUX2D0                    I1  
                CKMUX2D0                    I0  
                CKMUX2D1                     Z  
                CKMUX2D1                     S  
                CKMUX2D1                    I1  
                CKMUX2D1                    I0  
                CKMUX2D2                     Z  
                CKMUX2D2                     S  
                CKMUX2D2                    I1  
                CKMUX2D2                    I0  
                CKMUX2D4                     Z  
                CKMUX2D4                     S  
                CKMUX2D4                    I1  
                CKMUX2D4                    I0  
                   CKND0                    ZN  
                   CKND0                     I  
                   CKND1                    ZN  
                   CKND1                     I  
                  CKND12                    ZN  
                  CKND12                     I  
                  CKND16                    ZN  
                  CKND16                     I  
                   CKND2                    ZN  
                   CKND2                     I  
                  CKND20                    ZN  
                  CKND20                     I  
                  CKND24                    ZN  
                  CKND24                     I  
                 CKND2D0                    ZN  
                 CKND2D0                    A2  
                 CKND2D0                    A1  
                 CKND2D1                    ZN  
                 CKND2D1                    A2  
                 CKND2D1                    A1  
                 CKND2D2                    ZN  
                 CKND2D2                    A2  
                 CKND2D2                    A1  
                 CKND2D3                    ZN  
                 CKND2D3                    A2  
                 CKND2D3                    A1  
                 CKND2D4                    ZN  
                 CKND2D4                    A2  
                 CKND2D4                    A1  
                 CKND2D8                    ZN  
                 CKND2D8                    A2  
                 CKND2D8                    A1  
                   CKND3                    ZN  
                   CKND3                     I  
                   CKND4                    ZN  
                   CKND4                     I  
                   CKND6                    ZN  
                   CKND6                     I  
                   CKND8                    ZN  
                   CKND8                     I  
                CKXOR2D0                     Z  
                CKXOR2D0                    A2  
                CKXOR2D0                    A1  
                CKXOR2D1                     Z  
                CKXOR2D1                    A2  
                CKXOR2D1                    A1  
                CKXOR2D2                     Z  
                CKXOR2D2                    A2  
                CKXOR2D2                    A1  
                CKXOR2D4                     Z  
                CKXOR2D4                    A2  
                CKXOR2D4                    A1  
                CMPE42D1                     S  
                CMPE42D1                     D  
                CMPE42D1                   COX  
                CMPE42D1                    CO  
                CMPE42D1                   CIX  
                CMPE42D1                     C  
                CMPE42D1                     B  
                CMPE42D1                     A  
                CMPE42D2                     S  
                CMPE42D2                     D  
                CMPE42D2                   COX  
                CMPE42D2                    CO  
                CMPE42D2                   CIX  
                CMPE42D2                     C  
                CMPE42D2                     B  
                CMPE42D2                     A  
                    DEL0                     Z  
                    DEL0                     I  
                  DEL005                     Z  
                  DEL005                     I  
                   DEL01                     Z  
                   DEL01                     I  
                  DEL015                     Z  
                  DEL015                     I  
                   DEL02                     Z  
                   DEL02                     I  
                    DEL1                     Z  
                    DEL1                     I  
                    DEL2                     Z  
                    DEL2                     I  
                    DEL3                     Z  
                    DEL3                     I  
                    DEL4                     Z  
                    DEL4                     I  
                  DFCND1                    QN  
                  DFCND1                     Q  
                  DFCND1                     D  
                  DFCND1                    CP  
                  DFCND1                   CDN  
                  DFCND2                    QN  
                  DFCND2                     Q  
                  DFCND2                     D  
                  DFCND2                    CP  
                  DFCND2                   CDN  
                  DFCND4                    QN  
                  DFCND4                     Q  
                  DFCND4                     D  
                  DFCND4                    CP  
                  DFCND4                   CDN  
                 DFCNQD1                     Q  
                 DFCNQD1                     D  
                 DFCNQD1                    CP  
                 DFCNQD1                   CDN  
                 DFCNQD2                     Q  
                 DFCNQD2                     D  
                 DFCNQD2                    CP  
                 DFCNQD2                   CDN  
                 DFCNQD4                     Q  
                 DFCNQD4                     D  
                 DFCNQD4                    CP  
                 DFCNQD4                   CDN  
                 DFCSND1                   SDN  
                 DFCSND1                    QN  
                 DFCSND1                     Q  
                 DFCSND1                     D  
                 DFCSND1                    CP  
                 DFCSND1                   CDN  
                 DFCSND2                   SDN  
                 DFCSND2                    QN  
                 DFCSND2                     Q  
                 DFCSND2                     D  
                 DFCSND2                    CP  
                 DFCSND2                   CDN  
                 DFCSND4                   SDN  
                 DFCSND4                    QN  
                 DFCSND4                     Q  
                 DFCSND4                     D  
                 DFCSND4                    CP  
                 DFCSND4                   CDN  
                DFCSNQD1                   SDN  
                DFCSNQD1                     Q  
                DFCSNQD1                     D  
                DFCSNQD1                    CP  
                DFCSNQD1                   CDN  
                DFCSNQD2                   SDN  
                DFCSNQD2                     Q  
                DFCSNQD2                     D  
                DFCSNQD2                    CP  
                DFCSNQD2                   CDN  
                DFCSNQD4                   SDN  
                DFCSNQD4                     Q  
                DFCSNQD4                     D  
                DFCSNQD4                    CP  
                DFCSNQD4                   CDN  
                    DFD1                    QN  
                    DFD1                     Q  
                    DFD1                     D  
                    DFD1                    CP  
                    DFD2                    QN  
                    DFD2                     Q  
                    DFD2                     D  
                    DFD2                    CP  
                    DFD4                    QN  
                    DFD4                     Q  
                    DFD4                     D  
                    DFD4                    CP  
                 DFKCND1                    QN  
                 DFKCND1                     Q  
                 DFKCND1                     D  
                 DFKCND1                    CP  
                 DFKCND1                    CN  
                 DFKCND2                    QN  
                 DFKCND2                     Q  
                 DFKCND2                     D  
                 DFKCND2                    CP  
                 DFKCND2                    CN  
                 DFKCND4                    QN  
                 DFKCND4                     Q  
                 DFKCND4                     D  
                 DFKCND4                    CP  
                 DFKCND4                    CN  
                DFKCNQD1                     Q  
                DFKCNQD1                     D  
                DFKCNQD1                    CP  
                DFKCNQD1                    CN  
                DFKCNQD2                     Q  
                DFKCNQD2                     D  
                DFKCNQD2                    CP  
                DFKCNQD2                    CN  
                DFKCNQD4                     Q  
                DFKCNQD4                     D  
                DFKCNQD4                    CP  
                DFKCNQD4                    CN  
                DFKCSND1                    SN  
                DFKCSND1                    QN  
                DFKCSND1                     Q  
                DFKCSND1                     D  
                DFKCSND1                    CP  
                DFKCSND1                    CN  
                DFKCSND2                    SN  
                DFKCSND2                    QN  
                DFKCSND2                     Q  
                DFKCSND2                     D  
                DFKCSND2                    CP  
                DFKCSND2                    CN  
                DFKCSND4                    SN  
                DFKCSND4                    QN  
                DFKCSND4                     Q  
                DFKCSND4                     D  
                DFKCSND4                    CP  
                DFKCSND4                    CN  
                 DFKSND1                    SN  
                 DFKSND1                    QN  
                 DFKSND1                     Q  
                 DFKSND1                     D  
                 DFKSND1                    CP  
                 DFKSND2                    SN  
                 DFKSND2                    QN  
                 DFKSND2                     Q  
                 DFKSND2                     D  
                 DFKSND2                    CP  
                 DFKSND4                    SN  
                 DFKSND4                    QN  
                 DFKSND4                     Q  
                 DFKSND4                     D  
                 DFKSND4                    CP  
                 DFNCND1                    QN  
                 DFNCND1                     Q  
                 DFNCND1                     D  
                 DFNCND1                   CPN  
                 DFNCND1                   CDN  
                 DFNCND2                    QN  
                 DFNCND2                     Q  
                 DFNCND2                     D  
                 DFNCND2                   CPN  
                 DFNCND2                   CDN  
                 DFNCND4                    QN  
                 DFNCND4                     Q  
                 DFNCND4                     D  
                 DFNCND4                   CPN  
                 DFNCND4                   CDN  
                DFNCSND1                   SDN  
                DFNCSND1                    QN  
                DFNCSND1                     Q  
                DFNCSND1                     D  
                DFNCSND1                   CPN  
                DFNCSND1                   CDN  
                DFNCSND2                   SDN  
                DFNCSND2                    QN  
                DFNCSND2                     Q  
                DFNCSND2                     D  
                DFNCSND2                   CPN  
                DFNCSND2                   CDN  
                DFNCSND4                   SDN  
                DFNCSND4                    QN  
                DFNCSND4                     Q  
                DFNCSND4                     D  
                DFNCSND4                   CPN  
                DFNCSND4                   CDN  
                   DFND1                    QN  
                   DFND1                     Q  
                   DFND1                     D  
                   DFND1                   CPN  
                   DFND2                    QN  
                   DFND2                     Q  
                   DFND2                     D  
                   DFND2                   CPN  
                   DFND4                    QN  
                   DFND4                     Q  
                   DFND4                     D  
                   DFND4                   CPN  
                 DFNSND1                   SDN  
                 DFNSND1                    QN  
                 DFNSND1                     Q  
                 DFNSND1                     D  
                 DFNSND1                   CPN  
                 DFNSND2                   SDN  
                 DFNSND2                    QN  
                 DFNSND2                     Q  
                 DFNSND2                     D  
                 DFNSND2                   CPN  
                 DFNSND4                   SDN  
                 DFNSND4                    QN  
                 DFNSND4                     Q  
                 DFNSND4                     D  
                 DFNSND4                   CPN  
                   DFQD1                     Q  
                   DFQD1                     D  
                   DFQD1                    CP  
                   DFQD2                     Q  
                   DFQD2                     D  
                   DFQD2                    CP  
                   DFQD4                     Q  
                   DFQD4                     D  
                   DFQD4                    CP  
                  DFSND1                   SDN  
                  DFSND1                    QN  
                  DFSND1                     Q  
                  DFSND1                     D  
                  DFSND1                    CP  
                  DFSND2                   SDN  
                  DFSND2                    QN  
                  DFSND2                     Q  
                  DFSND2                     D  
                  DFSND2                    CP  
                  DFSND4                   SDN  
                  DFSND4                    QN  
                  DFSND4                     Q  
                  DFSND4                     D  
                  DFSND4                    CP  
                 DFSNQD1                   SDN  
                 DFSNQD1                     Q  
                 DFSNQD1                     D  
                 DFSNQD1                    CP  
                 DFSNQD2                   SDN  
                 DFSNQD2                     Q  
                 DFSNQD2                     D  
                 DFSNQD2                    CP  
                 DFSNQD4                   SDN  
                 DFSNQD4                     Q  
                 DFSNQD4                     D  
                 DFSNQD4                    CP  
                   DFXD1                    SA  
                   DFXD1                    QN  
                   DFXD1                     Q  
                   DFXD1                    DB  
                   DFXD1                    DA  
                   DFXD1                    CP  
                   DFXD2                    SA  
                   DFXD2                    QN  
                   DFXD2                     Q  
                   DFXD2                    DB  
                   DFXD2                    DA  
                   DFXD2                    CP  
                   DFXD4                    SA  
                   DFXD4                    QN  
                   DFXD4                     Q  
                   DFXD4                    DB  
                   DFXD4                    DA  
                   DFXD4                    CP  
                  DFXQD1                    SA  
                  DFXQD1                     Q  
                  DFXQD1                    DB  
                  DFXQD1                    DA  
                  DFXQD1                    CP  
                  DFXQD2                    SA  
                  DFXQD2                     Q  
                  DFXQD2                    DB  
                  DFXQD2                    DA  
                  DFXQD2                    CP  
                  DFXQD4                    SA  
                  DFXQD4                     Q  
                  DFXQD4                    DB  
                  DFXQD4                    DA  
                  DFXQD4                    CP  
                 EDFCND1                    QN  
                 EDFCND1                     Q  
                 EDFCND1                     E  
                 EDFCND1                     D  
                 EDFCND1                    CP  
                 EDFCND1                   CDN  
                 EDFCND2                    QN  
                 EDFCND2                     Q  
                 EDFCND2                     E  
                 EDFCND2                     D  
                 EDFCND2                    CP  
                 EDFCND2                   CDN  
                 EDFCND4                    QN  
                 EDFCND4                     Q  
                 EDFCND4                     E  
                 EDFCND4                     D  
                 EDFCND4                    CP  
                 EDFCND4                   CDN  
                EDFCNQD1                     Q  
                EDFCNQD1                     E  
                EDFCNQD1                     D  
                EDFCNQD1                    CP  
                EDFCNQD1                   CDN  
                EDFCNQD2                     Q  
                EDFCNQD2                     E  
                EDFCNQD2                     D  
                EDFCNQD2                    CP  
                EDFCNQD2                   CDN  
                EDFCNQD4                     Q  
                EDFCNQD4                     E  
                EDFCNQD4                     D  
                EDFCNQD4                    CP  
                EDFCNQD4                   CDN  
                   EDFD1                    QN  
                   EDFD1                     Q  
                   EDFD1                     E  
                   EDFD1                     D  
                   EDFD1                    CP  
                   EDFD2                    QN  
                   EDFD2                     Q  
                   EDFD2                     E  
                   EDFD2                     D  
                   EDFD2                    CP  
                   EDFD4                    QN  
                   EDFD4                     Q  
                   EDFD4                     E  
                   EDFD4                     D  
                   EDFD4                    CP  
                EDFKCND1                    QN  
                EDFKCND1                     Q  
                EDFKCND1                     E  
                EDFKCND1                     D  
                EDFKCND1                    CP  
                EDFKCND1                    CN  
                EDFKCND2                    QN  
                EDFKCND2                     Q  
                EDFKCND2                     E  
                EDFKCND2                     D  
                EDFKCND2                    CP  
                EDFKCND2                    CN  
                EDFKCND4                    QN  
                EDFKCND4                     Q  
                EDFKCND4                     E  
                EDFKCND4                     D  
                EDFKCND4                    CP  
                EDFKCND4                    CN  
               EDFKCNQD1                     Q  
               EDFKCNQD1                     E  
               EDFKCNQD1                     D  
               EDFKCNQD1                    CP  
               EDFKCNQD1                    CN  
               EDFKCNQD2                     Q  
               EDFKCNQD2                     E  
               EDFKCNQD2                     D  
               EDFKCNQD2                    CP  
               EDFKCNQD2                    CN  
               EDFKCNQD4                     Q  
               EDFKCNQD4                     E  
               EDFKCNQD4                     D  
               EDFKCNQD4                    CP  
               EDFKCNQD4                    CN  
                  EDFQD1                     Q  
                  EDFQD1                     E  
                  EDFQD1                     D  
                  EDFQD1                    CP  
                  EDFQD2                     Q  
                  EDFQD2                     E  
                  EDFQD2                     D  
                  EDFQD2                    CP  
                  EDFQD4                     Q  
                  EDFQD4                     E  
                  EDFQD4                     D  
                  EDFQD4                    CP  
                   FA1D0                     S  
                   FA1D0                    CO  
                   FA1D0                    CI  
                   FA1D0                     B  
                   FA1D0                     A  
                   FA1D1                     S  
                   FA1D1                    CO  
                   FA1D1                    CI  
                   FA1D1                     B  
                   FA1D1                     A  
                   FA1D2                     S  
                   FA1D2                    CO  
                   FA1D2                    CI  
                   FA1D2                     B  
                   FA1D2                     A  
                   FA1D4                     S  
                   FA1D4                    CO  
                   FA1D4                    CI  
                   FA1D4                     B  
                   FA1D4                     A  
                FCICIND1                    CO  
                FCICIND1                   CIN  
                FCICIND1                     B  
                FCICIND1                     A  
                FCICIND2                    CO  
                FCICIND2                   CIN  
                FCICIND2                     B  
                FCICIND2                     A  
                FCICOND1                   CON  
                FCICOND1                    CI  
                FCICOND1                     B  
                FCICOND1                     A  
                FCICOND2                   CON  
                FCICOND2                    CI  
                FCICOND2                     B  
                FCICOND2                     A  
               FCSICIND1                     S  
               FCSICIND1                    CS  
               FCSICIND1                   CO1  
               FCSICIND1                   CO0  
               FCSICIND1                  CIN1  
               FCSICIND1                  CIN0  
               FCSICIND1                     B  
               FCSICIND1                     A  
               FCSICIND2                     S  
               FCSICIND2                    CS  
               FCSICIND2                   CO1  
               FCSICIND2                   CO0  
               FCSICIND2                  CIN1  
               FCSICIND2                  CIN0  
               FCSICIND2                     B  
               FCSICIND2                     A  
               FCSICOND1                     S  
               FCSICOND1                    CS  
               FCSICOND1                  CON1  
               FCSICOND1                  CON0  
               FCSICOND1                   CI1  
               FCSICOND1                   CI0  
               FCSICOND1                     B  
               FCSICOND1                     A  
               FCSICOND2                     S  
               FCSICOND2                    CS  
               FCSICOND2                  CON1  
               FCSICOND2                  CON0  
               FCSICOND2                   CI1  
               FCSICOND2                   CI0  
               FCSICOND2                     B  
               FCSICOND2                     A  
                 FICIND1                     S  
                 FICIND1                    CO  
                 FICIND1                   CIN  
                 FICIND1                     B  
                 FICIND1                     A  
                 FICIND2                     S  
                 FICIND2                    CO  
                 FICIND2                   CIN  
                 FICIND2                     B  
                 FICIND2                     A  
                 FICOND1                     S  
                 FICOND1                   CON  
                 FICOND1                    CI  
                 FICOND1                     B  
                 FICOND1                     A  
                 FICOND2                     S  
                 FICOND2                   CON  
                 FICOND2                    CI  
                 FICOND2                     B  
                 FICOND2                     A  
                FIICOND1                     S  
                FIICOND1                  CON1  
                FIICOND1                  CON0  
                FIICOND1                     C  
                FIICOND1                     B  
                FIICOND1                     A  
                FIICOND2                     S  
                FIICOND2                  CON1  
                FIICOND2                  CON0  
                FIICOND2                     C  
                FIICOND2                     B  
                FIICOND2                     A  
                  GAN2D1                     Z  
                  GAN2D1                    A2  
                  GAN2D1                    A1  
                  GAN2D2                     Z  
                  GAN2D2                    A2  
                  GAN2D2                    A1  
                GAOI21D1                    ZN  
                GAOI21D1                     B  
                GAOI21D1                    A2  
                GAOI21D1                    A1  
                GAOI21D2                    ZN  
                GAOI21D2                     B  
                GAOI21D2                    A2  
                GAOI21D2                    A1  
                GAOI22D1                    ZN  
                GAOI22D1                    B2  
                GAOI22D1                    B1  
                GAOI22D1                    A2  
                GAOI22D1                    A1  
                 GBUFFD1                     Z  
                 GBUFFD1                     I  
                 GBUFFD2                     Z  
                 GBUFFD2                     I  
                 GBUFFD3                     Z  
                 GBUFFD3                     I  
                 GBUFFD4                     Z  
                 GBUFFD4                     I  
                 GBUFFD8                     Z  
                 GBUFFD8                     I  
                GDFCNQD1                     Q  
                GDFCNQD1                     D  
                GDFCNQD1                    CP  
                GDFCNQD1                   CDN  
                  GDFQD1                     Q  
                  GDFQD1                     D  
                  GDFQD1                    CP  
                  GINVD1                    ZN  
                  GINVD1                     I  
                  GINVD2                    ZN  
                  GINVD2                     I  
                  GINVD3                    ZN  
                  GINVD3                     I  
                  GINVD4                    ZN  
                  GINVD4                     I  
                  GINVD8                    ZN  
                  GINVD8                     I  
                 GMUX2D1                     Z  
                 GMUX2D1                     S  
                 GMUX2D1                    I1  
                 GMUX2D1                    I0  
                 GMUX2D2                     Z  
                 GMUX2D2                     S  
                 GMUX2D2                    I1  
                 GMUX2D2                    I0  
                GMUX2ND1                    ZN  
                GMUX2ND1                     S  
                GMUX2ND1                    I1  
                GMUX2ND1                    I0  
                GMUX2ND2                    ZN  
                GMUX2ND2                     S  
                GMUX2ND2                    I1  
                GMUX2ND2                    I0  
                  GND2D1                    ZN  
                  GND2D1                    A2  
                  GND2D1                    A1  
                  GND2D2                    ZN  
                  GND2D2                    A2  
                  GND2D2                    A1  
                  GND2D3                    ZN  
                  GND2D3                    A2  
                  GND2D3                    A1  
                  GND2D4                    ZN  
                  GND2D4                    A2  
                  GND2D4                    A1  
                  GND3D1                    ZN  
                  GND3D1                    A3  
                  GND3D1                    A2  
                  GND3D1                    A1  
                  GND3D2                    ZN  
                  GND3D2                    A3  
                  GND3D2                    A2  
                  GND3D2                    A1  
                  GNR2D1                    ZN  
                  GNR2D1                    A2  
                  GNR2D1                    A1  
                  GNR2D2                    ZN  
                  GNR2D2                    A2  
                  GNR2D2                    A1  
                  GNR3D1                    ZN  
                  GNR3D1                    A3  
                  GNR3D1                    A2  
                  GNR3D1                    A1  
                  GNR3D2                    ZN  
                  GNR3D2                    A3  
                  GNR3D2                    A2  
                  GNR3D2                    A1  
                GOAI21D1                    ZN  
                GOAI21D1                     B  
                GOAI21D1                    A2  
                GOAI21D1                    A1  
                GOAI21D2                    ZN  
                GOAI21D2                     B  
                GOAI21D2                    A2  
                GOAI21D2                    A1  
                  GOR2D1                     Z  
                  GOR2D1                    A2  
                  GOR2D1                    A1  
                  GOR2D2                     Z  
                  GOR2D2                    A2  
                  GOR2D2                    A1  
               GSDFCNQD1                    SI  
               GSDFCNQD1                    SE  
               GSDFCNQD1                     Q  
               GSDFCNQD1                     D  
               GSDFCNQD1                    CP  
               GSDFCNQD1                   CDN  
                   GTIEH                     Z  
                   GTIEL                    ZN  
                 GXNR2D1                    ZN  
                 GXNR2D1                    A2  
                 GXNR2D1                    A1  
                 GXNR2D2                    ZN  
                 GXNR2D2                    A2  
                 GXNR2D2                    A1  
                 GXOR2D1                     Z  
                 GXOR2D1                    A2  
                 GXOR2D1                    A1  
                 GXOR2D2                     Z  
                 GXOR2D2                    A2  
                 GXOR2D2                    A1  
                   HA1D0                     S  
                   HA1D0                    CO  
                   HA1D0                     B  
                   HA1D0                     A  
                   HA1D1                     S  
                   HA1D1                    CO  
                   HA1D1                     B  
                   HA1D1                     A  
                   HA1D2                     S  
                   HA1D2                    CO  
                   HA1D2                     B  
                   HA1D2                     A  
                   HA1D4                     S  
                   HA1D4                    CO  
                   HA1D4                     B  
                   HA1D4                     A  
               HCOSCIND1                     S  
               HCOSCIND1                    CS  
               HCOSCIND1                    CO  
               HCOSCIND1                   CIN  
               HCOSCIND1                     A  
               HCOSCIND2                     S  
               HCOSCIND2                    CS  
               HCOSCIND2                    CO  
               HCOSCIND2                   CIN  
               HCOSCIND2                     A  
               HCOSCOND1                     S  
               HCOSCOND1                    CS  
               HCOSCOND1                   CON  
               HCOSCOND1                    CI  
               HCOSCOND1                     A  
               HCOSCOND2                     S  
               HCOSCOND2                    CS  
               HCOSCOND2                   CON  
               HCOSCOND2                    CI  
               HCOSCOND2                     A  
                 HICIND1                     S  
                 HICIND1                    CO  
                 HICIND1                   CIN  
                 HICIND1                     A  
                 HICIND2                     S  
                 HICIND2                    CO  
                 HICIND2                   CIN  
                 HICIND2                     A  
                 HICOND1                     S  
                 HICOND1                   CON  
                 HICOND1                    CI  
                 HICOND1                     A  
                 HICOND2                     S  
                 HICOND2                   CON  
                 HICOND2                    CI  
                 HICOND2                     A  
                 IAO21D0                    ZN  
                 IAO21D0                     B  
                 IAO21D0                    A2  
                 IAO21D0                    A1  
                 IAO21D1                    ZN  
                 IAO21D1                     B  
                 IAO21D1                    A2  
                 IAO21D1                    A1  
                 IAO21D2                    ZN  
                 IAO21D2                     B  
                 IAO21D2                    A2  
                 IAO21D2                    A1  
                 IAO21D4                    ZN  
                 IAO21D4                     B  
                 IAO21D4                    A2  
                 IAO21D4                    A1  
                 IAO22D0                    ZN  
                 IAO22D0                    B2  
                 IAO22D0                    B1  
                 IAO22D0                    A2  
                 IAO22D0                    A1  
                 IAO22D1                    ZN  
                 IAO22D1                    B2  
                 IAO22D1                    B1  
                 IAO22D1                    A2  
                 IAO22D1                    A1  
                 IAO22D2                    ZN  
                 IAO22D2                    B2  
                 IAO22D2                    B1  
                 IAO22D2                    A2  
                 IAO22D2                    A1  
                 IAO22D4                    ZN  
                 IAO22D4                    B2  
                 IAO22D4                    B1  
                 IAO22D4                    A2  
                 IAO22D4                    A1  
                 IIND4D0                    ZN  
                 IIND4D0                    B2  
                 IIND4D0                    B1  
                 IIND4D0                    A2  
                 IIND4D0                    A1  
                 IIND4D1                    ZN  
                 IIND4D1                    B2  
                 IIND4D1                    B1  
                 IIND4D1                    A2  
                 IIND4D1                    A1  
                 IIND4D2                    ZN  
                 IIND4D2                    B2  
                 IIND4D2                    B1  
                 IIND4D2                    A2  
                 IIND4D2                    A1  
                 IIND4D4                    ZN  
                 IIND4D4                    B2  
                 IIND4D4                    B1  
                 IIND4D4                    A2  
                 IIND4D4                    A1  
                 IINR4D0                    ZN  
                 IINR4D0                    B2  
                 IINR4D0                    B1  
                 IINR4D0                    A2  
                 IINR4D0                    A1  
                 IINR4D1                    ZN  
                 IINR4D1                    B2  
                 IINR4D1                    B1  
                 IINR4D1                    A2  
                 IINR4D1                    A1  
                 IINR4D2                    ZN  
                 IINR4D2                    B2  
                 IINR4D2                    B1  
                 IINR4D2                    A2  
                 IINR4D2                    A1  
                 IINR4D4                    ZN  
                 IINR4D4                    B2  
                 IINR4D4                    B1  
                 IINR4D4                    A2  
                 IINR4D4                    A1  
                  IND2D0                    ZN  
                  IND2D0                    B1  
                  IND2D0                    A1  
                  IND2D1                    ZN  
                  IND2D1                    B1  
                  IND2D1                    A1  
                  IND2D2                    ZN  
                  IND2D2                    B1  
                  IND2D2                    A1  
                  IND2D4                    ZN  
                  IND2D4                    B1  
                  IND2D4                    A1  
                  IND3D0                    ZN  
                  IND3D0                    B2  
                  IND3D0                    B1  
                  IND3D0                    A1  
                  IND3D1                    ZN  
                  IND3D1                    B2  
                  IND3D1                    B1  
                  IND3D1                    A1  
                  IND3D2                    ZN  
                  IND3D2                    B2  
                  IND3D2                    B1  
                  IND3D2                    A1  
                  IND3D4                    ZN  
                  IND3D4                    B2  
                  IND3D4                    B1  
                  IND3D4                    A1  
                  IND4D0                    ZN  
                  IND4D0                    B3  
                  IND4D0                    B2  
                  IND4D0                    B1  
                  IND4D0                    A1  
                  IND4D1                    ZN  
                  IND4D1                    B3  
                  IND4D1                    B2  
                  IND4D1                    B1  
                  IND4D1                    A1  
                  IND4D2                    ZN  
                  IND4D2                    B3  
                  IND4D2                    B2  
                  IND4D2                    B1  
                  IND4D2                    A1  
                  IND4D4                    ZN  
                  IND4D4                    B3  
                  IND4D4                    B2  
                  IND4D4                    B1  
                  IND4D4                    A1  
                  INR2D0                    ZN  
                  INR2D0                    B1  
                  INR2D0                    A1  
                  INR2D1                    ZN  
                  INR2D1                    B1  
                  INR2D1                    A1  
                  INR2D2                    ZN  
                  INR2D2                    B1  
                  INR2D2                    A1  
                  INR2D4                    ZN  
                  INR2D4                    B1  
                  INR2D4                    A1  
                 INR2XD0                    ZN  
                 INR2XD0                    B1  
                 INR2XD0                    A1  
                 INR2XD1                    ZN  
                 INR2XD1                    B1  
                 INR2XD1                    A1  
                 INR2XD2                    ZN  
                 INR2XD2                    B1  
                 INR2XD2                    A1  
                 INR2XD4                    ZN  
                 INR2XD4                    B1  
                 INR2XD4                    A1  
                  INR3D0                    ZN  
                  INR3D0                    B2  
                  INR3D0                    B1  
                  INR3D0                    A1  
                  INR3D1                    ZN  
                  INR3D1                    B2  
                  INR3D1                    B1  
                  INR3D1                    A1  
                  INR3D2                    ZN  
                  INR3D2                    B2  
                  INR3D2                    B1  
                  INR3D2                    A1  
                  INR3D4                    ZN  
                  INR3D4                    B2  
                  INR3D4                    B1  
                  INR3D4                    A1  
                  INR4D0                    ZN  
                  INR4D0                    B3  
                  INR4D0                    B2  
                  INR4D0                    B1  
                  INR4D0                    A1  
                  INR4D1                    ZN  
                  INR4D1                    B3  
                  INR4D1                    B2  
                  INR4D1                    B1  
                  INR4D1                    A1  
                  INR4D2                    ZN  
                  INR4D2                    B3  
                  INR4D2                    B2  
                  INR4D2                    B1  
                  INR4D2                    A1  
                  INR4D4                    ZN  
                  INR4D4                    B3  
                  INR4D4                    B2  
                  INR4D4                    B1  
                  INR4D4                    A1  
                   INVD0                    ZN  
                   INVD0                     I  
                   INVD1                    ZN  
                   INVD1                     I  
                  INVD12                    ZN  
                  INVD12                     I  
                  INVD16                    ZN  
                  INVD16                     I  
                   INVD2                    ZN  
                   INVD2                     I  
                  INVD20                    ZN  
                  INVD20                     I  
                  INVD24                    ZN  
                  INVD24                     I  
                   INVD3                    ZN  
                   INVD3                     I  
                   INVD4                    ZN  
                   INVD4                     I  
                   INVD6                    ZN  
                   INVD6                     I  
                   INVD8                    ZN  
                   INVD8                     I  
                 IOA21D0                    ZN  
                 IOA21D0                     B  
                 IOA21D0                    A2  
                 IOA21D0                    A1  
                 IOA21D1                    ZN  
                 IOA21D1                     B  
                 IOA21D1                    A2  
                 IOA21D1                    A1  
                 IOA21D2                    ZN  
                 IOA21D2                     B  
                 IOA21D2                    A2  
                 IOA21D2                    A1  
                 IOA21D4                    ZN  
                 IOA21D4                     B  
                 IOA21D4                    A2  
                 IOA21D4                    A1  
                 IOA22D0                    ZN  
                 IOA22D0                    B2  
                 IOA22D0                    B1  
                 IOA22D0                    A2  
                 IOA22D0                    A1  
                 IOA22D1                    ZN  
                 IOA22D1                    B2  
                 IOA22D1                    B1  
                 IOA22D1                    A2  
                 IOA22D1                    A1  
                 IOA22D2                    ZN  
                 IOA22D2                    B2  
                 IOA22D2                    B1  
                 IOA22D2                    A2  
                 IOA22D2                    A1  
                 IOA22D4                    ZN  
                 IOA22D4                    B2  
                 IOA22D4                    B1  
                 IOA22D4                    A2  
                 IOA22D4                    A1  
                 ISOHID1                     I  
                 ISOHID1                   ISO  
                 ISOHID1                     Z  
                 ISOHID2                     I  
                 ISOHID2                   ISO  
                 ISOHID2                     Z  
                 ISOHID4                     I  
                 ISOHID4                   ISO  
                 ISOHID4                     Z  
                 ISOHID8                     I  
                 ISOHID8                   ISO  
                 ISOHID8                     Z  
                 ISOLOD1                     I  
                 ISOLOD1                   ISO  
                 ISOLOD1                     Z  
                 ISOLOD2                     I  
                 ISOLOD2                   ISO  
                 ISOLOD2                     Z  
                 ISOLOD4                     I  
                 ISOLOD4                   ISO  
                 ISOLOD4                     Z  
                 ISOLOD8                     I  
                 ISOLOD8                   ISO  
                 ISOLOD8                     Z  
                  LHCND1                    QN  
                  LHCND1                     Q  
                  LHCND1                     E  
                  LHCND1                     D  
                  LHCND1                   CDN  
                  LHCND2                    QN  
                  LHCND2                     Q  
                  LHCND2                     E  
                  LHCND2                     D  
                  LHCND2                   CDN  
                  LHCND4                    QN  
                  LHCND4                     Q  
                  LHCND4                     E  
                  LHCND4                     D  
                  LHCND4                   CDN  
                 LHCNDD1                    QN  
                 LHCNDD1                     Q  
                 LHCNDD1                     E  
                 LHCNDD1                     D  
                 LHCNDD1                   CDN  
                 LHCNDD2                    QN  
                 LHCNDD2                     Q  
                 LHCNDD2                     E  
                 LHCNDD2                     D  
                 LHCNDD2                   CDN  
                 LHCNDD4                    QN  
                 LHCNDD4                     Q  
                 LHCNDD4                     E  
                 LHCNDD4                     D  
                 LHCNDD4                   CDN  
                LHCNDQD1                     Q  
                LHCNDQD1                     E  
                LHCNDQD1                     D  
                LHCNDQD1                   CDN  
                LHCNDQD2                     Q  
                LHCNDQD2                     E  
                LHCNDQD2                     D  
                LHCNDQD2                   CDN  
                LHCNDQD4                     Q  
                LHCNDQD4                     E  
                LHCNDQD4                     D  
                LHCNDQD4                   CDN  
                 LHCNQD1                     Q  
                 LHCNQD1                     E  
                 LHCNQD1                     D  
                 LHCNQD1                   CDN  
                 LHCNQD2                     Q  
                 LHCNQD2                     E  
                 LHCNQD2                     D  
                 LHCNQD2                   CDN  
                 LHCNQD4                     Q  
                 LHCNQD4                     E  
                 LHCNQD4                     D  
                 LHCNQD4                   CDN  
                 LHCSND1                   SDN  
                 LHCSND1                    QN  
                 LHCSND1                     Q  
                 LHCSND1                     E  
                 LHCSND1                     D  
                 LHCSND1                   CDN  
                 LHCSND2                   SDN  
                 LHCSND2                    QN  
                 LHCSND2                     Q  
                 LHCSND2                     E  
                 LHCSND2                     D  
                 LHCSND2                   CDN  
                 LHCSND4                   SDN  
                 LHCSND4                    QN  
                 LHCSND4                     Q  
                 LHCSND4                     E  
                 LHCSND4                     D  
                 LHCSND4                   CDN  
                LHCSNDD1                   SDN  
                LHCSNDD1                    QN  
                LHCSNDD1                     Q  
                LHCSNDD1                     E  
                LHCSNDD1                     D  
                LHCSNDD1                   CDN  
                LHCSNDD2                   SDN  
                LHCSNDD2                    QN  
                LHCSNDD2                     Q  
                LHCSNDD2                     E  
                LHCSNDD2                     D  
                LHCSNDD2                   CDN  
                LHCSNDD4                   SDN  
                LHCSNDD4                    QN  
                LHCSNDD4                     Q  
                LHCSNDD4                     E  
                LHCSNDD4                     D  
                LHCSNDD4                   CDN  
               LHCSNDQD1                   SDN  
               LHCSNDQD1                     Q  
               LHCSNDQD1                     E  
               LHCSNDQD1                     D  
               LHCSNDQD1                   CDN  
               LHCSNDQD2                   SDN  
               LHCSNDQD2                     Q  
               LHCSNDQD2                     E  
               LHCSNDQD2                     D  
               LHCSNDQD2                   CDN  
               LHCSNDQD4                   SDN  
               LHCSNDQD4                     Q  
               LHCSNDQD4                     E  
               LHCSNDQD4                     D  
               LHCSNDQD4                   CDN  
                LHCSNQD1                   SDN  
                LHCSNQD1                     Q  
                LHCSNQD1                     E  
                LHCSNQD1                     D  
                LHCSNQD1                   CDN  
                LHCSNQD2                   SDN  
                LHCSNQD2                     Q  
                LHCSNQD2                     E  
                LHCSNQD2                     D  
                LHCSNQD2                   CDN  
                LHCSNQD4                   SDN  
                LHCSNQD4                     Q  
                LHCSNQD4                     E  
                LHCSNQD4                     D  
                LHCSNQD4                   CDN  
                    LHD1                    QN  
                    LHD1                     Q  
                    LHD1                     E  
                    LHD1                     D  
                    LHD2                    QN  
                    LHD2                     Q  
                    LHD2                     E  
                    LHD2                     D  
                    LHD4                    QN  
                    LHD4                     Q  
                    LHD4                     E  
                    LHD4                     D  
                   LHQD1                     Q  
                   LHQD1                     E  
                   LHQD1                     D  
                   LHQD2                     Q  
                   LHQD2                     E  
                   LHQD2                     D  
                   LHQD4                     Q  
                   LHQD4                     E  
                   LHQD4                     D  
                  LHSND1                   SDN  
                  LHSND1                    QN  
                  LHSND1                     Q  
                  LHSND1                     E  
                  LHSND1                     D  
                  LHSND2                   SDN  
                  LHSND2                    QN  
                  LHSND2                     Q  
                  LHSND2                     E  
                  LHSND2                     D  
                  LHSND4                   SDN  
                  LHSND4                    QN  
                  LHSND4                     Q  
                  LHSND4                     E  
                  LHSND4                     D  
                 LHSNDD1                   SDN  
                 LHSNDD1                    QN  
                 LHSNDD1                     Q  
                 LHSNDD1                     E  
                 LHSNDD1                     D  
                 LHSNDD2                   SDN  
                 LHSNDD2                    QN  
                 LHSNDD2                     Q  
                 LHSNDD2                     E  
                 LHSNDD2                     D  
                 LHSNDD4                   SDN  
                 LHSNDD4                    QN  
                 LHSNDD4                     Q  
                 LHSNDD4                     E  
                 LHSNDD4                     D  
                LHSNDQD1                   SDN  
                LHSNDQD1                     Q  
                LHSNDQD1                     E  
                LHSNDQD1                     D  
                LHSNDQD2                   SDN  
                LHSNDQD2                     Q  
                LHSNDQD2                     E  
                LHSNDQD2                     D  
                LHSNDQD4                   SDN  
                LHSNDQD4                     Q  
                LHSNDQD4                     E  
                LHSNDQD4                     D  
                 LHSNQD1                   SDN  
                 LHSNQD1                     Q  
                 LHSNQD1                     E  
                 LHSNQD1                     D  
                 LHSNQD2                   SDN  
                 LHSNQD2                     Q  
                 LHSNQD2                     E  
                 LHSNQD2                     D  
                 LHSNQD4                   SDN  
                 LHSNQD4                     Q  
                 LHSNQD4                     E  
                 LHSNQD4                     D  
                  LNCND1                    QN  
                  LNCND1                     Q  
                  LNCND1                    EN  
                  LNCND1                     D  
                  LNCND1                   CDN  
                  LNCND2                    QN  
                  LNCND2                     Q  
                  LNCND2                    EN  
                  LNCND2                     D  
                  LNCND2                   CDN  
                  LNCND4                    QN  
                  LNCND4                     Q  
                  LNCND4                    EN  
                  LNCND4                     D  
                  LNCND4                   CDN  
                 LNCNDD1                    QN  
                 LNCNDD1                     Q  
                 LNCNDD1                    EN  
                 LNCNDD1                     D  
                 LNCNDD1                   CDN  
                 LNCNDD2                    QN  
                 LNCNDD2                     Q  
                 LNCNDD2                    EN  
                 LNCNDD2                     D  
                 LNCNDD2                   CDN  
                 LNCNDD4                    QN  
                 LNCNDD4                     Q  
                 LNCNDD4                    EN  
                 LNCNDD4                     D  
                 LNCNDD4                   CDN  
                LNCNDQD1                     Q  
                LNCNDQD1                    EN  
                LNCNDQD1                     D  
                LNCNDQD1                   CDN  
                LNCNDQD2                     Q  
                LNCNDQD2                    EN  
                LNCNDQD2                     D  
                LNCNDQD2                   CDN  
                LNCNDQD4                     Q  
                LNCNDQD4                    EN  
                LNCNDQD4                     D  
                LNCNDQD4                   CDN  
                 LNCNQD1                     Q  
                 LNCNQD1                    EN  
                 LNCNQD1                     D  
                 LNCNQD1                   CDN  
                 LNCNQD2                     Q  
                 LNCNQD2                    EN  
                 LNCNQD2                     D  
                 LNCNQD2                   CDN  
                 LNCNQD4                     Q  
                 LNCNQD4                    EN  
                 LNCNQD4                     D  
                 LNCNQD4                   CDN  
                 LNCSND1                   SDN  
                 LNCSND1                    QN  
                 LNCSND1                     Q  
                 LNCSND1                    EN  
                 LNCSND1                     D  
                 LNCSND1                   CDN  
                 LNCSND2                   SDN  
                 LNCSND2                    QN  
                 LNCSND2                     Q  
                 LNCSND2                    EN  
                 LNCSND2                     D  
                 LNCSND2                   CDN  
                 LNCSND4                   SDN  
                 LNCSND4                    QN  
                 LNCSND4                     Q  
                 LNCSND4                    EN  
                 LNCSND4                     D  
                 LNCSND4                   CDN  
                LNCSNDD1                   SDN  
                LNCSNDD1                    QN  
                LNCSNDD1                     Q  
                LNCSNDD1                    EN  
                LNCSNDD1                     D  
                LNCSNDD1                   CDN  
                LNCSNDD2                   SDN  
                LNCSNDD2                    QN  
                LNCSNDD2                     Q  
                LNCSNDD2                    EN  
                LNCSNDD2                     D  
                LNCSNDD2                   CDN  
                LNCSNDD4                   SDN  
                LNCSNDD4                    QN  
                LNCSNDD4                     Q  
                LNCSNDD4                    EN  
                LNCSNDD4                     D  
                LNCSNDD4                   CDN  
               LNCSNDQD1                   SDN  
               LNCSNDQD1                     Q  
               LNCSNDQD1                    EN  
               LNCSNDQD1                     D  
               LNCSNDQD1                   CDN  
               LNCSNDQD2                   SDN  
               LNCSNDQD2                     Q  
               LNCSNDQD2                    EN  
               LNCSNDQD2                     D  
               LNCSNDQD2                   CDN  
               LNCSNDQD4                   SDN  
               LNCSNDQD4                     Q  
               LNCSNDQD4                    EN  
               LNCSNDQD4                     D  
               LNCSNDQD4                   CDN  
                LNCSNQD1                   SDN  
                LNCSNQD1                     Q  
                LNCSNQD1                    EN  
                LNCSNQD1                     D  
                LNCSNQD1                   CDN  
                LNCSNQD2                   SDN  
                LNCSNQD2                     Q  
                LNCSNQD2                    EN  
                LNCSNQD2                     D  
                LNCSNQD2                   CDN  
                LNCSNQD4                   SDN  
                LNCSNQD4                     Q  
                LNCSNQD4                    EN  
                LNCSNQD4                     D  
                LNCSNQD4                   CDN  
                    LND1                    QN  
                    LND1                     Q  
                    LND1                    EN  
                    LND1                     D  
                    LND2                    QN  
                    LND2                     Q  
                    LND2                    EN  
                    LND2                     D  
                    LND4                    QN  
                    LND4                     Q  
                    LND4                    EN  
                    LND4                     D  
                   LNQD1                     Q  
                   LNQD1                    EN  
                   LNQD1                     D  
                   LNQD2                     Q  
                   LNQD2                    EN  
                   LNQD2                     D  
                   LNQD4                     Q  
                   LNQD4                    EN  
                   LNQD4                     D  
                  LNSND1                   SDN  
                  LNSND1                    QN  
                  LNSND1                     Q  
                  LNSND1                    EN  
                  LNSND1                     D  
                  LNSND2                   SDN  
                  LNSND2                    QN  
                  LNSND2                     Q  
                  LNSND2                    EN  
                  LNSND2                     D  
                  LNSND4                   SDN  
                  LNSND4                    QN  
                  LNSND4                     Q  
                  LNSND4                    EN  
                  LNSND4                     D  
                 LNSNDD1                   SDN  
                 LNSNDD1                    QN  
                 LNSNDD1                     Q  
                 LNSNDD1                    EN  
                 LNSNDD1                     D  
                 LNSNDD2                   SDN  
                 LNSNDD2                    QN  
                 LNSNDD2                     Q  
                 LNSNDD2                    EN  
                 LNSNDD2                     D  
                 LNSNDD4                   SDN  
                 LNSNDD4                    QN  
                 LNSNDD4                     Q  
                 LNSNDD4                    EN  
                 LNSNDD4                     D  
                LNSNDQD1                   SDN  
                LNSNDQD1                     Q  
                LNSNDQD1                    EN  
                LNSNDQD1                     D  
                LNSNDQD2                   SDN  
                LNSNDQD2                     Q  
                LNSNDQD2                    EN  
                LNSNDQD2                     D  
                LNSNDQD4                   SDN  
                LNSNDQD4                     Q  
                LNSNDQD4                    EN  
                LNSNDQD4                     D  
                 LNSNQD1                   SDN  
                 LNSNQD1                     Q  
                 LNSNQD1                    EN  
                 LNSNQD1                     D  
                 LNSNQD2                   SDN  
                 LNSNQD2                     Q  
                 LNSNQD2                    EN  
                 LNSNQD2                     D  
                 LNSNQD4                   SDN  
                 LNSNQD4                     Q  
                 LNSNQD4                    EN  
                 LNSNQD4                     D  
                 LVLHLD1                     I  
                 LVLHLD1                     Z  
                 LVLHLD2                     I  
                 LVLHLD2                     Z  
                 LVLHLD4                     I  
                 LVLHLD4                     Z  
                 LVLHLD8                     I  
                 LVLHLD8                     Z  
                LVLLHCD1                     I  
                LVLLHCD1                NSLEEP  
                LVLLHCD1                     Z  
                LVLLHCD2                     I  
                LVLLHCD2                NSLEEP  
                LVLLHCD2                     Z  
                LVLLHCD4                     I  
                LVLLHCD4                NSLEEP  
                LVLLHCD4                     Z  
                LVLLHCD8                     I  
                LVLLHCD8                NSLEEP  
                LVLLHCD8                     Z  
                 LVLLHD1                     I  
                 LVLLHD1                     Z  
                 LVLLHD2                     I  
                 LVLLHD2                     Z  
                 LVLLHD4                     I  
                 LVLLHD4                     Z  
                 LVLLHD8                     I  
                 LVLLHD8                     Z  
               MAOI222D0                    ZN  
               MAOI222D0                     C  
               MAOI222D0                     B  
               MAOI222D0                     A  
               MAOI222D1                    ZN  
               MAOI222D1                     C  
               MAOI222D1                     B  
               MAOI222D1                     A  
               MAOI222D2                    ZN  
               MAOI222D2                     C  
               MAOI222D2                     B  
               MAOI222D2                     A  
               MAOI222D4                    ZN  
               MAOI222D4                     C  
               MAOI222D4                     B  
               MAOI222D4                     A  
                MAOI22D0                    ZN  
                MAOI22D0                    B2  
                MAOI22D0                    B1  
                MAOI22D0                    A2  
                MAOI22D0                    A1  
                MAOI22D1                    ZN  
                MAOI22D1                    B2  
                MAOI22D1                    B1  
                MAOI22D1                    A2  
                MAOI22D1                    A1  
                MAOI22D2                    ZN  
                MAOI22D2                    B2  
                MAOI22D2                    B1  
                MAOI22D2                    A2  
                MAOI22D2                    A1  
                MAOI22D4                    ZN  
                MAOI22D4                    B2  
                MAOI22D4                    B1  
                MAOI22D4                    A2  
                MAOI22D4                    A1  
                MOAI22D0                    ZN  
                MOAI22D0                    B2  
                MOAI22D0                    B1  
                MOAI22D0                    A2  
                MOAI22D0                    A1  
                MOAI22D1                    ZN  
                MOAI22D1                    B2  
                MOAI22D1                    B1  
                MOAI22D1                    A2  
                MOAI22D1                    A1  
                MOAI22D2                    ZN  
                MOAI22D2                    B2  
                MOAI22D2                    B1  
                MOAI22D2                    A2  
                MOAI22D2                    A1  
                MOAI22D4                    ZN  
                MOAI22D4                    B2  
                MOAI22D4                    B1  
                MOAI22D4                    A2  
                MOAI22D4                    A1  
                  MUX2D0                     Z  
                  MUX2D0                     S  
                  MUX2D0                    I1  
                  MUX2D0                    I0  
                  MUX2D1                     Z  
                  MUX2D1                     S  
                  MUX2D1                    I1  
                  MUX2D1                    I0  
                  MUX2D2                     Z  
                  MUX2D2                     S  
                  MUX2D2                    I1  
                  MUX2D2                    I0  
                  MUX2D4                     Z  
                  MUX2D4                     S  
                  MUX2D4                    I1  
                  MUX2D4                    I0  
                 MUX2ND0                    ZN  
                 MUX2ND0                     S  
                 MUX2ND0                    I1  
                 MUX2ND0                    I0  
                 MUX2ND1                    ZN  
                 MUX2ND1                     S  
                 MUX2ND1                    I1  
                 MUX2ND1                    I0  
                 MUX2ND2                    ZN  
                 MUX2ND2                     S  
                 MUX2ND2                    I1  
                 MUX2ND2                    I0  
                 MUX2ND4                    ZN  
                 MUX2ND4                     S  
                 MUX2ND4                    I1  
                 MUX2ND4                    I0  
                  MUX3D0                     Z  
                  MUX3D0                    S1  
                  MUX3D0                    S0  
                  MUX3D0                    I2  
                  MUX3D0                    I1  
                  MUX3D0                    I0  
                  MUX3D1                     Z  
                  MUX3D1                    S1  
                  MUX3D1                    S0  
                  MUX3D1                    I2  
                  MUX3D1                    I1  
                  MUX3D1                    I0  
                  MUX3D2                     Z  
                  MUX3D2                    S1  
                  MUX3D2                    S0  
                  MUX3D2                    I2  
                  MUX3D2                    I1  
                  MUX3D2                    I0  
                  MUX3D4                     Z  
                  MUX3D4                    S1  
                  MUX3D4                    S0  
                  MUX3D4                    I2  
                  MUX3D4                    I1  
                  MUX3D4                    I0  
                 MUX3ND0                    ZN  
                 MUX3ND0                    S1  
                 MUX3ND0                    S0  
                 MUX3ND0                    I2  
                 MUX3ND0                    I1  
                 MUX3ND0                    I0  
                 MUX3ND1                    ZN  
                 MUX3ND1                    S1  
                 MUX3ND1                    S0  
                 MUX3ND1                    I2  
                 MUX3ND1                    I1  
                 MUX3ND1                    I0  
                 MUX3ND2                    ZN  
                 MUX3ND2                    S1  
                 MUX3ND2                    S0  
                 MUX3ND2                    I2  
                 MUX3ND2                    I1  
                 MUX3ND2                    I0  
                 MUX3ND4                    ZN  
                 MUX3ND4                    S1  
                 MUX3ND4                    S0  
                 MUX3ND4                    I2  
                 MUX3ND4                    I1  
                 MUX3ND4                    I0  
                  MUX4D0                     Z  
                  MUX4D0                    S1  
                  MUX4D0                    S0  
                  MUX4D0                    I3  
                  MUX4D0                    I2  
                  MUX4D0                    I1  
                  MUX4D0                    I0  
                  MUX4D1                     Z  
                  MUX4D1                    S1  
                  MUX4D1                    S0  
                  MUX4D1                    I3  
                  MUX4D1                    I2  
                  MUX4D1                    I1  
                  MUX4D1                    I0  
                  MUX4D2                     Z  
                  MUX4D2                    S1  
                  MUX4D2                    S0  
                  MUX4D2                    I3  
                  MUX4D2                    I2  
                  MUX4D2                    I1  
                  MUX4D2                    I0  
                  MUX4D4                     Z  
                  MUX4D4                    S1  
                  MUX4D4                    S0  
                  MUX4D4                    I3  
                  MUX4D4                    I2  
                  MUX4D4                    I1  
                  MUX4D4                    I0  
                 MUX4ND0                    ZN  
                 MUX4ND0                    S1  
                 MUX4ND0                    S0  
                 MUX4ND0                    I3  
                 MUX4ND0                    I2  
                 MUX4ND0                    I1  
                 MUX4ND0                    I0  
                 MUX4ND1                    ZN  
                 MUX4ND1                    S1  
                 MUX4ND1                    S0  
                 MUX4ND1                    I3  
                 MUX4ND1                    I2  
                 MUX4ND1                    I1  
                 MUX4ND1                    I0  
                 MUX4ND2                    ZN  
                 MUX4ND2                    S1  
                 MUX4ND2                    S0  
                 MUX4ND2                    I3  
                 MUX4ND2                    I2  
                 MUX4ND2                    I1  
                 MUX4ND2                    I0  
                 MUX4ND4                    ZN  
                 MUX4ND4                    S1  
                 MUX4ND4                    S0  
                 MUX4ND4                    I3  
                 MUX4ND4                    I2  
                 MUX4ND4                    I1  
                 MUX4ND4                    I0  
                   ND2D0                    ZN  
                   ND2D0                    A2  
                   ND2D0                    A1  
                   ND2D1                    ZN  
                   ND2D1                    A2  
                   ND2D1                    A1  
                   ND2D2                    ZN  
                   ND2D2                    A2  
                   ND2D2                    A1  
                   ND2D3                    ZN  
                   ND2D3                    A2  
                   ND2D3                    A1  
                   ND2D4                    ZN  
                   ND2D4                    A2  
                   ND2D4                    A1  
                   ND2D8                    ZN  
                   ND2D8                    A2  
                   ND2D8                    A1  
                   ND3D0                    ZN  
                   ND3D0                    A3  
                   ND3D0                    A2  
                   ND3D0                    A1  
                   ND3D1                    ZN  
                   ND3D1                    A3  
                   ND3D1                    A2  
                   ND3D1                    A1  
                   ND3D2                    ZN  
                   ND3D2                    A3  
                   ND3D2                    A2  
                   ND3D2                    A1  
                   ND3D3                    ZN  
                   ND3D3                    A3  
                   ND3D3                    A2  
                   ND3D3                    A1  
                   ND3D4                    ZN  
                   ND3D4                    A3  
                   ND3D4                    A2  
                   ND3D4                    A1  
                   ND3D8                    ZN  
                   ND3D8                    A3  
                   ND3D8                    A2  
                   ND3D8                    A1  
                   ND4D0                    ZN  
                   ND4D0                    A4  
                   ND4D0                    A3  
                   ND4D0                    A2  
                   ND4D0                    A1  
                   ND4D1                    ZN  
                   ND4D1                    A4  
                   ND4D1                    A3  
                   ND4D1                    A2  
                   ND4D1                    A1  
                   ND4D2                    ZN  
                   ND4D2                    A4  
                   ND4D2                    A3  
                   ND4D2                    A2  
                   ND4D2                    A1  
                   ND4D3                    ZN  
                   ND4D3                    A4  
                   ND4D3                    A3  
                   ND4D3                    A2  
                   ND4D3                    A1  
                   ND4D4                    ZN  
                   ND4D4                    A4  
                   ND4D4                    A3  
                   ND4D4                    A2  
                   ND4D4                    A1  
                   ND4D8                    ZN  
                   ND4D8                    A4  
                   ND4D8                    A3  
                   ND4D8                    A2  
                   ND4D8                    A1  
                   NR2D0                    ZN  
                   NR2D0                    A2  
                   NR2D0                    A1  
                   NR2D1                    ZN  
                   NR2D1                    A2  
                   NR2D1                    A1  
                   NR2D2                    ZN  
                   NR2D2                    A2  
                   NR2D2                    A1  
                   NR2D3                    ZN  
                   NR2D3                    A2  
                   NR2D3                    A1  
                   NR2D4                    ZN  
                   NR2D4                    A2  
                   NR2D4                    A1  
                   NR2D8                    ZN  
                   NR2D8                    A2  
                   NR2D8                    A1  
                  NR2XD0                    ZN  
                  NR2XD0                    A2  
                  NR2XD0                    A1  
                  NR2XD1                    ZN  
                  NR2XD1                    A2  
                  NR2XD1                    A1  
                  NR2XD2                    ZN  
                  NR2XD2                    A2  
                  NR2XD2                    A1  
                  NR2XD3                    ZN  
                  NR2XD3                    A2  
                  NR2XD3                    A1  
                  NR2XD4                    ZN  
                  NR2XD4                    A2  
                  NR2XD4                    A1  
                  NR2XD8                    ZN  
                  NR2XD8                    A2  
                  NR2XD8                    A1  
                   NR3D0                    ZN  
                   NR3D0                    A3  
                   NR3D0                    A2  
                   NR3D0                    A1  
                   NR3D1                    ZN  
                   NR3D1                    A3  
                   NR3D1                    A2  
                   NR3D1                    A1  
                   NR3D2                    ZN  
                   NR3D2                    A3  
                   NR3D2                    A2  
                   NR3D2                    A1  
                   NR3D3                    ZN  
                   NR3D3                    A3  
                   NR3D3                    A2  
                   NR3D3                    A1  
                   NR3D4                    ZN  
                   NR3D4                    A3  
                   NR3D4                    A2  
                   NR3D4                    A1  
                   NR3D8                    ZN  
                   NR3D8                    A3  
                   NR3D8                    A2  
                   NR3D8                    A1  
                   NR4D0                    ZN  
                   NR4D0                    A4  
                   NR4D0                    A3  
                   NR4D0                    A2  
                   NR4D0                    A1  
                   NR4D1                    ZN  
                   NR4D1                    A4  
                   NR4D1                    A3  
                   NR4D1                    A2  
                   NR4D1                    A1  
                   NR4D2                    ZN  
                   NR4D2                    A4  
                   NR4D2                    A3  
                   NR4D2                    A2  
                   NR4D2                    A1  
                   NR4D3                    ZN  
                   NR4D3                    A4  
                   NR4D3                    A3  
                   NR4D3                    A2  
                   NR4D3                    A1  
                   NR4D4                    ZN  
                   NR4D4                    A4  
                   NR4D4                    A3  
                   NR4D4                    A2  
                   NR4D4                    A1  
                   NR4D8                    ZN  
                   NR4D8                    A4  
                   NR4D8                    A3  
                   NR4D8                    A2  
                   NR4D8                    A1  
                 OA211D0                     Z  
                 OA211D0                     C  
                 OA211D0                     B  
                 OA211D0                    A2  
                 OA211D0                    A1  
                 OA211D1                     Z  
                 OA211D1                     C  
                 OA211D1                     B  
                 OA211D1                    A2  
                 OA211D1                    A1  
                 OA211D2                     Z  
                 OA211D2                     C  
                 OA211D2                     B  
                 OA211D2                    A2  
                 OA211D2                    A1  
                 OA211D4                     Z  
                 OA211D4                     C  
                 OA211D4                     B  
                 OA211D4                    A2  
                 OA211D4                    A1  
                  OA21D0                     Z  
                  OA21D0                     B  
                  OA21D0                    A2  
                  OA21D0                    A1  
                  OA21D1                     Z  
                  OA21D1                     B  
                  OA21D1                    A2  
                  OA21D1                    A1  
                  OA21D2                     Z  
                  OA21D2                     B  
                  OA21D2                    A2  
                  OA21D2                    A1  
                  OA21D4                     Z  
                  OA21D4                     B  
                  OA21D4                    A2  
                  OA21D4                    A1  
                 OA221D0                     Z  
                 OA221D0                     C  
                 OA221D0                    B2  
                 OA221D0                    B1  
                 OA221D0                    A2  
                 OA221D0                    A1  
                 OA221D1                     Z  
                 OA221D1                     C  
                 OA221D1                    B2  
                 OA221D1                    B1  
                 OA221D1                    A2  
                 OA221D1                    A1  
                 OA221D2                     Z  
                 OA221D2                     C  
                 OA221D2                    B2  
                 OA221D2                    B1  
                 OA221D2                    A2  
                 OA221D2                    A1  
                 OA221D4                     Z  
                 OA221D4                     C  
                 OA221D4                    B2  
                 OA221D4                    B1  
                 OA221D4                    A2  
                 OA221D4                    A1  
                 OA222D0                     Z  
                 OA222D0                    C2  
                 OA222D0                    C1  
                 OA222D0                    B2  
                 OA222D0                    B1  
                 OA222D0                    A2  
                 OA222D0                    A1  
                 OA222D1                     Z  
                 OA222D1                    C2  
                 OA222D1                    C1  
                 OA222D1                    B2  
                 OA222D1                    B1  
                 OA222D1                    A2  
                 OA222D1                    A1  
                 OA222D2                     Z  
                 OA222D2                    C2  
                 OA222D2                    C1  
                 OA222D2                    B2  
                 OA222D2                    B1  
                 OA222D2                    A2  
                 OA222D2                    A1  
                 OA222D4                     Z  
                 OA222D4                    C2  
                 OA222D4                    C1  
                 OA222D4                    B2  
                 OA222D4                    B1  
                 OA222D4                    A2  
                 OA222D4                    A1  
                  OA22D0                     Z  
                  OA22D0                    B2  
                  OA22D0                    B1  
                  OA22D0                    A2  
                  OA22D0                    A1  
                  OA22D1                     Z  
                  OA22D1                    B2  
                  OA22D1                    B1  
                  OA22D1                    A2  
                  OA22D1                    A1  
                  OA22D2                     Z  
                  OA22D2                    B2  
                  OA22D2                    B1  
                  OA22D2                    A2  
                  OA22D2                    A1  
                  OA22D4                     Z  
                  OA22D4                    B2  
                  OA22D4                    B1  
                  OA22D4                    A2  
                  OA22D4                    A1  
                  OA31D0                     Z  
                  OA31D0                     B  
                  OA31D0                    A3  
                  OA31D0                    A2  
                  OA31D0                    A1  
                  OA31D1                     Z  
                  OA31D1                     B  
                  OA31D1                    A3  
                  OA31D1                    A2  
                  OA31D1                    A1  
                  OA31D2                     Z  
                  OA31D2                     B  
                  OA31D2                    A3  
                  OA31D2                    A2  
                  OA31D2                    A1  
                  OA31D4                     Z  
                  OA31D4                     B  
                  OA31D4                    A3  
                  OA31D4                    A2  
                  OA31D4                    A1  
                  OA32D0                     Z  
                  OA32D0                    B2  
                  OA32D0                    B1  
                  OA32D0                    A3  
                  OA32D0                    A2  
                  OA32D0                    A1  
                  OA32D1                     Z  
                  OA32D1                    B2  
                  OA32D1                    B1  
                  OA32D1                    A3  
                  OA32D1                    A2  
                  OA32D1                    A1  
                  OA32D2                     Z  
                  OA32D2                    B2  
                  OA32D2                    B1  
                  OA32D2                    A3  
                  OA32D2                    A2  
                  OA32D2                    A1  
                  OA32D4                     Z  
                  OA32D4                    B2  
                  OA32D4                    B1  
                  OA32D4                    A3  
                  OA32D4                    A2  
                  OA32D4                    A1  
                  OA33D0                     Z  
                  OA33D0                    B3  
                  OA33D0                    B2  
                  OA33D0                    B1  
                  OA33D0                    A3  
                  OA33D0                    A2  
                  OA33D0                    A1  
                  OA33D1                     Z  
                  OA33D1                    B3  
                  OA33D1                    B2  
                  OA33D1                    B1  
                  OA33D1                    A3  
                  OA33D1                    A2  
                  OA33D1                    A1  
                  OA33D2                     Z  
                  OA33D2                    B3  
                  OA33D2                    B2  
                  OA33D2                    B1  
                  OA33D2                    A3  
                  OA33D2                    A2  
                  OA33D2                    A1  
                  OA33D4                     Z  
                  OA33D4                    B3  
                  OA33D4                    B2  
                  OA33D4                    B1  
                  OA33D4                    A3  
                  OA33D4                    A2  
                  OA33D4                    A1  
                OAI211D0                    ZN  
                OAI211D0                     C  
                OAI211D0                     B  
                OAI211D0                    A2  
                OAI211D0                    A1  
                OAI211D1                    ZN  
                OAI211D1                     C  
                OAI211D1                     B  
                OAI211D1                    A2  
                OAI211D1                    A1  
                OAI211D2                    ZN  
                OAI211D2                     C  
                OAI211D2                     B  
                OAI211D2                    A2  
                OAI211D2                    A1  
                OAI211D4                    ZN  
                OAI211D4                     C  
                OAI211D4                     B  
                OAI211D4                    A2  
                OAI211D4                    A1  
                 OAI21D0                    ZN  
                 OAI21D0                     B  
                 OAI21D0                    A2  
                 OAI21D0                    A1  
                 OAI21D1                    ZN  
                 OAI21D1                     B  
                 OAI21D1                    A2  
                 OAI21D1                    A1  
                 OAI21D2                    ZN  
                 OAI21D2                     B  
                 OAI21D2                    A2  
                 OAI21D2                    A1  
                 OAI21D4                    ZN  
                 OAI21D4                     B  
                 OAI21D4                    A2  
                 OAI21D4                    A1  
                OAI221D0                    ZN  
                OAI221D0                     C  
                OAI221D0                    B2  
                OAI221D0                    B1  
                OAI221D0                    A2  
                OAI221D0                    A1  
                OAI221D1                    ZN  
                OAI221D1                     C  
                OAI221D1                    B2  
                OAI221D1                    B1  
                OAI221D1                    A2  
                OAI221D1                    A1  
                OAI221D2                    ZN  
                OAI221D2                     C  
                OAI221D2                    B2  
                OAI221D2                    B1  
                OAI221D2                    A2  
                OAI221D2                    A1  
                OAI221D4                    ZN  
                OAI221D4                     C  
                OAI221D4                    B2  
                OAI221D4                    B1  
                OAI221D4                    A2  
                OAI221D4                    A1  
               OAI221XD4                    ZN  
               OAI221XD4                     C  
               OAI221XD4                    B2  
               OAI221XD4                    B1  
               OAI221XD4                    A2  
               OAI221XD4                    A1  
                OAI222D0                    ZN  
                OAI222D0                    C2  
                OAI222D0                    C1  
                OAI222D0                    B2  
                OAI222D0                    B1  
                OAI222D0                    A2  
                OAI222D0                    A1  
                OAI222D1                    ZN  
                OAI222D1                    C2  
                OAI222D1                    C1  
                OAI222D1                    B2  
                OAI222D1                    B1  
                OAI222D1                    A2  
                OAI222D1                    A1  
                OAI222D2                    ZN  
                OAI222D2                    C2  
                OAI222D2                    C1  
                OAI222D2                    B2  
                OAI222D2                    B1  
                OAI222D2                    A2  
                OAI222D2                    A1  
                OAI222D4                    ZN  
                OAI222D4                    C2  
                OAI222D4                    C1  
                OAI222D4                    B2  
                OAI222D4                    B1  
                OAI222D4                    A2  
                OAI222D4                    A1  
               OAI222XD4                    ZN  
               OAI222XD4                    C2  
               OAI222XD4                    C1  
               OAI222XD4                    B2  
               OAI222XD4                    B1  
               OAI222XD4                    A2  
               OAI222XD4                    A1  
                 OAI22D0                    ZN  
                 OAI22D0                    B2  
                 OAI22D0                    B1  
                 OAI22D0                    A2  
                 OAI22D0                    A1  
                 OAI22D1                    ZN  
                 OAI22D1                    B2  
                 OAI22D1                    B1  
                 OAI22D1                    A2  
                 OAI22D1                    A1  
                 OAI22D2                    ZN  
                 OAI22D2                    B2  
                 OAI22D2                    B1  
                 OAI22D2                    A2  
                 OAI22D2                    A1  
                 OAI22D4                    ZN  
                 OAI22D4                    B2  
                 OAI22D4                    B1  
                 OAI22D4                    A2  
                 OAI22D4                    A1  
                 OAI31D0                    ZN  
                 OAI31D0                     B  
                 OAI31D0                    A3  
                 OAI31D0                    A2  
                 OAI31D0                    A1  
                 OAI31D1                    ZN  
                 OAI31D1                     B  
                 OAI31D1                    A3  
                 OAI31D1                    A2  
                 OAI31D1                    A1  
                 OAI31D2                    ZN  
                 OAI31D2                     B  
                 OAI31D2                    A3  
                 OAI31D2                    A2  
                 OAI31D2                    A1  
                 OAI31D4                    ZN  
                 OAI31D4                     B  
                 OAI31D4                    A3  
                 OAI31D4                    A2  
                 OAI31D4                    A1  
                 OAI32D0                    ZN  
                 OAI32D0                    B2  
                 OAI32D0                    B1  
                 OAI32D0                    A3  
                 OAI32D0                    A2  
                 OAI32D0                    A1  
                 OAI32D1                    ZN  
                 OAI32D1                    B2  
                 OAI32D1                    B1  
                 OAI32D1                    A3  
                 OAI32D1                    A2  
                 OAI32D1                    A1  
                 OAI32D2                    ZN  
                 OAI32D2                    B2  
                 OAI32D2                    B1  
                 OAI32D2                    A3  
                 OAI32D2                    A2  
                 OAI32D2                    A1  
                 OAI32D4                    ZN  
                 OAI32D4                    B2  
                 OAI32D4                    B1  
                 OAI32D4                    A3  
                 OAI32D4                    A2  
                 OAI32D4                    A1  
                OAI32XD4                    ZN  
                OAI32XD4                    B2  
                OAI32XD4                    B1  
                OAI32XD4                    A3  
                OAI32XD4                    A2  
                OAI32XD4                    A1  
                 OAI33D0                    ZN  
                 OAI33D0                    B3  
                 OAI33D0                    B2  
                 OAI33D0                    B1  
                 OAI33D0                    A3  
                 OAI33D0                    A2  
                 OAI33D0                    A1  
                 OAI33D1                    ZN  
                 OAI33D1                    B3  
                 OAI33D1                    B2  
                 OAI33D1                    B1  
                 OAI33D1                    A3  
                 OAI33D1                    A2  
                 OAI33D1                    A1  
                 OAI33D2                    ZN  
                 OAI33D2                    B3  
                 OAI33D2                    B2  
                 OAI33D2                    B1  
                 OAI33D2                    A3  
                 OAI33D2                    A2  
                 OAI33D2                    A1  
                 OAI33D4                    ZN  
                 OAI33D4                    B3  
                 OAI33D4                    B2  
                 OAI33D4                    B1  
                 OAI33D4                    A3  
                 OAI33D4                    A2  
                 OAI33D4                    A1  
                OAI33XD4                    ZN  
                OAI33XD4                    B3  
                OAI33XD4                    B2  
                OAI33XD4                    B1  
                OAI33XD4                    A3  
                OAI33XD4                    A2  
                OAI33XD4                    A1  
                   OR2D0                     Z  
                   OR2D0                    A2  
                   OR2D0                    A1  
                   OR2D1                     Z  
                   OR2D1                    A2  
                   OR2D1                    A1  
                   OR2D2                     Z  
                   OR2D2                    A2  
                   OR2D2                    A1  
                   OR2D4                     Z  
                   OR2D4                    A2  
                   OR2D4                    A1  
                   OR2D8                     Z  
                   OR2D8                    A2  
                   OR2D8                    A1  
                  OR2XD1                     Z  
                  OR2XD1                    A2  
                  OR2XD1                    A1  
                   OR3D0                     Z  
                   OR3D0                    A3  
                   OR3D0                    A2  
                   OR3D0                    A1  
                   OR3D1                     Z  
                   OR3D1                    A3  
                   OR3D1                    A2  
                   OR3D1                    A1  
                   OR3D2                     Z  
                   OR3D2                    A3  
                   OR3D2                    A2  
                   OR3D2                    A1  
                   OR3D4                     Z  
                   OR3D4                    A3  
                   OR3D4                    A2  
                   OR3D4                    A1  
                   OR3D8                     Z  
                   OR3D8                    A3  
                   OR3D8                    A2  
                   OR3D8                    A1  
                  OR3XD1                     Z  
                  OR3XD1                    A3  
                  OR3XD1                    A2  
                  OR3XD1                    A1  
                   OR4D0                     Z  
                   OR4D0                    A4  
                   OR4D0                    A3  
                   OR4D0                    A2  
                   OR4D0                    A1  
                   OR4D1                     Z  
                   OR4D1                    A4  
                   OR4D1                    A3  
                   OR4D1                    A2  
                   OR4D1                    A1  
                   OR4D2                     Z  
                   OR4D2                    A4  
                   OR4D2                    A3  
                   OR4D2                    A2  
                   OR4D2                    A1  
                   OR4D4                     Z  
                   OR4D4                    A4  
                   OR4D4                    A3  
                   OR4D4                    A2  
                   OR4D4                    A1  
                   OR4D8                     Z  
                   OR4D8                    A4  
                   OR4D8                    A3  
                   OR4D8                    A2  
                   OR4D8                    A1  
                  OR4XD1                     Z  
                  OR4XD1                    A4  
                  OR4XD1                    A3  
                  OR4XD1                    A2  
                  OR4XD1                    A1  
                 SDFCND0                    SI  
                 SDFCND0                    SE  
                 SDFCND0                    QN  
                 SDFCND0                     Q  
                 SDFCND0                     D  
                 SDFCND0                    CP  
                 SDFCND0                   CDN  
                 SDFCND1                    SI  
                 SDFCND1                    SE  
                 SDFCND1                    QN  
                 SDFCND1                     Q  
                 SDFCND1                     D  
                 SDFCND1                    CP  
                 SDFCND1                   CDN  
                 SDFCND2                    SI  
                 SDFCND2                    SE  
                 SDFCND2                    QN  
                 SDFCND2                     Q  
                 SDFCND2                     D  
                 SDFCND2                    CP  
                 SDFCND2                   CDN  
                 SDFCND4                    SI  
                 SDFCND4                    SE  
                 SDFCND4                    QN  
                 SDFCND4                     Q  
                 SDFCND4                     D  
                 SDFCND4                    CP  
                 SDFCND4                   CDN  
                SDFCNQD0                    SI  
                SDFCNQD0                    SE  
                SDFCNQD0                     Q  
                SDFCNQD0                     D  
                SDFCNQD0                    CP  
                SDFCNQD0                   CDN  
                SDFCNQD1                    SI  
                SDFCNQD1                    SE  
                SDFCNQD1                     Q  
                SDFCNQD1                     D  
                SDFCNQD1                    CP  
                SDFCNQD1                   CDN  
                SDFCNQD2                    SI  
                SDFCNQD2                    SE  
                SDFCNQD2                     Q  
                SDFCNQD2                     D  
                SDFCNQD2                    CP  
                SDFCNQD2                   CDN  
                SDFCNQD4                    SI  
                SDFCNQD4                    SE  
                SDFCNQD4                     Q  
                SDFCNQD4                     D  
                SDFCNQD4                    CP  
                SDFCNQD4                   CDN  
                SDFCSND0                    SI  
                SDFCSND0                    SE  
                SDFCSND0                   SDN  
                SDFCSND0                    QN  
                SDFCSND0                     Q  
                SDFCSND0                     D  
                SDFCSND0                    CP  
                SDFCSND0                   CDN  
                SDFCSND1                    SI  
                SDFCSND1                    SE  
                SDFCSND1                   SDN  
                SDFCSND1                    QN  
                SDFCSND1                     Q  
                SDFCSND1                     D  
                SDFCSND1                    CP  
                SDFCSND1                   CDN  
                SDFCSND2                    SI  
                SDFCSND2                    SE  
                SDFCSND2                   SDN  
                SDFCSND2                    QN  
                SDFCSND2                     Q  
                SDFCSND2                     D  
                SDFCSND2                    CP  
                SDFCSND2                   CDN  
                SDFCSND4                    SI  
                SDFCSND4                    SE  
                SDFCSND4                   SDN  
                SDFCSND4                    QN  
                SDFCSND4                     Q  
                SDFCSND4                     D  
                SDFCSND4                    CP  
                SDFCSND4                   CDN  
               SDFCSNQD0                    SI  
               SDFCSNQD0                    SE  
               SDFCSNQD0                   SDN  
               SDFCSNQD0                     Q  
               SDFCSNQD0                     D  
               SDFCSNQD0                    CP  
               SDFCSNQD0                   CDN  
               SDFCSNQD1                    SI  
               SDFCSNQD1                    SE  
               SDFCSNQD1                   SDN  
               SDFCSNQD1                     Q  
               SDFCSNQD1                     D  
               SDFCSNQD1                    CP  
               SDFCSNQD1                   CDN  
               SDFCSNQD2                    SI  
               SDFCSNQD2                    SE  
               SDFCSNQD2                   SDN  
               SDFCSNQD2                     Q  
               SDFCSNQD2                     D  
               SDFCSNQD2                    CP  
               SDFCSNQD2                   CDN  
               SDFCSNQD4                    SI  
               SDFCSNQD4                    SE  
               SDFCSNQD4                   SDN  
               SDFCSNQD4                     Q  
               SDFCSNQD4                     D  
               SDFCSNQD4                    CP  
               SDFCSNQD4                   CDN  
                   SDFD0                    SI  
                   SDFD0                    SE  
                   SDFD0                    QN  
                   SDFD0                     Q  
                   SDFD0                     D  
                   SDFD0                    CP  
                   SDFD1                    SI  
                   SDFD1                    SE  
                   SDFD1                    QN  
                   SDFD1                     Q  
                   SDFD1                     D  
                   SDFD1                    CP  
                   SDFD2                    SI  
                   SDFD2                    SE  
                   SDFD2                    QN  
                   SDFD2                     Q  
                   SDFD2                     D  
                   SDFD2                    CP  
                   SDFD4                    SI  
                   SDFD4                    SE  
                   SDFD4                    QN  
                   SDFD4                     Q  
                   SDFD4                     D  
                   SDFD4                    CP  
                SDFKCND0                    SI  
                SDFKCND0                    SE  
                SDFKCND0                    QN  
                SDFKCND0                     Q  
                SDFKCND0                     D  
                SDFKCND0                    CP  
                SDFKCND0                    CN  
                SDFKCND1                    SI  
                SDFKCND1                    SE  
                SDFKCND1                    QN  
                SDFKCND1                     Q  
                SDFKCND1                     D  
                SDFKCND1                    CP  
                SDFKCND1                    CN  
                SDFKCND2                    SI  
                SDFKCND2                    SE  
                SDFKCND2                    QN  
                SDFKCND2                     Q  
                SDFKCND2                     D  
                SDFKCND2                    CP  
                SDFKCND2                    CN  
                SDFKCND4                    SI  
                SDFKCND4                    SE  
                SDFKCND4                    QN  
                SDFKCND4                     Q  
                SDFKCND4                     D  
                SDFKCND4                    CP  
                SDFKCND4                    CN  
               SDFKCNQD0                    SI  
               SDFKCNQD0                    SE  
               SDFKCNQD0                     Q  
               SDFKCNQD0                     D  
               SDFKCNQD0                    CP  
               SDFKCNQD0                    CN  
               SDFKCNQD1                    SI  
               SDFKCNQD1                    SE  
               SDFKCNQD1                     Q  
               SDFKCNQD1                     D  
               SDFKCNQD1                    CP  
               SDFKCNQD1                    CN  
               SDFKCNQD2                    SI  
               SDFKCNQD2                    SE  
               SDFKCNQD2                     Q  
               SDFKCNQD2                     D  
               SDFKCNQD2                    CP  
               SDFKCNQD2                    CN  
               SDFKCNQD4                    SI  
               SDFKCNQD4                    SE  
               SDFKCNQD4                     Q  
               SDFKCNQD4                     D  
               SDFKCNQD4                    CP  
               SDFKCNQD4                    CN  
               SDFKCSND0                    SN  
               SDFKCSND0                    SI  
               SDFKCSND0                    SE  
               SDFKCSND0                    QN  
               SDFKCSND0                     Q  
               SDFKCSND0                     D  
               SDFKCSND0                    CP  
               SDFKCSND0                    CN  
               SDFKCSND1                    SN  
               SDFKCSND1                    SI  
               SDFKCSND1                    SE  
               SDFKCSND1                    QN  
               SDFKCSND1                     Q  
               SDFKCSND1                     D  
               SDFKCSND1                    CP  
               SDFKCSND1                    CN  
               SDFKCSND2                    SN  
               SDFKCSND2                    SI  
               SDFKCSND2                    SE  
               SDFKCSND2                    QN  
               SDFKCSND2                     Q  
               SDFKCSND2                     D  
               SDFKCSND2                    CP  
               SDFKCSND2                    CN  
               SDFKCSND4                    SN  
               SDFKCSND4                    SI  
               SDFKCSND4                    SE  
               SDFKCSND4                    QN  
               SDFKCSND4                     Q  
               SDFKCSND4                     D  
               SDFKCSND4                    CP  
               SDFKCSND4                    CN  
              SDFKCSNQD0                    SN  
              SDFKCSNQD0                    SI  
              SDFKCSNQD0                    SE  
              SDFKCSNQD0                     Q  
              SDFKCSNQD0                     D  
              SDFKCSNQD0                    CP  
              SDFKCSNQD0                    CN  
              SDFKCSNQD1                    SN  
              SDFKCSNQD1                    SI  
              SDFKCSNQD1                    SE  
              SDFKCSNQD1                     Q  
              SDFKCSNQD1                     D  
              SDFKCSNQD1                    CP  
              SDFKCSNQD1                    CN  
              SDFKCSNQD2                    SN  
              SDFKCSNQD2                    SI  
              SDFKCSNQD2                    SE  
              SDFKCSNQD2                     Q  
              SDFKCSNQD2                     D  
              SDFKCSNQD2                    CP  
              SDFKCSNQD2                    CN  
              SDFKCSNQD4                    SN  
              SDFKCSNQD4                    SI  
              SDFKCSNQD4                    SE  
              SDFKCSNQD4                     Q  
              SDFKCSNQD4                     D  
              SDFKCSNQD4                    CP  
              SDFKCSNQD4                    CN  
                SDFKSND0                    SN  
                SDFKSND0                    SI  
                SDFKSND0                    SE  
                SDFKSND0                    QN  
                SDFKSND0                     Q  
                SDFKSND0                     D  
                SDFKSND0                    CP  
                SDFKSND1                    SN  
                SDFKSND1                    SI  
                SDFKSND1                    SE  
                SDFKSND1                    QN  
                SDFKSND1                     Q  
                SDFKSND1                     D  
                SDFKSND1                    CP  
                SDFKSND2                    SN  
                SDFKSND2                    SI  
                SDFKSND2                    SE  
                SDFKSND2                    QN  
                SDFKSND2                     Q  
                SDFKSND2                     D  
                SDFKSND2                    CP  
                SDFKSND4                    SN  
                SDFKSND4                    SI  
                SDFKSND4                    SE  
                SDFKSND4                    QN  
                SDFKSND4                     Q  
                SDFKSND4                     D  
                SDFKSND4                    CP  
               SDFKSNQD0                    SN  
               SDFKSNQD0                    SI  
               SDFKSNQD0                    SE  
               SDFKSNQD0                     Q  
               SDFKSNQD0                     D  
               SDFKSNQD0                    CP  
               SDFKSNQD1                    SN  
               SDFKSNQD1                    SI  
               SDFKSNQD1                    SE  
               SDFKSNQD1                     Q  
               SDFKSNQD1                     D  
               SDFKSNQD1                    CP  
               SDFKSNQD2                    SN  
               SDFKSNQD2                    SI  
               SDFKSNQD2                    SE  
               SDFKSNQD2                     Q  
               SDFKSNQD2                     D  
               SDFKSNQD2                    CP  
               SDFKSNQD4                    SN  
               SDFKSNQD4                    SI  
               SDFKSNQD4                    SE  
               SDFKSNQD4                     Q  
               SDFKSNQD4                     D  
               SDFKSNQD4                    CP  
                SDFNCND0                    SI  
                SDFNCND0                    SE  
                SDFNCND0                    QN  
                SDFNCND0                     Q  
                SDFNCND0                     D  
                SDFNCND0                   CPN  
                SDFNCND0                   CDN  
                SDFNCND1                    SI  
                SDFNCND1                    SE  
                SDFNCND1                    QN  
                SDFNCND1                     Q  
                SDFNCND1                     D  
                SDFNCND1                   CPN  
                SDFNCND1                   CDN  
                SDFNCND2                    SI  
                SDFNCND2                    SE  
                SDFNCND2                    QN  
                SDFNCND2                     Q  
                SDFNCND2                     D  
                SDFNCND2                   CPN  
                SDFNCND2                   CDN  
                SDFNCND4                    SI  
                SDFNCND4                    SE  
                SDFNCND4                    QN  
                SDFNCND4                     Q  
                SDFNCND4                     D  
                SDFNCND4                   CPN  
                SDFNCND4                   CDN  
               SDFNCSND0                    SI  
               SDFNCSND0                    SE  
               SDFNCSND0                   SDN  
               SDFNCSND0                    QN  
               SDFNCSND0                     Q  
               SDFNCSND0                     D  
               SDFNCSND0                   CPN  
               SDFNCSND0                   CDN  
               SDFNCSND1                    SI  
               SDFNCSND1                    SE  
               SDFNCSND1                   SDN  
               SDFNCSND1                    QN  
               SDFNCSND1                     Q  
               SDFNCSND1                     D  
               SDFNCSND1                   CPN  
               SDFNCSND1                   CDN  
               SDFNCSND2                    SI  
               SDFNCSND2                    SE  
               SDFNCSND2                   SDN  
               SDFNCSND2                    QN  
               SDFNCSND2                     Q  
               SDFNCSND2                     D  
               SDFNCSND2                   CPN  
               SDFNCSND2                   CDN  
               SDFNCSND4                    SI  
               SDFNCSND4                    SE  
               SDFNCSND4                   SDN  
               SDFNCSND4                    QN  
               SDFNCSND4                     Q  
               SDFNCSND4                     D  
               SDFNCSND4                   CPN  
               SDFNCSND4                   CDN  
                  SDFND0                    SI  
                  SDFND0                    SE  
                  SDFND0                    QN  
                  SDFND0                     Q  
                  SDFND0                     D  
                  SDFND0                   CPN  
                  SDFND1                    SI  
                  SDFND1                    SE  
                  SDFND1                    QN  
                  SDFND1                     Q  
                  SDFND1                     D  
                  SDFND1                   CPN  
                  SDFND2                    SI  
                  SDFND2                    SE  
                  SDFND2                    QN  
                  SDFND2                     Q  
                  SDFND2                     D  
                  SDFND2                   CPN  
                  SDFND4                    SI  
                  SDFND4                    SE  
                  SDFND4                    QN  
                  SDFND4                     Q  
                  SDFND4                     D  
                  SDFND4                   CPN  
                SDFNSND0                    SI  
                SDFNSND0                    SE  
                SDFNSND0                   SDN  
                SDFNSND0                    QN  
                SDFNSND0                     Q  
                SDFNSND0                     D  
                SDFNSND0                   CPN  
                SDFNSND1                    SI  
                SDFNSND1                    SE  
                SDFNSND1                   SDN  
                SDFNSND1                    QN  
                SDFNSND1                     Q  
                SDFNSND1                     D  
                SDFNSND1                   CPN  
                SDFNSND2                    SI  
                SDFNSND2                    SE  
                SDFNSND2                   SDN  
                SDFNSND2                    QN  
                SDFNSND2                     Q  
                SDFNSND2                     D  
                SDFNSND2                   CPN  
                SDFNSND4                    SI  
                SDFNSND4                    SE  
                SDFNSND4                   SDN  
                SDFNSND4                    QN  
                SDFNSND4                     Q  
                SDFNSND4                     D  
                SDFNSND4                   CPN  
                  SDFQD0                    SI  
                  SDFQD0                    SE  
                  SDFQD0                     Q  
                  SDFQD0                     D  
                  SDFQD0                    CP  
                  SDFQD1                    SI  
                  SDFQD1                    SE  
                  SDFQD1                     Q  
                  SDFQD1                     D  
                  SDFQD1                    CP  
                  SDFQD2                    SI  
                  SDFQD2                    SE  
                  SDFQD2                     Q  
                  SDFQD2                     D  
                  SDFQD2                    CP  
                  SDFQD4                    SI  
                  SDFQD4                    SE  
                  SDFQD4                     Q  
                  SDFQD4                     D  
                  SDFQD4                    CP  
                 SDFQND0                    SI  
                 SDFQND0                    SE  
                 SDFQND0                    QN  
                 SDFQND0                     D  
                 SDFQND0                    CP  
                 SDFQND1                    SI  
                 SDFQND1                    SE  
                 SDFQND1                    QN  
                 SDFQND1                     D  
                 SDFQND1                    CP  
                 SDFQND2                    SI  
                 SDFQND2                    SE  
                 SDFQND2                    QN  
                 SDFQND2                     D  
                 SDFQND2                    CP  
                 SDFQND4                    SI  
                 SDFQND4                    SE  
                 SDFQND4                    QN  
                 SDFQND4                     D  
                 SDFQND4                    CP  
                 SDFSND0                    SI  
                 SDFSND0                    SE  
                 SDFSND0                   SDN  
                 SDFSND0                    QN  
                 SDFSND0                     Q  
                 SDFSND0                     D  
                 SDFSND0                    CP  
                 SDFSND1                    SI  
                 SDFSND1                    SE  
                 SDFSND1                   SDN  
                 SDFSND1                    QN  
                 SDFSND1                     Q  
                 SDFSND1                     D  
                 SDFSND1                    CP  
                 SDFSND2                    SI  
                 SDFSND2                    SE  
                 SDFSND2                   SDN  
                 SDFSND2                    QN  
                 SDFSND2                     Q  
                 SDFSND2                     D  
                 SDFSND2                    CP  
                 SDFSND4                    SI  
                 SDFSND4                    SE  
                 SDFSND4                   SDN  
                 SDFSND4                    QN  
                 SDFSND4                     Q  
                 SDFSND4                     D  
                 SDFSND4                    CP  
                SDFSNQD0                    SI  
                SDFSNQD0                    SE  
                SDFSNQD0                   SDN  
                SDFSNQD0                     Q  
                SDFSNQD0                     D  
                SDFSNQD0                    CP  
                SDFSNQD1                    SI  
                SDFSNQD1                    SE  
                SDFSNQD1                   SDN  
                SDFSNQD1                     Q  
                SDFSNQD1                     D  
                SDFSNQD1                    CP  
                SDFSNQD2                    SI  
                SDFSNQD2                    SE  
                SDFSNQD2                   SDN  
                SDFSNQD2                     Q  
                SDFSNQD2                     D  
                SDFSNQD2                    CP  
                SDFSNQD4                    SI  
                SDFSNQD4                    SE  
                SDFSNQD4                   SDN  
                SDFSNQD4                     Q  
                SDFSNQD4                     D  
                SDFSNQD4                    CP  
                  SDFXD0                    SI  
                  SDFXD0                    SE  
                  SDFXD0                    SA  
                  SDFXD0                    QN  
                  SDFXD0                     Q  
                  SDFXD0                    DB  
                  SDFXD0                    DA  
                  SDFXD0                    CP  
                  SDFXD1                    SI  
                  SDFXD1                    SE  
                  SDFXD1                    SA  
                  SDFXD1                    QN  
                  SDFXD1                     Q  
                  SDFXD1                    DB  
                  SDFXD1                    DA  
                  SDFXD1                    CP  
                  SDFXD2                    SI  
                  SDFXD2                    SE  
                  SDFXD2                    SA  
                  SDFXD2                    QN  
                  SDFXD2                     Q  
                  SDFXD2                    DB  
                  SDFXD2                    DA  
                  SDFXD2                    CP  
                  SDFXD4                    SI  
                  SDFXD4                    SE  
                  SDFXD4                    SA  
                  SDFXD4                    QN  
                  SDFXD4                     Q  
                  SDFXD4                    DB  
                  SDFXD4                    DA  
                  SDFXD4                    CP  
                 SDFXQD0                    SI  
                 SDFXQD0                    SE  
                 SDFXQD0                    SA  
                 SDFXQD0                     Q  
                 SDFXQD0                    DB  
                 SDFXQD0                    DA  
                 SDFXQD0                    CP  
                 SDFXQD1                    SI  
                 SDFXQD1                    SE  
                 SDFXQD1                    SA  
                 SDFXQD1                     Q  
                 SDFXQD1                    DB  
                 SDFXQD1                    DA  
                 SDFXQD1                    CP  
                 SDFXQD2                    SI  
                 SDFXQD2                    SE  
                 SDFXQD2                    SA  
                 SDFXQD2                     Q  
                 SDFXQD2                    DB  
                 SDFXQD2                    DA  
                 SDFXQD2                    CP  
                 SDFXQD4                    SI  
                 SDFXQD4                    SE  
                 SDFXQD4                    SA  
                 SDFXQD4                     Q  
                 SDFXQD4                    DB  
                 SDFXQD4                    DA  
                 SDFXQD4                    CP  
                SEDFCND0                    SI  
                SEDFCND0                    SE  
                SEDFCND0                    QN  
                SEDFCND0                     Q  
                SEDFCND0                     E  
                SEDFCND0                     D  
                SEDFCND0                    CP  
                SEDFCND0                   CDN  
                SEDFCND1                    SI  
                SEDFCND1                    SE  
                SEDFCND1                    QN  
                SEDFCND1                     Q  
                SEDFCND1                     E  
                SEDFCND1                     D  
                SEDFCND1                    CP  
                SEDFCND1                   CDN  
                SEDFCND2                    SI  
                SEDFCND2                    SE  
                SEDFCND2                    QN  
                SEDFCND2                     Q  
                SEDFCND2                     E  
                SEDFCND2                     D  
                SEDFCND2                    CP  
                SEDFCND2                   CDN  
                SEDFCND4                    SI  
                SEDFCND4                    SE  
                SEDFCND4                    QN  
                SEDFCND4                     Q  
                SEDFCND4                     E  
                SEDFCND4                     D  
                SEDFCND4                    CP  
                SEDFCND4                   CDN  
               SEDFCNQD0                    SI  
               SEDFCNQD0                    SE  
               SEDFCNQD0                     Q  
               SEDFCNQD0                     E  
               SEDFCNQD0                     D  
               SEDFCNQD0                    CP  
               SEDFCNQD0                   CDN  
               SEDFCNQD1                    SI  
               SEDFCNQD1                    SE  
               SEDFCNQD1                     Q  
               SEDFCNQD1                     E  
               SEDFCNQD1                     D  
               SEDFCNQD1                    CP  
               SEDFCNQD1                   CDN  
               SEDFCNQD2                    SI  
               SEDFCNQD2                    SE  
               SEDFCNQD2                     Q  
               SEDFCNQD2                     E  
               SEDFCNQD2                     D  
               SEDFCNQD2                    CP  
               SEDFCNQD2                   CDN  
               SEDFCNQD4                    SI  
               SEDFCNQD4                    SE  
               SEDFCNQD4                     Q  
               SEDFCNQD4                     E  
               SEDFCNQD4                     D  
               SEDFCNQD4                    CP  
               SEDFCNQD4                   CDN  
                  SEDFD0                    SI  
                  SEDFD0                    SE  
                  SEDFD0                    QN  
                  SEDFD0                     Q  
                  SEDFD0                     E  
                  SEDFD0                     D  
                  SEDFD0                    CP  
                  SEDFD1                    SI  
                  SEDFD1                    SE  
                  SEDFD1                    QN  
                  SEDFD1                     Q  
                  SEDFD1                     E  
                  SEDFD1                     D  
                  SEDFD1                    CP  
                  SEDFD2                    SI  
                  SEDFD2                    SE  
                  SEDFD2                    QN  
                  SEDFD2                     Q  
                  SEDFD2                     E  
                  SEDFD2                     D  
                  SEDFD2                    CP  
                  SEDFD4                    SI  
                  SEDFD4                    SE  
                  SEDFD4                    QN  
                  SEDFD4                     Q  
                  SEDFD4                     E  
                  SEDFD4                     D  
                  SEDFD4                    CP  
               SEDFKCND0                    SI  
               SEDFKCND0                    SE  
               SEDFKCND0                    QN  
               SEDFKCND0                     Q  
               SEDFKCND0                     E  
               SEDFKCND0                     D  
               SEDFKCND0                    CP  
               SEDFKCND0                    CN  
               SEDFKCND1                    SI  
               SEDFKCND1                    SE  
               SEDFKCND1                    QN  
               SEDFKCND1                     Q  
               SEDFKCND1                     E  
               SEDFKCND1                     D  
               SEDFKCND1                    CP  
               SEDFKCND1                    CN  
               SEDFKCND2                    SI  
               SEDFKCND2                    SE  
               SEDFKCND2                    QN  
               SEDFKCND2                     Q  
               SEDFKCND2                     E  
               SEDFKCND2                     D  
               SEDFKCND2                    CP  
               SEDFKCND2                    CN  
               SEDFKCND4                    SI  
               SEDFKCND4                    SE  
               SEDFKCND4                    QN  
               SEDFKCND4                     Q  
               SEDFKCND4                     E  
               SEDFKCND4                     D  
               SEDFKCND4                    CP  
               SEDFKCND4                    CN  
              SEDFKCNQD0                    SI  
              SEDFKCNQD0                    SE  
              SEDFKCNQD0                     Q  
              SEDFKCNQD0                     E  
              SEDFKCNQD0                     D  
              SEDFKCNQD0                    CP  
              SEDFKCNQD0                    CN  
              SEDFKCNQD1                    SI  
              SEDFKCNQD1                    SE  
              SEDFKCNQD1                     Q  
              SEDFKCNQD1                     E  
              SEDFKCNQD1                     D  
              SEDFKCNQD1                    CP  
              SEDFKCNQD1                    CN  
              SEDFKCNQD2                    SI  
              SEDFKCNQD2                    SE  
              SEDFKCNQD2                     Q  
              SEDFKCNQD2                     E  
              SEDFKCNQD2                     D  
              SEDFKCNQD2                    CP  
              SEDFKCNQD2                    CN  
              SEDFKCNQD4                    SI  
              SEDFKCNQD4                    SE  
              SEDFKCNQD4                     Q  
              SEDFKCNQD4                     E  
              SEDFKCNQD4                     D  
              SEDFKCNQD4                    CP  
              SEDFKCNQD4                    CN  
                 SEDFQD0                    SI  
                 SEDFQD0                    SE  
                 SEDFQD0                     Q  
                 SEDFQD0                     E  
                 SEDFQD0                     D  
                 SEDFQD0                    CP  
                 SEDFQD1                    SI  
                 SEDFQD1                    SE  
                 SEDFQD1                     Q  
                 SEDFQD1                     E  
                 SEDFQD1                     D  
                 SEDFQD1                    CP  
                 SEDFQD2                    SI  
                 SEDFQD2                    SE  
                 SEDFQD2                     Q  
                 SEDFQD2                     E  
                 SEDFQD2                     D  
                 SEDFQD2                    CP  
                 SEDFQD4                    SI  
                 SEDFQD4                    SE  
                 SEDFQD4                     Q  
                 SEDFQD4                     E  
                 SEDFQD4                     D  
                 SEDFQD4                    CP  
                SEDFQND0                    SI  
                SEDFQND0                    SE  
                SEDFQND0                    QN  
                SEDFQND0                     E  
                SEDFQND0                     D  
                SEDFQND0                    CP  
                SEDFQND1                    SI  
                SEDFQND1                    SE  
                SEDFQND1                    QN  
                SEDFQND1                     E  
                SEDFQND1                     D  
                SEDFQND1                    CP  
                SEDFQND2                    SI  
                SEDFQND2                    SE  
                SEDFQND2                    QN  
                SEDFQND2                     E  
                SEDFQND2                     D  
                SEDFQND2                    CP  
                SEDFQND4                    SI  
                SEDFQND4                    SE  
                SEDFQND4                    QN  
                SEDFQND4                     E  
                SEDFQND4                     D  
                SEDFQND4                    CP  
               SEDFQNXD0                    SI  
               SEDFQNXD0                    SE  
               SEDFQNXD0                    QN  
               SEDFQNXD0                     E  
               SEDFQNXD0                     D  
               SEDFQNXD0                    CP  
               SEDFQNXD1                    SI  
               SEDFQNXD1                    SE  
               SEDFQNXD1                    QN  
               SEDFQNXD1                     E  
               SEDFQNXD1                     D  
               SEDFQNXD1                    CP  
               SEDFQNXD2                    SI  
               SEDFQNXD2                    SE  
               SEDFQNXD2                    QN  
               SEDFQNXD2                     E  
               SEDFQNXD2                     D  
               SEDFQNXD2                    CP  
               SEDFQNXD4                    SI  
               SEDFQNXD4                    SE  
               SEDFQNXD4                    QN  
               SEDFQNXD4                     E  
               SEDFQNXD4                     D  
               SEDFQNXD4                    CP  
                SEDFQXD0                    SI  
                SEDFQXD0                    SE  
                SEDFQXD0                     Q  
                SEDFQXD0                     E  
                SEDFQXD0                     D  
                SEDFQXD0                    CP  
                SEDFQXD1                    SI  
                SEDFQXD1                    SE  
                SEDFQXD1                     Q  
                SEDFQXD1                     E  
                SEDFQXD1                     D  
                SEDFQXD1                    CP  
                SEDFQXD2                    SI  
                SEDFQXD2                    SE  
                SEDFQXD2                     Q  
                SEDFQXD2                     E  
                SEDFQXD2                     D  
                SEDFQXD2                    CP  
                SEDFQXD4                    SI  
                SEDFQXD4                    SE  
                SEDFQXD4                     Q  
                SEDFQXD4                     E  
                SEDFQXD4                     D  
                SEDFQXD4                    CP  
                 SEDFXD0                    SI  
                 SEDFXD0                    SE  
                 SEDFXD0                    QN  
                 SEDFXD0                     Q  
                 SEDFXD0                     E  
                 SEDFXD0                     D  
                 SEDFXD0                    CP  
                 SEDFXD1                    SI  
                 SEDFXD1                    SE  
                 SEDFXD1                    QN  
                 SEDFXD1                     Q  
                 SEDFXD1                     E  
                 SEDFXD1                     D  
                 SEDFXD1                    CP  
                 SEDFXD2                    SI  
                 SEDFXD2                    SE  
                 SEDFXD2                    QN  
                 SEDFXD2                     Q  
                 SEDFXD2                     E  
                 SEDFXD2                     D  
                 SEDFXD2                    CP  
                 SEDFXD4                    SI  
                 SEDFXD4                    SE  
                 SEDFXD4                    QN  
                 SEDFXD4                     Q  
                 SEDFXD4                     E  
                 SEDFXD4                     D  
                 SEDFXD4                    CP  
                    TIEH                     Z  
                    TIEL                    ZN  
                  XNR2D0                    ZN  
                  XNR2D0                    A2  
                  XNR2D0                    A1  
                  XNR2D1                    ZN  
                  XNR2D1                    A2  
                  XNR2D1                    A1  
                  XNR2D2                    ZN  
                  XNR2D2                    A2  
                  XNR2D2                    A1  
                  XNR2D4                    ZN  
                  XNR2D4                    A2  
                  XNR2D4                    A1  
                  XNR3D0                    ZN  
                  XNR3D0                    A3  
                  XNR3D0                    A2  
                  XNR3D0                    A1  
                  XNR3D1                    ZN  
                  XNR3D1                    A3  
                  XNR3D1                    A2  
                  XNR3D1                    A1  
                  XNR3D2                    ZN  
                  XNR3D2                    A3  
                  XNR3D2                    A2  
                  XNR3D2                    A1  
                  XNR3D4                    ZN  
                  XNR3D4                    A3  
                  XNR3D4                    A2  
                  XNR3D4                    A1  
                  XNR4D0                    ZN  
                  XNR4D0                    A4  
                  XNR4D0                    A3  
                  XNR4D0                    A2  
                  XNR4D0                    A1  
                  XNR4D1                    ZN  
                  XNR4D1                    A4  
                  XNR4D1                    A3  
                  XNR4D1                    A2  
                  XNR4D1                    A1  
                  XNR4D2                    ZN  
                  XNR4D2                    A4  
                  XNR4D2                    A3  
                  XNR4D2                    A2  
                  XNR4D2                    A1  
                  XNR4D4                    ZN  
                  XNR4D4                    A4  
                  XNR4D4                    A3  
                  XNR4D4                    A2  
                  XNR4D4                    A1  
                  XOR2D0                     Z  
                  XOR2D0                    A2  
                  XOR2D0                    A1  
                  XOR2D1                     Z  
                  XOR2D1                    A2  
                  XOR2D1                    A1  
                  XOR2D2                     Z  
                  XOR2D2                    A2  
                  XOR2D2                    A1  
                  XOR2D4                     Z  
                  XOR2D4                    A2  
                  XOR2D4                    A1  
                  XOR3D0                     Z  
                  XOR3D0                    A3  
                  XOR3D0                    A2  
                  XOR3D0                    A1  
                  XOR3D1                     Z  
                  XOR3D1                    A3  
                  XOR3D1                    A2  
                  XOR3D1                    A1  
                  XOR3D2                     Z  
                  XOR3D2                    A3  
                  XOR3D2                    A2  
                  XOR3D2                    A1  
                  XOR3D4                     Z  
                  XOR3D4                    A3  
                  XOR3D4                    A2  
                  XOR3D4                    A1  
                  XOR4D0                     Z  
                  XOR4D0                    A4  
                  XOR4D0                    A3  
                  XOR4D0                    A2  
                  XOR4D0                    A1  
                  XOR4D1                     Z  
                  XOR4D1                    A4  
                  XOR4D1                    A3  
                  XOR4D1                    A2  
                  XOR4D1                    A1  
                  XOR4D2                     Z  
                  XOR4D2                    A4  
                  XOR4D2                    A3  
                  XOR4D2                    A2  
                  XOR4D2                    A1  
                  XOR4D4                     Z  
                  XOR4D4                    A4  
                  XOR4D4                    A3  
                  XOR4D4                    A2  
                  XOR4D4                    A1  For more information click here  
# Cells Missing LEF Info: 0  
# Cells with Dimension Errors: 0  

==============================
Netlist Information
==============================
# HFO (>200) Nets: 0  
# No-driven Nets: 80  
    General Caution:
        1) TODO
    No-driven Nets  
    core_instance1_mac_array_instance_col_idx_7__mac_col_inst_cnt_q[2]  
    core_instance1_mac_array_instance_col_idx_2__mac_col_inst_cnt_q[1]  
    core_instance1_mac_array_instance_inst_temp[5]  
    core_instance1_mac_array_instance_inst_temp[7]  
    core_instance1_mac_array_instance_inst_temp[9]  
    core_instance1_mac_array_instance_inst_temp[11]  
    core_instance1_mac_array_instance_inst_temp[13]  
    core_instance1_mac_array_instance_inst_temp[15]  
    core_instance0_mac_array_instance_inst_temp[5]  
    core_instance0_mac_array_instance_inst_temp[7]  
    core_instance0_mac_array_instance_inst_temp[9]  
    core_instance0_mac_array_instance_inst_temp[11]  
    core_instance0_mac_array_instance_inst_temp[13]  
    core_instance0_mac_array_instance_inst_temp[15]  
    core_instance1_pmem_in[7]  
    core_instance1_pmem_in[19]  
    core_instance1_pmem_in[27]  
    core_instance1_pmem_in[39]  
    core_instance1_pmem_in[47]  
    core_instance1_pmem_in[48]  
    core_instance1_pmem_in[59]  
    core_instance1_pmem_in[67]  
    core_instance1_pmem_in[79]  
    core_instance1_pmem_in[87]  
    core_instance1_pmem_in[88]  
    core_instance1_pmem_in[99]  
    core_instance1_pmem_in[107]  
    core_instance1_pmem_in[119]  
    core_instance1_pmem_in[127]  
    core_instance1_pmem_in[128]  
    core_instance1_pmem_in[139]  
    core_instance1_pmem_in[147]  
    core_instance0_pmem_in[7]  
    core_instance0_pmem_in[8]  
    core_instance0_pmem_in[9]  
    core_instance0_pmem_in[10]  
    core_instance0_pmem_in[11]  
    core_instance0_pmem_in[12]  
    core_instance0_pmem_in[19]  
    core_instance0_pmem_in[27]  
    core_instance0_pmem_in[28]  
    core_instance0_pmem_in[29]  
    core_instance0_pmem_in[30]  
    core_instance0_pmem_in[31]  
    core_instance0_pmem_in[39]  
    core_instance0_pmem_in[47]  
    core_instance0_pmem_in[48]  
    core_instance0_pmem_in[49]  
    core_instance0_pmem_in[50]  
    core_instance0_pmem_in[51]  
    core_instance0_pmem_in[59]  
    core_instance0_pmem_in[67]  
    core_instance0_pmem_in[68]  
    core_instance0_pmem_in[69]  
    core_instance0_pmem_in[70]  
    core_instance0_pmem_in[71]  
    core_instance0_pmem_in[79]  
    core_instance0_pmem_in[87]  
    core_instance0_pmem_in[88]  
    core_instance0_pmem_in[89]  
    core_instance0_pmem_in[90]  
    core_instance0_pmem_in[91]  
    core_instance0_pmem_in[99]  
    core_instance0_pmem_in[107]  
    core_instance0_pmem_in[108]  
    core_instance0_pmem_in[109]  
    core_instance0_pmem_in[110]  
    core_instance0_pmem_in[111]  
    core_instance0_pmem_in[119]  
    core_instance0_pmem_in[127]  
    core_instance0_pmem_in[128]  
    core_instance0_pmem_in[129]  
    core_instance0_pmem_in[130]  
    core_instance0_pmem_in[131]  
    core_instance0_pmem_in[139]  
    core_instance0_pmem_in[147]  
    core_instance0_pmem_in[148]  
    core_instance0_pmem_in[149]  
    core_instance0_pmem_in[150]  
    core_instance0_pmem_in[151]  
# Multi-driven Nets: 0  
# Assign Statements: 0  
Is Design Uniquified: YES  
# Pins in Netlist without timing lib: 0  

==============================

==============================
: Internal  External  
No of Nets:      72800           0  
No of Connections:     175172           0  
Total Net Length (X): 8.4291e+05  0.0000e+00  
Total Net Length (Y): 1.0723e+06  0.0000e+00  
Total Net Length: 1.9152e+06  0.0000e+00  

==============================
Timing Information
==============================
# Clocks in design: 
    ------------------------------
    Clocks in Design
    ------------------------------
    *  
    @  
    clk1  
    clk0  4  
# Generated clocks: 0  
# "dont_use" cells from .libs: 
    ------------------------------
    Dont_use Cell List
    ------------------------------
    ANTENNA  
    ANTENNA  
    BHD  
    BHD  
    BUFFD20  
    BUFFD20  
    BUFFD24  
    BUFFD24  
    BUFTD20  
    BUFTD20  
    BUFTD24  
    BUFTD24  
    CKBD20  
    CKBD20  
    CKBD24  
    CKBD24  
    CKLHQD20  
    CKLHQD20  
    CKLHQD24  
    CKLHQD24  
    CKLNQD20  
    CKLNQD20  
    CKLNQD24  
    CKLNQD24  
    CKND20  
    CKND20  
    CKND24  
    CKND24  
    DCAP  
    DCAP  
    DCAP16  
    DCAP16  
    DCAP32  
    DCAP32  
    DCAP4  
    DCAP4  
    DCAP64  
    DCAP64  
    DCAP8  
    DCAP8  
    DEL0  
    DEL0  
    DEL005  
    DEL005  
    DEL01  
    DEL01  
    DEL015  
    DEL015  
    DEL02  
    DEL02  
    DEL1  
    DEL1  
    DEL2  
    DEL2  
    DEL3  
    DEL3  
    DEL4  
    DEL4  
    GAN2D1  
    GAN2D1  
    GAN2D2  
    GAN2D2  
    GAOI21D1  
    GAOI21D1  
    GAOI21D2  
    GAOI21D2  
    GAOI22D1  
    GAOI22D1  
    GBUFFD1  
    GBUFFD1  
    GBUFFD2  
    GBUFFD2  
    GBUFFD3  
    GBUFFD3  
    GBUFFD4  
    GBUFFD4  
    GBUFFD8  
    GBUFFD8  
    GDCAP  
    GDCAP  
    GDCAP10  
    GDCAP10  
    GDCAP2  
    GDCAP2  
    GDCAP3  
    GDCAP3  
    GDCAP4  
    GDCAP4  
    GDFCNQD1  
    GDFCNQD1  
    GDFQD1  
    GDFQD1  
    GINVD1  
    GINVD1  
    GINVD2  
    GINVD2  
    GINVD3  
    GINVD3  
    GINVD4  
    GINVD4  
    GINVD8  
    GINVD8  
    GMUX2D1  
    GMUX2D1  
    GMUX2D2  
    GMUX2D2  
    GMUX2ND1  
    GMUX2ND1  
    GMUX2ND2  
    GMUX2ND2  
    GND2D1  
    GND2D1  
    GND2D2  
    GND2D2  
    GND2D3  
    GND2D3  
    GND2D4  
    GND2D4  
    GND3D1  
    GND3D1  
    GND3D2  
    GND3D2  
    GNR2D1  
    GNR2D1  
    GNR2D2  
    GNR2D2  
    GNR3D1  
    GNR3D1  
    GNR3D2  
    GNR3D2  
    GOAI21D1  
    GOAI21D1  
    GOAI21D2  
    GOAI21D2  
    GOR2D1  
    GOR2D1  
    GOR2D2  
    GOR2D2  
    GSDFCNQD1  
    GSDFCNQD1  
    GTIEH  
    GTIEH  
    GTIEL  
    GTIEL  
    GXNR2D1  
    GXNR2D1  
    GXNR2D2  
    GXNR2D2  
    GXOR2D1  
    GXOR2D1  
    GXOR2D2  
    GXOR2D2  
    INVD20  
    INVD20  
    INVD24  
    INVD24  
    OD18DCAP16  
    OD18DCAP16  
    OD18DCAP32  
    OD18DCAP32  
    OD18DCAP64  
    OD18DCAP64  162  
# "dont_touch" cells from .libs: 
    ------------------------------
    Dont_touch Cell List
    ------------------------------
    BHD  
    BHD  
    BUFFD20  
    BUFFD20  
    BUFFD24  
    BUFFD24  
    BUFTD20  
    BUFTD20  
    BUFTD24  
    BUFTD24  
    CKBD20  
    CKBD20  
    CKBD24  
    CKBD24  
    CKLHQD20  
    CKLHQD20  
    CKLHQD24  
    CKLHQD24  
    CKLNQD20  
    CKLNQD20  
    CKLNQD24  
    CKLNQD24  
    CKND20  
    CKND20  
    CKND24  
    CKND24  
    DEL0  
    DEL0  
    DEL005  
    DEL005  
    DEL01  
    DEL01  
    DEL015  
    DEL015  
    DEL02  
    DEL02  
    DEL1  
    DEL1  
    DEL2  
    DEL2  
    DEL3  
    DEL3  
    DEL4  
    DEL4  
    GAN2D1  
    GAN2D1  
    GAN2D2  
    GAN2D2  
    GAOI21D1  
    GAOI21D1  
    GAOI21D2  
    GAOI21D2  
    GAOI22D1  
    GAOI22D1  
    GBUFFD1  
    GBUFFD1  
    GBUFFD2  
    GBUFFD2  
    GBUFFD3  
    GBUFFD3  
    GBUFFD4  
    GBUFFD4  
    GBUFFD8  
    GBUFFD8  
    GDCAP  
    GDCAP  
    GDCAP10  
    GDCAP10  
    GDCAP2  
    GDCAP2  
    GDCAP3  
    GDCAP3  
    GDCAP4  
    GDCAP4  
    GDFCNQD1  
    GDFCNQD1  
    GDFQD1  
    GDFQD1  
    GINVD1  
    GINVD1  
    GINVD2  
    GINVD2  
    GINVD3  
    GINVD3  
    GINVD4  
    GINVD4  
    GINVD8  
    GINVD8  
    GMUX2D1  
    GMUX2D1  
    GMUX2D2  
    GMUX2D2  
    GMUX2ND1  
    GMUX2ND1  
    GMUX2ND2  
    GMUX2ND2  
    GND2D1  
    GND2D1  
    GND2D2  
    GND2D2  
    GND2D3  
    GND2D3  
    GND2D4  
    GND2D4  
    GND3D1  
    GND3D1  
    GND3D2  
    GND3D2  
    GNR2D1  
    GNR2D1  
    GNR2D2  
    GNR2D2  
    GNR3D1  
    GNR3D1  
    GNR3D2  
    GNR3D2  
    GOAI21D1  
    GOAI21D1  
    GOAI21D2  
    GOAI21D2  
    GOR2D1  
    GOR2D1  
    GOR2D2  
    GOR2D2  
    GSDFCNQD1  
    GSDFCNQD1  
    GTIEH  
    GTIEH  
    GTIEL  
    GTIEL  
    GXNR2D1  
    GXNR2D1  
    GXNR2D2  
    GXNR2D2  
    GXOR2D1  
    GXOR2D1  
    GXOR2D2  
    GXOR2D2  
    INVD20  
    INVD20  
    INVD24  
    INVD24  142  
# Cells in .lib with max_tran: 
    ------------------------------
    Cell List with max_tran
    ------------------------------
               Cell Name  Max Transition (ps)  
                   AN2D0  359  
                   AN2D0  359  
                   AN2D1  359  
                   AN2D1  359  
                   AN2D2  359  
                   AN2D2  359  
                   AN2D4  359  
                   AN2D4  359  
                   AN2D8  359  
                   AN2D8  359  
                  AN2XD1  359  
                  AN2XD1  359  
                   AN3D0  359  
                   AN3D0  359  
                   AN3D1  359  
                   AN3D1  359  
                   AN3D2  359  
                   AN3D2  359  
                   AN3D4  359  
                   AN3D4  359  
                   AN3D8  359  
                   AN3D8  359  
                  AN3XD1  359  
                  AN3XD1  359  
                   AN4D0  359  
                   AN4D0  359  
                   AN4D1  359  
                   AN4D1  359  
                   AN4D2  359  
                   AN4D2  359  
                   AN4D4  359  
                   AN4D4  359  
                   AN4D8  359  
                   AN4D8  359  
                  AN4XD1  359  
                  AN4XD1  359  
                 ANTENNA  359  
                 ANTENNA  359  
                 AO211D0  359  
                 AO211D0  359  
                 AO211D1  359  
                 AO211D1  359  
                 AO211D2  359  
                 AO211D2  359  
                 AO211D4  359  
                 AO211D4  359  
                  AO21D0  359  
                  AO21D0  359  
                  AO21D1  359  
                  AO21D1  359  
                  AO21D2  359  
                  AO21D2  359  
                  AO21D4  359  
                  AO21D4  359  
                 AO221D0  359  
                 AO221D0  359  
                 AO221D1  359  
                 AO221D1  359  
                 AO221D2  359  
                 AO221D2  359  
                 AO221D4  359  
                 AO221D4  359  
                 AO222D0  359  
                 AO222D0  359  
                 AO222D1  359  
                 AO222D1  359  
                 AO222D2  359  
                 AO222D2  359  
                 AO222D4  359  
                 AO222D4  359  
                  AO22D0  359  
                  AO22D0  359  
                  AO22D1  359  
                  AO22D1  359  
                  AO22D2  359  
                  AO22D2  359  
                  AO22D4  359  
                  AO22D4  359  
                  AO31D0  359  
                  AO31D0  359  
                  AO31D1  359  
                  AO31D1  359  
                  AO31D2  359  
                  AO31D2  359  
                  AO31D4  359  
                  AO31D4  359  
                  AO32D0  359  
                  AO32D0  359  
                  AO32D1  359  
                  AO32D1  359  
                  AO32D2  359  
                  AO32D2  359  
                  AO32D4  359  
                  AO32D4  359  
                  AO33D0  359  
                  AO33D0  359  
                  AO33D1  359  
                  AO33D1  359  
                  AO33D2  359  
                  AO33D2  359  
                  AO33D4  359  
                  AO33D4  359  
                AOI211D0  359  
                AOI211D0  359  
                AOI211D1  359  
                AOI211D1  359  
                AOI211D2  359  
                AOI211D2  359  
                AOI211D4  359  
                AOI211D4  359  
               AOI211XD0  359  
               AOI211XD0  359  
               AOI211XD1  359  
               AOI211XD1  359  
               AOI211XD2  359  
               AOI211XD2  359  
               AOI211XD4  359  
               AOI211XD4  359  
                 AOI21D0  359  
                 AOI21D0  359  
                 AOI21D1  359  
                 AOI21D1  359  
                 AOI21D2  359  
                 AOI21D2  359  
                 AOI21D4  359  
                 AOI21D4  359  
                AOI221D0  359  
                AOI221D0  359  
                AOI221D1  359  
                AOI221D1  359  
                AOI221D2  359  
                AOI221D2  359  
                AOI221D4  359  
                AOI221D4  359  
               AOI221XD4  359  
               AOI221XD4  359  
                AOI222D0  359  
                AOI222D0  359  
                AOI222D1  359  
                AOI222D1  359  
                AOI222D2  359  
                AOI222D2  359  
                AOI222D4  359  
                AOI222D4  359  
               AOI222XD4  359  
               AOI222XD4  359  
                 AOI22D0  359  
                 AOI22D0  359  
                 AOI22D1  359  
                 AOI22D1  359  
                 AOI22D2  359  
                 AOI22D2  359  
                 AOI22D4  359  
                 AOI22D4  359  
                 AOI31D0  359  
                 AOI31D0  359  
                 AOI31D1  359  
                 AOI31D1  359  
                 AOI31D2  359  
                 AOI31D2  359  
                 AOI31D4  359  
                 AOI31D4  359  
                 AOI32D0  359  
                 AOI32D0  359  
                 AOI32D1  359  
                 AOI32D1  359  
                 AOI32D2  359  
                 AOI32D2  359  
                 AOI32D4  359  
                 AOI32D4  359  
                AOI32XD4  359  
                AOI32XD4  359  
                 AOI33D0  359  
                 AOI33D0  359  
                 AOI33D1  359  
                 AOI33D1  359  
                 AOI33D2  359  
                 AOI33D2  359  
                 AOI33D4  359  
                 AOI33D4  359  
                AOI33XD4  359  
                AOI33XD4  359  
                  BENCD1  359  
                  BENCD1  359  
                  BENCD2  359  
                  BENCD2  359  
                  BENCD4  359  
                  BENCD4  359  
                     BHD  359  
                     BHD  359  
                   BMLD1  359  
                   BMLD1  359  
                   BMLD2  359  
                   BMLD2  359  
                   BMLD4  359  
                   BMLD4  359  
                  BUFFD0  359  
                  BUFFD0  359  
                  BUFFD1  359  
                  BUFFD1  359  
                 BUFFD12  359  
                 BUFFD12  359  
                 BUFFD16  359  
                 BUFFD16  359  
                  BUFFD2  359  
                  BUFFD2  359  
                 BUFFD20  359  
                 BUFFD20  359  
                 BUFFD24  359  
                 BUFFD24  359  
                  BUFFD3  359  
                  BUFFD3  359  
                  BUFFD4  359  
                  BUFFD4  359  
                  BUFFD6  359  
                  BUFFD6  359  
                  BUFFD8  359  
                  BUFFD8  359  
                  BUFTD0  359  
                  BUFTD0  359  
                  BUFTD1  359  
                  BUFTD1  359  
                 BUFTD12  359  
                 BUFTD12  359  
                 BUFTD16  359  
                 BUFTD16  359  
                  BUFTD2  359  
                  BUFTD2  359  
                 BUFTD20  359  
                 BUFTD20  359  
                 BUFTD24  359  
                 BUFTD24  359  
                  BUFTD3  359  
                  BUFTD3  359  
                  BUFTD4  359  
                  BUFTD4  359  
                  BUFTD6  359  
                  BUFTD6  359  
                  BUFTD8  359  
                  BUFTD8  359  
                 CKAN2D0  359  
                 CKAN2D0  359  
                 CKAN2D1  359  
                 CKAN2D1  359  
                 CKAN2D2  359  
                 CKAN2D2  359  
                 CKAN2D4  359  
                 CKAN2D4  359  
                 CKAN2D8  359  
                 CKAN2D8  359  
                   CKBD0  359  
                   CKBD0  359  
                   CKBD1  359  
                   CKBD1  359  
                  CKBD12  359  
                  CKBD12  359  
                  CKBD16  359  
                  CKBD16  359  
                   CKBD2  359  
                   CKBD2  359  
                  CKBD20  359  
                  CKBD20  359  
                  CKBD24  359  
                  CKBD24  359  
                   CKBD3  359  
                   CKBD3  359  
                   CKBD4  359  
                   CKBD4  359  
                   CKBD6  359  
                   CKBD6  359  
                   CKBD8  359  
                   CKBD8  359  
                 CKLHQD1  359  
                 CKLHQD1  359  
                CKLHQD12  359  
                CKLHQD12  359  
                CKLHQD16  359  
                CKLHQD16  359  
                 CKLHQD2  359  
                 CKLHQD2  359  
                CKLHQD20  359  
                CKLHQD20  359  
                CKLHQD24  359  
                CKLHQD24  359  
                 CKLHQD3  359  
                 CKLHQD3  359  
                 CKLHQD4  359  
                 CKLHQD4  359  
                 CKLHQD6  359  
                 CKLHQD6  359  
                 CKLHQD8  359  
                 CKLHQD8  359  
                 CKLNQD1  359  
                 CKLNQD1  359  
                CKLNQD12  359  
                CKLNQD12  359  
                CKLNQD16  359  
                CKLNQD16  359  
                 CKLNQD2  359  
                 CKLNQD2  359  
                CKLNQD20  359  
                CKLNQD20  359  
                CKLNQD24  359  
                CKLNQD24  359  
                 CKLNQD3  359  
                 CKLNQD3  359  
                 CKLNQD4  359  
                 CKLNQD4  359  
                 CKLNQD6  359  
                 CKLNQD6  359  
                 CKLNQD8  359  
                 CKLNQD8  359  
                CKMUX2D0  359  
                CKMUX2D0  359  
                CKMUX2D1  359  
                CKMUX2D1  359  
                CKMUX2D2  359  
                CKMUX2D2  359  
                CKMUX2D4  359  
                CKMUX2D4  359  
                   CKND0  359  
                   CKND0  359  
                   CKND1  359  
                   CKND1  359  
                  CKND12  359  
                  CKND12  359  
                  CKND16  359  
                  CKND16  359  
                   CKND2  359  
                   CKND2  359  
                  CKND20  359  
                  CKND20  359  
                  CKND24  359  
                  CKND24  359  
                 CKND2D0  359  
                 CKND2D0  359  
                 CKND2D1  359  
                 CKND2D1  359  
                 CKND2D2  359  
                 CKND2D2  359  
                 CKND2D3  359  
                 CKND2D3  359  
                 CKND2D4  359  
                 CKND2D4  359  
                 CKND2D8  359  
                 CKND2D8  359  
                   CKND3  359  
                   CKND3  359  
                   CKND4  359  
                   CKND4  359  
                   CKND6  359  
                   CKND6  359  
                   CKND8  359  
                   CKND8  359  
                CKXOR2D0  359  
                CKXOR2D0  359  
                CKXOR2D1  359  
                CKXOR2D1  359  
                CKXOR2D2  359  
                CKXOR2D2  359  
                CKXOR2D4  359  
                CKXOR2D4  359  
                CMPE42D1  359  
                CMPE42D1  359  
                CMPE42D2  359  
                CMPE42D2  359  
                    DEL0  359  
                    DEL0  359  
                  DEL005  359  
                  DEL005  359  
                   DEL01  359  
                   DEL01  359  
                  DEL015  359  
                  DEL015  359  
                   DEL02  359  
                   DEL02  359  
                    DEL1  359  
                    DEL1  359  
                    DEL2  359  
                    DEL2  359  
                    DEL3  359  
                    DEL3  359  
                    DEL4  359  
                    DEL4  359  
                  DFCND1  359  
                  DFCND1  359  
                  DFCND2  359  
                  DFCND2  359  
                  DFCND4  359  
                  DFCND4  359  
                 DFCNQD1  359  
                 DFCNQD1  359  
                 DFCNQD2  359  
                 DFCNQD2  359  
                 DFCNQD4  359  
                 DFCNQD4  359  
                 DFCSND1  359  
                 DFCSND1  359  
                 DFCSND2  359  
                 DFCSND2  359  
                 DFCSND4  359  
                 DFCSND4  359  
                DFCSNQD1  359  
                DFCSNQD1  359  
                DFCSNQD2  359  
                DFCSNQD2  359  
                DFCSNQD4  359  
                DFCSNQD4  359  
                    DFD1  359  
                    DFD1  359  
                    DFD2  359  
                    DFD2  359  
                    DFD4  359  
                    DFD4  359  
                 DFKCND1  359  
                 DFKCND1  359  
                 DFKCND2  359  
                 DFKCND2  359  
                 DFKCND4  359  
                 DFKCND4  359  
                DFKCNQD1  359  
                DFKCNQD1  359  
                DFKCNQD2  359  
                DFKCNQD2  359  
                DFKCNQD4  359  
                DFKCNQD4  359  
                DFKCSND1  359  
                DFKCSND1  359  
                DFKCSND2  359  
                DFKCSND2  359  
                DFKCSND4  359  
                DFKCSND4  359  
                 DFKSND1  359  
                 DFKSND1  359  
                 DFKSND2  359  
                 DFKSND2  359  
                 DFKSND4  359  
                 DFKSND4  359  
                 DFNCND1  359  
                 DFNCND1  359  
                 DFNCND2  359  
                 DFNCND2  359  
                 DFNCND4  359  
                 DFNCND4  359  
                DFNCSND1  359  
                DFNCSND1  359  
                DFNCSND2  359  
                DFNCSND2  359  
                DFNCSND4  359  
                DFNCSND4  359  
                   DFND1  359  
                   DFND1  359  
                   DFND2  359  
                   DFND2  359  
                   DFND4  359  
                   DFND4  359  
                 DFNSND1  359  
                 DFNSND1  359  
                 DFNSND2  359  
                 DFNSND2  359  
                 DFNSND4  359  
                 DFNSND4  359  
                   DFQD1  359  
                   DFQD1  359  
                   DFQD2  359  
                   DFQD2  359  
                   DFQD4  359  
                   DFQD4  359  
                  DFSND1  359  
                  DFSND1  359  
                  DFSND2  359  
                  DFSND2  359  
                  DFSND4  359  
                  DFSND4  359  
                 DFSNQD1  359  
                 DFSNQD1  359  
                 DFSNQD2  359  
                 DFSNQD2  359  
                 DFSNQD4  359  
                 DFSNQD4  359  
                   DFXD1  359  
                   DFXD1  359  
                   DFXD2  359  
                   DFXD2  359  
                   DFXD4  359  
                   DFXD4  359  
                  DFXQD1  359  
                  DFXQD1  359  
                  DFXQD2  359  
                  DFXQD2  359  
                  DFXQD4  359  
                  DFXQD4  359  
                 EDFCND1  359  
                 EDFCND1  359  
                 EDFCND2  359  
                 EDFCND2  359  
                 EDFCND4  359  
                 EDFCND4  359  
                EDFCNQD1  359  
                EDFCNQD1  359  
                EDFCNQD2  359  
                EDFCNQD2  359  
                EDFCNQD4  359  
                EDFCNQD4  359  
                   EDFD1  359  
                   EDFD1  359  
                   EDFD2  359  
                   EDFD2  359  
                   EDFD4  359  
                   EDFD4  359  
                EDFKCND1  359  
                EDFKCND1  359  
                EDFKCND2  359  
                EDFKCND2  359  
                EDFKCND4  359  
                EDFKCND4  359  
               EDFKCNQD1  359  
               EDFKCNQD1  359  
               EDFKCNQD2  359  
               EDFKCNQD2  359  
               EDFKCNQD4  359  
               EDFKCNQD4  359  
                  EDFQD1  359  
                  EDFQD1  359  
                  EDFQD2  359  
                  EDFQD2  359  
                  EDFQD4  359  
                  EDFQD4  359  
                   FA1D0  359  
                   FA1D0  359  
                   FA1D1  359  
                   FA1D1  359  
                   FA1D2  359  
                   FA1D2  359  
                   FA1D4  359  
                   FA1D4  359  
                FCICIND1  359  
                FCICIND1  359  
                FCICIND2  359  
                FCICIND2  359  
                FCICOND1  359  
                FCICOND1  359  
                FCICOND2  359  
                FCICOND2  359  
               FCSICIND1  359  
               FCSICIND1  359  
               FCSICIND2  359  
               FCSICIND2  359  
               FCSICOND1  359  
               FCSICOND1  359  
               FCSICOND2  359  
               FCSICOND2  359  
                 FICIND1  359  
                 FICIND1  359  
                 FICIND2  359  
                 FICIND2  359  
                 FICOND1  359  
                 FICOND1  359  
                 FICOND2  359  
                 FICOND2  359  
                FIICOND1  359  
                FIICOND1  359  
                FIICOND2  359  
                FIICOND2  359  
                  GAN2D1  359  
                  GAN2D1  359  
                  GAN2D2  359  
                  GAN2D2  359  
                GAOI21D1  359  
                GAOI21D1  359  
                GAOI21D2  359  
                GAOI21D2  359  
                GAOI22D1  359  
                GAOI22D1  359  
                 GBUFFD1  359  
                 GBUFFD1  359  
                 GBUFFD2  359  
                 GBUFFD2  359  
                 GBUFFD3  359  
                 GBUFFD3  359  
                 GBUFFD4  359  
                 GBUFFD4  359  
                 GBUFFD8  359  
                 GBUFFD8  359  
                GDFCNQD1  359  
                GDFCNQD1  359  
                  GDFQD1  359  
                  GDFQD1  359  
                  GINVD1  359  
                  GINVD1  359  
                  GINVD2  359  
                  GINVD2  359  
                  GINVD3  359  
                  GINVD3  359  
                  GINVD4  359  
                  GINVD4  359  
                  GINVD8  359  
                  GINVD8  359  
                 GMUX2D1  359  
                 GMUX2D1  359  
                 GMUX2D2  359  
                 GMUX2D2  359  
                GMUX2ND1  359  
                GMUX2ND1  359  
                GMUX2ND2  359  
                GMUX2ND2  359  
                  GND2D1  359  
                  GND2D1  359  
                  GND2D2  359  
                  GND2D2  359  
                  GND2D3  359  
                  GND2D3  359  
                  GND2D4  359  
                  GND2D4  359  
                  GND3D1  359  
                  GND3D1  359  
                  GND3D2  359  
                  GND3D2  359  
                  GNR2D1  359  
                  GNR2D1  359  
                  GNR2D2  359  
                  GNR2D2  359  
                  GNR3D1  359  
                  GNR3D1  359  
                  GNR3D2  359  
                  GNR3D2  359  
                GOAI21D1  359  
                GOAI21D1  359  
                GOAI21D2  359  
                GOAI21D2  359  
                  GOR2D1  359  
                  GOR2D1  359  
                  GOR2D2  359  
                  GOR2D2  359  
               GSDFCNQD1  359  
               GSDFCNQD1  359  
                   GTIEH  359  
                   GTIEH  359  
                   GTIEL  359  
                   GTIEL  359  
                 GXNR2D1  359  
                 GXNR2D1  359  
                 GXNR2D2  359  
                 GXNR2D2  359  
                 GXOR2D1  359  
                 GXOR2D1  359  
                 GXOR2D2  359  
                 GXOR2D2  359  
                   HA1D0  359  
                   HA1D0  359  
                   HA1D1  359  
                   HA1D1  359  
                   HA1D2  359  
                   HA1D2  359  
                   HA1D4  359  
                   HA1D4  359  
               HCOSCIND1  359  
               HCOSCIND1  359  
               HCOSCIND2  359  
               HCOSCIND2  359  
               HCOSCOND1  359  
               HCOSCOND1  359  
               HCOSCOND2  359  
               HCOSCOND2  359  
                 HICIND1  359  
                 HICIND1  359  
                 HICIND2  359  
                 HICIND2  359  
                 HICOND1  359  
                 HICOND1  359  
                 HICOND2  359  
                 HICOND2  359  
                 IAO21D0  359  
                 IAO21D0  359  
                 IAO21D1  359  
                 IAO21D1  359  
                 IAO21D2  359  
                 IAO21D2  359  
                 IAO21D4  359  
                 IAO21D4  359  
                 IAO22D0  359  
                 IAO22D0  359  
                 IAO22D1  359  
                 IAO22D1  359  
                 IAO22D2  359  
                 IAO22D2  359  
                 IAO22D4  359  
                 IAO22D4  359  
                 IIND4D0  359  
                 IIND4D0  359  
                 IIND4D1  359  
                 IIND4D1  359  
                 IIND4D2  359  
                 IIND4D2  359  
                 IIND4D4  359  
                 IIND4D4  359  
                 IINR4D0  359  
                 IINR4D0  359  
                 IINR4D1  359  
                 IINR4D1  359  
                 IINR4D2  359  
                 IINR4D2  359  
                 IINR4D4  359  
                 IINR4D4  359  
                  IND2D0  359  
                  IND2D0  359  
                  IND2D1  359  
                  IND2D1  359  
                  IND2D2  359  
                  IND2D2  359  
                  IND2D4  359  
                  IND2D4  359  
                  IND3D0  359  
                  IND3D0  359  
                  IND3D1  359  
                  IND3D1  359  
                  IND3D2  359  
                  IND3D2  359  
                  IND3D4  359  
                  IND3D4  359  
                  IND4D0  359  
                  IND4D0  359  
                  IND4D1  359  
                  IND4D1  359  
                  IND4D2  359  
                  IND4D2  359  
                  IND4D4  359  
                  IND4D4  359  
                  INR2D0  359  
                  INR2D0  359  
                  INR2D1  359  
                  INR2D1  359  
                  INR2D2  359  
                  INR2D2  359  
                  INR2D4  359  
                  INR2D4  359  
                 INR2XD0  359  
                 INR2XD0  359  
                 INR2XD1  359  
                 INR2XD1  359  
                 INR2XD2  359  
                 INR2XD2  359  
                 INR2XD4  359  
                 INR2XD4  359  
                  INR3D0  359  
                  INR3D0  359  
                  INR3D1  359  
                  INR3D1  359  
                  INR3D2  359  
                  INR3D2  359  
                  INR3D4  359  
                  INR3D4  359  
                  INR4D0  359  
                  INR4D0  359  
                  INR4D1  359  
                  INR4D1  359  
                  INR4D2  359  
                  INR4D2  359  
                  INR4D4  359  
                  INR4D4  359  
                   INVD0  359  
                   INVD0  359  
                   INVD1  359  
                   INVD1  359  
                  INVD12  359  
                  INVD12  359  
                  INVD16  359  
                  INVD16  359  
                   INVD2  359  
                   INVD2  359  
                  INVD20  359  
                  INVD20  359  
                  INVD24  359  
                  INVD24  359  
                   INVD3  359  
                   INVD3  359  
                   INVD4  359  
                   INVD4  359  
                   INVD6  359  
                   INVD6  359  
                   INVD8  359  
                   INVD8  359  
                 IOA21D0  359  
                 IOA21D0  359  
                 IOA21D1  359  
                 IOA21D1  359  
                 IOA21D2  359  
                 IOA21D2  359  
                 IOA21D4  359  
                 IOA21D4  359  
                 IOA22D0  359  
                 IOA22D0  359  
                 IOA22D1  359  
                 IOA22D1  359  
                 IOA22D2  359  
                 IOA22D2  359  
                 IOA22D4  359  
                 IOA22D4  359  
                  LHCND1  359  
                  LHCND1  359  
                  LHCND2  359  
                  LHCND2  359  
                  LHCND4  359  
                  LHCND4  359  
                 LHCNDD1  359  
                 LHCNDD1  359  
                 LHCNDD2  359  
                 LHCNDD2  359  
                 LHCNDD4  359  
                 LHCNDD4  359  
                LHCNDQD1  359  
                LHCNDQD1  359  
                LHCNDQD2  359  
                LHCNDQD2  359  
                LHCNDQD4  359  
                LHCNDQD4  359  
                 LHCNQD1  359  
                 LHCNQD1  359  
                 LHCNQD2  359  
                 LHCNQD2  359  
                 LHCNQD4  359  
                 LHCNQD4  359  
                 LHCSND1  359  
                 LHCSND1  359  
                 LHCSND2  359  
                 LHCSND2  359  
                 LHCSND4  359  
                 LHCSND4  359  
                LHCSNDD1  359  
                LHCSNDD1  359  
                LHCSNDD2  359  
                LHCSNDD2  359  
                LHCSNDD4  359  
                LHCSNDD4  359  
               LHCSNDQD1  359  
               LHCSNDQD1  359  
               LHCSNDQD2  359  
               LHCSNDQD2  359  
               LHCSNDQD4  359  
               LHCSNDQD4  359  
                LHCSNQD1  359  
                LHCSNQD1  359  
                LHCSNQD2  359  
                LHCSNQD2  359  
                LHCSNQD4  359  
                LHCSNQD4  359  
                    LHD1  359  
                    LHD1  359  
                    LHD2  359  
                    LHD2  359  
                    LHD4  359  
                    LHD4  359  
                   LHQD1  359  
                   LHQD1  359  
                   LHQD2  359  
                   LHQD2  359  
                   LHQD4  359  
                   LHQD4  359  
                  LHSND1  359  
                  LHSND1  359  
                  LHSND2  359  
                  LHSND2  359  
                  LHSND4  359  
                  LHSND4  359  
                 LHSNDD1  359  
                 LHSNDD1  359  
                 LHSNDD2  359  
                 LHSNDD2  359  
                 LHSNDD4  359  
                 LHSNDD4  359  
                LHSNDQD1  359  
                LHSNDQD1  359  
                LHSNDQD2  359  
                LHSNDQD2  359  
                LHSNDQD4  359  
                LHSNDQD4  359  
                 LHSNQD1  359  
                 LHSNQD1  359  
                 LHSNQD2  359  
                 LHSNQD2  359  
                 LHSNQD4  359  
                 LHSNQD4  359  
                  LNCND1  359  
                  LNCND1  359  
                  LNCND2  359  
                  LNCND2  359  
                  LNCND4  359  
                  LNCND4  359  
                 LNCNDD1  359  
                 LNCNDD1  359  
                 LNCNDD2  359  
                 LNCNDD2  359  
                 LNCNDD4  359  
                 LNCNDD4  359  
                LNCNDQD1  359  
                LNCNDQD1  359  
                LNCNDQD2  359  
                LNCNDQD2  359  
                LNCNDQD4  359  
                LNCNDQD4  359  
                 LNCNQD1  359  
                 LNCNQD1  359  
                 LNCNQD2  359  
                 LNCNQD2  359  
                 LNCNQD4  359  
                 LNCNQD4  359  
                 LNCSND1  359  
                 LNCSND1  359  
                 LNCSND2  359  
                 LNCSND2  359  
                 LNCSND4  359  
                 LNCSND4  359  
                LNCSNDD1  359  
                LNCSNDD1  359  
                LNCSNDD2  359  
                LNCSNDD2  359  
                LNCSNDD4  359  
                LNCSNDD4  359  
               LNCSNDQD1  359  
               LNCSNDQD1  359  
               LNCSNDQD2  359  
               LNCSNDQD2  359  
               LNCSNDQD4  359  
               LNCSNDQD4  359  
                LNCSNQD1  359  
                LNCSNQD1  359  
                LNCSNQD2  359  
                LNCSNQD2  359  
                LNCSNQD4  359  
                LNCSNQD4  359  
                    LND1  359  
                    LND1  359  
                    LND2  359  
                    LND2  359  
                    LND4  359  
                    LND4  359  
                   LNQD1  359  
                   LNQD1  359  
                   LNQD2  359  
                   LNQD2  359  
                   LNQD4  359  
                   LNQD4  359  
                  LNSND1  359  
                  LNSND1  359  
                  LNSND2  359  
                  LNSND2  359  
                  LNSND4  359  
                  LNSND4  359  
                 LNSNDD1  359  
                 LNSNDD1  359  
                 LNSNDD2  359  
                 LNSNDD2  359  
                 LNSNDD4  359  
                 LNSNDD4  359  
                LNSNDQD1  359  
                LNSNDQD1  359  
                LNSNDQD2  359  
                LNSNDQD2  359  
                LNSNDQD4  359  
                LNSNDQD4  359  
                 LNSNQD1  359  
                 LNSNQD1  359  
                 LNSNQD2  359  
                 LNSNQD2  359  
                 LNSNQD4  359  
                 LNSNQD4  359  
               MAOI222D0  359  
               MAOI222D0  359  
               MAOI222D1  359  
               MAOI222D1  359  
               MAOI222D2  359  
               MAOI222D2  359  
               MAOI222D4  359  
               MAOI222D4  359  
                MAOI22D0  359  
                MAOI22D0  359  
                MAOI22D1  359  
                MAOI22D1  359  
                MAOI22D2  359  
                MAOI22D2  359  
                MAOI22D4  359  
                MAOI22D4  359  
                MOAI22D0  359  
                MOAI22D0  359  
                MOAI22D1  359  
                MOAI22D1  359  
                MOAI22D2  359  
                MOAI22D2  359  
                MOAI22D4  359  
                MOAI22D4  359  
                  MUX2D0  359  
                  MUX2D0  359  
                  MUX2D1  359  
                  MUX2D1  359  
                  MUX2D2  359  
                  MUX2D2  359  
                  MUX2D4  359  
                  MUX2D4  359  
                 MUX2ND0  359  
                 MUX2ND0  359  
                 MUX2ND1  359  
                 MUX2ND1  359  
                 MUX2ND2  359  
                 MUX2ND2  359  
                 MUX2ND4  359  
                 MUX2ND4  359  
                  MUX3D0  359  
                  MUX3D0  359  
                  MUX3D1  359  
                  MUX3D1  359  
                  MUX3D2  359  
                  MUX3D2  359  
                  MUX3D4  359  
                  MUX3D4  359  
                 MUX3ND0  359  
                 MUX3ND0  359  
                 MUX3ND1  359  
                 MUX3ND1  359  
                 MUX3ND2  359  
                 MUX3ND2  359  
                 MUX3ND4  359  
                 MUX3ND4  359  
                  MUX4D0  359  
                  MUX4D0  359  
                  MUX4D1  359  
                  MUX4D1  359  
                  MUX4D2  359  
                  MUX4D2  359  
                  MUX4D4  359  
                  MUX4D4  359  
                 MUX4ND0  359  
                 MUX4ND0  359  
                 MUX4ND1  359  
                 MUX4ND1  359  
                 MUX4ND2  359  
                 MUX4ND2  359  
                 MUX4ND4  359  
                 MUX4ND4  359  
                   ND2D0  359  
                   ND2D0  359  
                   ND2D1  359  
                   ND2D1  359  
                   ND2D2  359  
                   ND2D2  359  
                   ND2D3  359  
                   ND2D3  359  
                   ND2D4  359  
                   ND2D4  359  
                   ND2D8  359  
                   ND2D8  359  
                   ND3D0  359  
                   ND3D0  359  
                   ND3D1  359  
                   ND3D1  359  
                   ND3D2  359  
                   ND3D2  359  
                   ND3D3  359  
                   ND3D3  359  
                   ND3D4  359  
                   ND3D4  359  
                   ND3D8  359  
                   ND3D8  359  
                   ND4D0  359  
                   ND4D0  359  
                   ND4D1  359  
                   ND4D1  359  
                   ND4D2  359  
                   ND4D2  359  
                   ND4D3  359  
                   ND4D3  359  
                   ND4D4  359  
                   ND4D4  359  
                   ND4D8  359  
                   ND4D8  359  
                   NR2D0  359  
                   NR2D0  359  
                   NR2D1  359  
                   NR2D1  359  
                   NR2D2  359  
                   NR2D2  359  
                   NR2D3  359  
                   NR2D3  359  
                   NR2D4  359  
                   NR2D4  359  
                   NR2D8  359  
                   NR2D8  359  
                  NR2XD0  359  
                  NR2XD0  359  
                  NR2XD1  359  
                  NR2XD1  359  
                  NR2XD2  359  
                  NR2XD2  359  
                  NR2XD3  359  
                  NR2XD3  359  
                  NR2XD4  359  
                  NR2XD4  359  
                  NR2XD8  359  
                  NR2XD8  359  
                   NR3D0  359  
                   NR3D0  359  
                   NR3D1  359  
                   NR3D1  359  
                   NR3D2  359  
                   NR3D2  359  
                   NR3D3  359  
                   NR3D3  359  
                   NR3D4  359  
                   NR3D4  359  
                   NR3D8  359  
                   NR3D8  359  
                   NR4D0  359  
                   NR4D0  359  
                   NR4D1  359  
                   NR4D1  359  
                   NR4D2  359  
                   NR4D2  359  
                   NR4D3  359  
                   NR4D3  359  
                   NR4D4  359  
                   NR4D4  359  
                   NR4D8  359  
                   NR4D8  359  
                 OA211D0  359  
                 OA211D0  359  
                 OA211D1  359  
                 OA211D1  359  
                 OA211D2  359  
                 OA211D2  359  
                 OA211D4  359  
                 OA211D4  359  
                  OA21D0  359  
                  OA21D0  359  
                  OA21D1  359  
                  OA21D1  359  
                  OA21D2  359  
                  OA21D2  359  
                  OA21D4  359  
                  OA21D4  359  
                 OA221D0  359  
                 OA221D0  359  
                 OA221D1  359  
                 OA221D1  359  
                 OA221D2  359  
                 OA221D2  359  
                 OA221D4  359  
                 OA221D4  359  
                 OA222D0  359  
                 OA222D0  359  
                 OA222D1  359  
                 OA222D1  359  
                 OA222D2  359  
                 OA222D2  359  
                 OA222D4  359  
                 OA222D4  359  
                  OA22D0  359  
                  OA22D0  359  
                  OA22D1  359  
                  OA22D1  359  
                  OA22D2  359  
                  OA22D2  359  
                  OA22D4  359  
                  OA22D4  359  
                  OA31D0  359  
                  OA31D0  359  
                  OA31D1  359  
                  OA31D1  359  
                  OA31D2  359  
                  OA31D2  359  
                  OA31D4  359  
                  OA31D4  359  
                  OA32D0  359  
                  OA32D0  359  
                  OA32D1  359  
                  OA32D1  359  
                  OA32D2  359  
                  OA32D2  359  
                  OA32D4  359  
                  OA32D4  359  
                  OA33D0  359  
                  OA33D0  359  
                  OA33D1  359  
                  OA33D1  359  
                  OA33D2  359  
                  OA33D2  359  
                  OA33D4  359  
                  OA33D4  359  
                OAI211D0  359  
                OAI211D0  359  
                OAI211D1  359  
                OAI211D1  359  
                OAI211D2  359  
                OAI211D2  359  
                OAI211D4  359  
                OAI211D4  359  
                 OAI21D0  359  
                 OAI21D0  359  
                 OAI21D1  359  
                 OAI21D1  359  
                 OAI21D2  359  
                 OAI21D2  359  
                 OAI21D4  359  
                 OAI21D4  359  
                OAI221D0  359  
                OAI221D0  359  
                OAI221D1  359  
                OAI221D1  359  
                OAI221D2  359  
                OAI221D2  359  
                OAI221D4  359  
                OAI221D4  359  
               OAI221XD4  359  
               OAI221XD4  359  
                OAI222D0  359  
                OAI222D0  359  
                OAI222D1  359  
                OAI222D1  359  
                OAI222D2  359  
                OAI222D2  359  
                OAI222D4  359  
                OAI222D4  359  
               OAI222XD4  359  
               OAI222XD4  359  
                 OAI22D0  359  
                 OAI22D0  359  
                 OAI22D1  359  
                 OAI22D1  359  
                 OAI22D2  359  
                 OAI22D2  359  
                 OAI22D4  359  
                 OAI22D4  359  
                 OAI31D0  359  
                 OAI31D0  359  
                 OAI31D1  359  
                 OAI31D1  359  
                 OAI31D2  359  
                 OAI31D2  359  
                 OAI31D4  359  
                 OAI31D4  359  
                 OAI32D0  359  
                 OAI32D0  359  
                 OAI32D1  359  
                 OAI32D1  359  
                 OAI32D2  359  
                 OAI32D2  359  
                 OAI32D4  359  
                 OAI32D4  359  
                OAI32XD4  359  
                OAI32XD4  359  
                 OAI33D0  359  
                 OAI33D0  359  
                 OAI33D1  359  
                 OAI33D1  359  
                 OAI33D2  359  
                 OAI33D2  359  
                 OAI33D4  359  
                 OAI33D4  359  
                OAI33XD4  359  
                OAI33XD4  359  
                   OR2D0  359  
                   OR2D0  359  
                   OR2D1  359  
                   OR2D1  359  
                   OR2D2  359  
                   OR2D2  359  
                   OR2D4  359  
                   OR2D4  359  
                   OR2D8  359  
                   OR2D8  359  
                  OR2XD1  359  
                  OR2XD1  359  
                   OR3D0  359  
                   OR3D0  359  
                   OR3D1  359  
                   OR3D1  359  
                   OR3D2  359  
                   OR3D2  359  
                   OR3D4  359  
                   OR3D4  359  
                   OR3D8  359  
                   OR3D8  359  
                  OR3XD1  359  
                  OR3XD1  359  
                   OR4D0  359  
                   OR4D0  359  
                   OR4D1  359  
                   OR4D1  359  
                   OR4D2  359  
                   OR4D2  359  
                   OR4D4  359  
                   OR4D4  359  
                   OR4D8  359  
                   OR4D8  359  
                  OR4XD1  359  
                  OR4XD1  359  
                 SDFCND0  359  
                 SDFCND0  359  
                 SDFCND1  359  
                 SDFCND1  359  
                 SDFCND2  359  
                 SDFCND2  359  
                 SDFCND4  359  
                 SDFCND4  359  
                SDFCNQD0  359  
                SDFCNQD0  359  
                SDFCNQD1  359  
                SDFCNQD1  359  
                SDFCNQD2  359  
                SDFCNQD2  359  
                SDFCNQD4  359  
                SDFCNQD4  359  
                SDFCSND0  359  
                SDFCSND0  359  
                SDFCSND1  359  
                SDFCSND1  359  
                SDFCSND2  359  
                SDFCSND2  359  
                SDFCSND4  359  
                SDFCSND4  359  
               SDFCSNQD0  359  
               SDFCSNQD0  359  
               SDFCSNQD1  359  
               SDFCSNQD1  359  
               SDFCSNQD2  359  
               SDFCSNQD2  359  
               SDFCSNQD4  359  
               SDFCSNQD4  359  
                   SDFD0  359  
                   SDFD0  359  
                   SDFD1  359  
                   SDFD1  359  
                   SDFD2  359  
                   SDFD2  359  
                   SDFD4  359  
                   SDFD4  359  
                SDFKCND0  359  
                SDFKCND0  359  
                SDFKCND1  359  
                SDFKCND1  359  
                SDFKCND2  359  
                SDFKCND2  359  
                SDFKCND4  359  
                SDFKCND4  359  
               SDFKCNQD0  359  
               SDFKCNQD0  359  
               SDFKCNQD1  359  
               SDFKCNQD1  359  
               SDFKCNQD2  359  
               SDFKCNQD2  359  
               SDFKCNQD4  359  
               SDFKCNQD4  359  
               SDFKCSND0  359  
               SDFKCSND0  359  
               SDFKCSND1  359  
               SDFKCSND1  359  
               SDFKCSND2  359  
               SDFKCSND2  359  
               SDFKCSND4  359  
               SDFKCSND4  359  
              SDFKCSNQD0  359  
              SDFKCSNQD0  359  
              SDFKCSNQD1  359  
              SDFKCSNQD1  359  
              SDFKCSNQD2  359  
              SDFKCSNQD2  359  
              SDFKCSNQD4  359  
              SDFKCSNQD4  359  
                SDFKSND0  359  
                SDFKSND0  359  
                SDFKSND1  359  
                SDFKSND1  359  
                SDFKSND2  359  
                SDFKSND2  359  
                SDFKSND4  359  
                SDFKSND4  359  
               SDFKSNQD0  359  
               SDFKSNQD0  359  
               SDFKSNQD1  359  
               SDFKSNQD1  359  
               SDFKSNQD2  359  
               SDFKSNQD2  359  
               SDFKSNQD4  359  
               SDFKSNQD4  359  
                SDFNCND0  359  
                SDFNCND0  359  
                SDFNCND1  359  
                SDFNCND1  359  
                SDFNCND2  359  
                SDFNCND2  359  
                SDFNCND4  359  
                SDFNCND4  359  
               SDFNCSND0  359  
               SDFNCSND0  359  
               SDFNCSND1  359  
               SDFNCSND1  359  
               SDFNCSND2  359  
               SDFNCSND2  359  
               SDFNCSND4  359  
               SDFNCSND4  359  
                  SDFND0  359  
                  SDFND0  359  
                  SDFND1  359  
                  SDFND1  359  
                  SDFND2  359  
                  SDFND2  359  
                  SDFND4  359  
                  SDFND4  359  
                SDFNSND0  359  
                SDFNSND0  359  
                SDFNSND1  359  
                SDFNSND1  359  
                SDFNSND2  359  
                SDFNSND2  359  
                SDFNSND4  359  
                SDFNSND4  359  
                  SDFQD0  359  
                  SDFQD0  359  
                  SDFQD1  359  
                  SDFQD1  359  
                  SDFQD2  359  
                  SDFQD2  359  
                  SDFQD4  359  
                  SDFQD4  359  
                 SDFQND0  359  
                 SDFQND0  359  
                 SDFQND1  359  
                 SDFQND1  359  
                 SDFQND2  359  
                 SDFQND2  359  
                 SDFQND4  359  
                 SDFQND4  359  
                 SDFSND0  359  
                 SDFSND0  359  
                 SDFSND1  359  
                 SDFSND1  359  
                 SDFSND2  359  
                 SDFSND2  359  
                 SDFSND4  359  
                 SDFSND4  359  
                SDFSNQD0  359  
                SDFSNQD0  359  
                SDFSNQD1  359  
                SDFSNQD1  359  
                SDFSNQD2  359  
                SDFSNQD2  359  
                SDFSNQD4  359  
                SDFSNQD4  359  
                  SDFXD0  359  
                  SDFXD0  359  
                  SDFXD1  359  
                  SDFXD1  359  
                  SDFXD2  359  
                  SDFXD2  359  
                  SDFXD4  359  
                  SDFXD4  359  
                 SDFXQD0  359  
                 SDFXQD0  359  
                 SDFXQD1  359  
                 SDFXQD1  359  
                 SDFXQD2  359  
                 SDFXQD2  359  
                 SDFXQD4  359  
                 SDFXQD4  359  
                SEDFCND0  359  
                SEDFCND0  359  
                SEDFCND1  359  
                SEDFCND1  359  
                SEDFCND2  359  
                SEDFCND2  359  
                SEDFCND4  359  
                SEDFCND4  359  
               SEDFCNQD0  359  
               SEDFCNQD0  359  
               SEDFCNQD1  359  
               SEDFCNQD1  359  
               SEDFCNQD2  359  
               SEDFCNQD2  359  
               SEDFCNQD4  359  
               SEDFCNQD4  359  
                  SEDFD0  359  
                  SEDFD0  359  
                  SEDFD1  359  
                  SEDFD1  359  
                  SEDFD2  359  
                  SEDFD2  359  
                  SEDFD4  359  
                  SEDFD4  359  
               SEDFKCND0  359  
               SEDFKCND0  359  
               SEDFKCND1  359  
               SEDFKCND1  359  
               SEDFKCND2  359  
               SEDFKCND2  359  
               SEDFKCND4  359  
               SEDFKCND4  359  
              SEDFKCNQD0  359  
              SEDFKCNQD0  359  
              SEDFKCNQD1  359  
              SEDFKCNQD1  359  
              SEDFKCNQD2  359  
              SEDFKCNQD2  359  
              SEDFKCNQD4  359  
              SEDFKCNQD4  359  
                 SEDFQD0  359  
                 SEDFQD0  359  
                 SEDFQD1  359  
                 SEDFQD1  359  
                 SEDFQD2  359  
                 SEDFQD2  359  
                 SEDFQD4  359  
                 SEDFQD4  359  
                SEDFQND0  359  
                SEDFQND0  359  
                SEDFQND1  359  
                SEDFQND1  359  
                SEDFQND2  359  
                SEDFQND2  359  
                SEDFQND4  359  
                SEDFQND4  359  
               SEDFQNXD0  359  
               SEDFQNXD0  359  
               SEDFQNXD1  359  
               SEDFQNXD1  359  
               SEDFQNXD2  359  
               SEDFQNXD2  359  
               SEDFQNXD4  359  
               SEDFQNXD4  359  
                SEDFQXD0  359  
                SEDFQXD0  359  
                SEDFQXD1  359  
                SEDFQXD1  359  
                SEDFQXD2  359  
                SEDFQXD2  359  
                SEDFQXD4  359  
                SEDFQXD4  359  
                 SEDFXD0  359  
                 SEDFXD0  359  
                 SEDFXD1  359  
                 SEDFXD1  359  
                 SEDFXD2  359  
                 SEDFXD2  359  
                 SEDFXD4  359  
                 SEDFXD4  359  
                    TIEH  359  
                    TIEH  359  
                    TIEL  359  
                    TIEL  359  
                  XNR2D0  359  
                  XNR2D0  359  
                  XNR2D1  359  
                  XNR2D1  359  
                  XNR2D2  359  
                  XNR2D2  359  
                  XNR2D4  359  
                  XNR2D4  359  
                  XNR3D0  359  
                  XNR3D0  359  
                  XNR3D1  359  
                  XNR3D1  359  
                  XNR3D2  359  
                  XNR3D2  359  
                  XNR3D4  359  
                  XNR3D4  359  
                  XNR4D0  359  
                  XNR4D0  359  
                  XNR4D1  359  
                  XNR4D1  359  
                  XNR4D2  359  
                  XNR4D2  359  
                  XNR4D4  359  
                  XNR4D4  359  
                  XOR2D0  359  
                  XOR2D0  359  
                  XOR2D1  359  
                  XOR2D1  359  
                  XOR2D2  359  
                  XOR2D2  359  
                  XOR2D4  359  
                  XOR2D4  359  
                  XOR3D0  359  
                  XOR3D0  359  
                  XOR3D1  359  
                  XOR3D1  359  
                  XOR3D2  359  
                  XOR3D2  359  
                  XOR3D4  359  
                  XOR3D4  359  
                  XOR4D0  359  
                  XOR4D0  359  
                  XOR4D1  359  
                  XOR4D1  359  
                  XOR4D2  359  
                  XOR4D2  359  
                  XOR4D4  359  
                  XOR4D4  359  1594  
# Cells in .lib with max_cap: 
    ------------------------------
    Cell List with max_cap
    ------------------------------
               Cell Name  Max Capacitance (pf)  
                   AN2D0  0.042100  
                   AN2D0  0.042100  
                   AN2D1  0.084200  
                   AN2D1  0.084200  
                   AN2D2  0.168400  
                   AN2D2  0.168400  
                   AN2D4  0.336700  
                   AN2D4  0.336700  
                   AN2D8  0.673400  
                   AN2D8  0.673400  
                  AN2XD1  0.084200  
                  AN2XD1  0.084200  
                   AN3D0  0.042100  
                   AN3D0  0.042100  
                   AN3D1  0.084200  
                   AN3D1  0.084200  
                   AN3D2  0.168400  
                   AN3D2  0.168400  
                   AN3D4  0.336700  
                   AN3D4  0.336700  
                   AN3D8  0.673400  
                   AN3D8  0.673400  
                  AN3XD1  0.084200  
                  AN3XD1  0.084200  
                   AN4D0  0.042100  
                   AN4D0  0.042100  
                   AN4D1  0.084200  
                   AN4D1  0.084200  
                   AN4D2  0.168400  
                   AN4D2  0.168400  
                   AN4D4  0.336700  
                   AN4D4  0.336700  
                   AN4D8  0.673400  
                   AN4D8  0.673400  
                  AN4XD1  0.084200  
                  AN4XD1  0.084200  
                 AO211D0  0.042100  
                 AO211D0  0.042100  
                 AO211D1  0.084200  
                 AO211D1  0.084200  
                 AO211D2  0.168400  
                 AO211D2  0.168400  
                 AO211D4  0.336700  
                 AO211D4  0.336700  
                  AO21D0  0.042100  
                  AO21D0  0.042100  
                  AO21D1  0.084200  
                  AO21D1  0.084200  
                  AO21D2  0.168400  
                  AO21D2  0.168400  
                  AO21D4  0.336700  
                  AO21D4  0.336700  
                 AO221D0  0.042100  
                 AO221D0  0.042100  
                 AO221D1  0.084200  
                 AO221D1  0.084200  
                 AO221D2  0.168400  
                 AO221D2  0.168400  
                 AO221D4  0.336700  
                 AO221D4  0.336700  
                 AO222D0  0.042100  
                 AO222D0  0.042100  
                 AO222D1  0.084200  
                 AO222D1  0.084200  
                 AO222D2  0.168400  
                 AO222D2  0.168400  
                 AO222D4  0.336700  
                 AO222D4  0.336700  
                  AO22D0  0.042100  
                  AO22D0  0.042100  
                  AO22D1  0.084200  
                  AO22D1  0.084200  
                  AO22D2  0.168400  
                  AO22D2  0.168400  
                  AO22D4  0.336700  
                  AO22D4  0.336700  
                  AO31D0  0.042100  
                  AO31D0  0.042100  
                  AO31D1  0.084200  
                  AO31D1  0.084200  
                  AO31D2  0.168400  
                  AO31D2  0.168400  
                  AO31D4  0.336700  
                  AO31D4  0.336700  
                  AO32D0  0.042100  
                  AO32D0  0.042100  
                  AO32D1  0.084200  
                  AO32D1  0.084200  
                  AO32D2  0.168400  
                  AO32D2  0.168400  
                  AO32D4  0.336700  
                  AO32D4  0.336700  
                  AO33D0  0.042100  
                  AO33D0  0.042100  
                  AO33D1  0.084200  
                  AO33D1  0.084200  
                  AO33D2  0.168400  
                  AO33D2  0.168400  
                  AO33D4  0.336700  
                  AO33D4  0.336700  
                AOI211D0  0.016300  
                AOI211D0  0.016300  
                AOI211D1  0.030800  
                AOI211D1  0.030800  
                AOI211D2  0.060600  
                AOI211D2  0.060600  
                AOI211D4  0.118200  
                AOI211D4  0.118200  
               AOI211XD0  0.031200  
               AOI211XD0  0.031200  
               AOI211XD1  0.061200  
               AOI211XD1  0.061200  
               AOI211XD2  0.117400  
               AOI211XD2  0.117400  
               AOI211XD4  0.237100  
               AOI211XD4  0.237100  
                 AOI21D0  0.025500  
                 AOI21D0  0.025500  
                 AOI21D1  0.047100  
                 AOI21D1  0.047100  
                 AOI21D2  0.088300  
                 AOI21D2  0.088300  
                 AOI21D4  0.179700  
                 AOI21D4  0.179700  
                AOI221D0  0.016700  
                AOI221D0  0.016700  
                AOI221D1  0.030500  
                AOI221D1  0.030500  
                AOI221D2  0.058700  
                AOI221D2  0.058700  
                AOI221D4  0.336700  
                AOI221D4  0.336700  
               AOI221XD4  0.117800  
               AOI221XD4  0.117800  
                AOI222D0  0.015800  
                AOI222D0  0.015800  
                AOI222D1  0.029800  
                AOI222D1  0.029800  
                AOI222D2  0.057600  
                AOI222D2  0.057600  
                AOI222D4  0.336700  
                AOI222D4  0.336700  
               AOI222XD4  0.117000  
               AOI222XD4  0.117000  
                 AOI22D0  0.024600  
                 AOI22D0  0.024600  
                 AOI22D1  0.045800  
                 AOI22D1  0.045800  
                 AOI22D2  0.090700  
                 AOI22D2  0.090700  
                 AOI22D4  0.179700  
                 AOI22D4  0.179700  
                 AOI31D0  0.025800  
                 AOI31D0  0.025800  
                 AOI31D1  0.046100  
                 AOI31D1  0.046100  
                 AOI31D2  0.090400  
                 AOI31D2  0.090400  
                 AOI31D4  0.174100  
                 AOI31D4  0.174100  
                 AOI32D0  0.024000  
                 AOI32D0  0.024000  
                 AOI32D1  0.045400  
                 AOI32D1  0.045400  
                 AOI32D2  0.089800  
                 AOI32D2  0.089800  
                 AOI32D4  0.336700  
                 AOI32D4  0.336700  
                AOI32XD4  0.178200  
                AOI32XD4  0.178200  
                 AOI33D0  0.024500  
                 AOI33D0  0.024500  
                 AOI33D1  0.044300  
                 AOI33D1  0.044300  
                 AOI33D2  0.088900  
                 AOI33D2  0.088900  
                 AOI33D4  0.336700  
                 AOI33D4  0.336700  
                AOI33XD4  0.177200  
                AOI33XD4  0.177200  
                  BENCD1  0.084200  
                  BENCD1  0.084200  
                  BENCD2  0.168400  
                  BENCD2  0.168400  
                  BENCD4  0.336700  
                  BENCD4  0.336700  
                     BHD  0.041600  
                     BHD  0.041600  
                   BMLD1  0.084200  
                   BMLD1  0.084200  
                   BMLD2  0.168400  
                   BMLD2  0.168400  
                   BMLD4  0.336700  
                   BMLD4  0.336700  
                  BUFFD0  0.042100  
                  BUFFD0  0.042100  
                  BUFFD1  0.084200  
                  BUFFD1  0.084200  
                 BUFFD12  1.010200  
                 BUFFD12  1.010200  
                 BUFFD16  1.346900  
                 BUFFD16  1.346900  
                  BUFFD2  0.168400  
                  BUFFD2  0.168400  
                 BUFFD20  1.683600  
                 BUFFD20  1.683600  
                 BUFFD24  2.020300  
                 BUFFD24  2.020300  
                  BUFFD3  0.252500  
                  BUFFD3  0.252500  
                  BUFFD4  0.336700  
                  BUFFD4  0.336700  
                  BUFFD6  0.505100  
                  BUFFD6  0.505100  
                  BUFFD8  0.673400  
                  BUFFD8  0.673400  
                  BUFTD0  0.042600  
                  BUFTD0  0.042600  
                  BUFTD1  0.073600  
                  BUFTD1  0.073600  
                 BUFTD12  0.988600  
                 BUFTD12  0.988600  
                 BUFTD16  1.293000  
                 BUFTD16  1.293000  
                  BUFTD2  0.152400  
                  BUFTD2  0.152400  
                 BUFTD20  1.578400  
                 BUFTD20  1.578400  
                 BUFTD24  1.872100  
                 BUFTD24  1.872100  
                  BUFTD3  0.236500  
                  BUFTD3  0.236500  
                  BUFTD4  0.322400  
                  BUFTD4  0.322400  
                  BUFTD6  0.484500  
                  BUFTD6  0.484500  
                  BUFTD8  0.665800  
                  BUFTD8  0.665800  
                 CKAN2D0  0.042100  
                 CKAN2D0  0.042100  
                 CKAN2D1  0.084200  
                 CKAN2D1  0.084200  
                 CKAN2D2  0.152500  
                 CKAN2D2  0.152500  
                 CKAN2D4  0.299400  
                 CKAN2D4  0.299400  
                 CKAN2D8  0.616500  
                 CKAN2D8  0.616500  
                   CKBD0  0.042100  
                   CKBD0  0.042100  
                   CKBD1  0.084200  
                   CKBD1  0.084200  
                  CKBD12  1.010200  
                  CKBD12  1.010200  
                  CKBD16  1.346900  
                  CKBD16  1.346900  
                   CKBD2  0.168400  
                   CKBD2  0.168400  
                  CKBD20  1.683600  
                  CKBD20  1.683600  
                  CKBD24  1.986700  
                  CKBD24  1.986700  
                   CKBD3  0.252500  
                   CKBD3  0.252500  
                   CKBD4  0.336700  
                   CKBD4  0.336700  
                   CKBD6  0.505100  
                   CKBD6  0.505100  
                   CKBD8  0.673400  
                   CKBD8  0.673400  
                 CKLHQD1  0.084200  
                 CKLHQD1  0.084200  
                CKLHQD12  1.010200  
                CKLHQD12  1.010200  
                CKLHQD16  1.345100  
                CKLHQD16  1.345100  
                 CKLHQD2  0.168400  
                 CKLHQD2  0.168400  
                CKLHQD20  1.666600  
                CKLHQD20  1.666600  
                CKLHQD24  1.990500  
                CKLHQD24  1.990500  
                 CKLHQD3  0.252500  
                 CKLHQD3  0.252500  
                 CKLHQD4  0.336700  
                 CKLHQD4  0.336700  
                 CKLHQD6  0.505100  
                 CKLHQD6  0.505100  
                 CKLHQD8  0.673400  
                 CKLHQD8  0.673400  
                 CKLNQD1  0.081200  
                 CKLNQD1  0.081200  
                CKLNQD12  0.874700  
                CKLNQD12  0.874700  
                CKLNQD16  1.231200  
                CKLNQD16  1.231200  
                 CKLNQD2  0.164400  
                 CKLNQD2  0.164400  
                CKLNQD20  1.492000  
                CKLNQD20  1.492000  
                CKLNQD24  1.762500  
                CKLNQD24  1.762500  
                 CKLNQD3  0.250400  
                 CKLNQD3  0.250400  
                 CKLNQD4  0.299200  
                 CKLNQD4  0.299200  
                 CKLNQD6  0.461000  
                 CKLNQD6  0.461000  
                 CKLNQD8  0.597400  
                 CKLNQD8  0.597400  
                CKMUX2D0  0.042100  
                CKMUX2D0  0.042100  
                CKMUX2D1  0.084200  
                CKMUX2D1  0.084200  
                CKMUX2D2  0.168400  
                CKMUX2D2  0.168400  
                CKMUX2D4  0.336700  
                CKMUX2D4  0.336700  
                   CKND0  0.042100  
                   CKND0  0.042100  
                   CKND1  0.084200  
                   CKND1  0.084200  
                  CKND12  1.010200  
                  CKND12  1.010200  
                  CKND16  1.346900  
                  CKND16  1.346900  
                   CKND2  0.168400  
                   CKND2  0.168400  
                  CKND20  1.683600  
                  CKND20  1.683600  
                  CKND24  2.020300  
                  CKND24  2.020300  
                 CKND2D0  0.039500  
                 CKND2D0  0.039500  
                 CKND2D1  0.069700  
                 CKND2D1  0.069700  
                 CKND2D2  0.134200  
                 CKND2D2  0.134200  
                 CKND2D3  0.198800  
                 CKND2D3  0.198800  
                 CKND2D4  0.273100  
                 CKND2D4  0.273100  
                 CKND2D8  0.543800  
                 CKND2D8  0.543800  
                   CKND3  0.252500  
                   CKND3  0.252500  
                   CKND4  0.336700  
                   CKND4  0.336700  
                   CKND6  0.505100  
                   CKND6  0.505100  
                   CKND8  0.673400  
                   CKND8  0.673400  
                CKXOR2D0  0.042100  
                CKXOR2D0  0.042100  
                CKXOR2D1  0.084200  
                CKXOR2D1  0.084200  
                CKXOR2D2  0.168400  
                CKXOR2D2  0.168400  
                CKXOR2D4  0.336700  
                CKXOR2D4  0.336700  
                CMPE42D1  0.084200  
                CMPE42D1  0.084200  
                CMPE42D2  0.168400  
                CMPE42D2  0.168400  
                    DEL0  0.081900  
                    DEL0  0.081900  
                  DEL005  0.084200  
                  DEL005  0.084200  
                   DEL01  0.084200  
                   DEL01  0.084200  
                  DEL015  0.084200  
                  DEL015  0.084200  
                   DEL02  0.084200  
                   DEL02  0.084200  
                    DEL1  0.076900  
                    DEL1  0.076900  
                    DEL2  0.080900  
                    DEL2  0.080900  
                    DEL3  0.076300  
                    DEL3  0.076300  
                    DEL4  0.074600  
                    DEL4  0.074600  
                  DFCND1  0.084200  
                  DFCND1  0.084200  
                  DFCND2  0.168400  
                  DFCND2  0.168400  
                  DFCND4  0.336700  
                  DFCND4  0.336700  
                 DFCNQD1  0.084200  
                 DFCNQD1  0.084200  
                 DFCNQD2  0.168400  
                 DFCNQD2  0.168400  
                 DFCNQD4  0.336700  
                 DFCNQD4  0.336700  
                 DFCSND1  0.084200  
                 DFCSND1  0.084200  
                 DFCSND2  0.168400  
                 DFCSND2  0.168400  
                 DFCSND4  0.334500  
                 DFCSND4  0.334500  
                DFCSNQD1  0.084200  
                DFCSNQD1  0.084200  
                DFCSNQD2  0.168400  
                DFCSNQD2  0.168400  
                DFCSNQD4  0.336700  
                DFCSNQD4  0.336700  
                    DFD1  0.084200  
                    DFD1  0.084200  
                    DFD2  0.168400  
                    DFD2  0.168400  
                    DFD4  0.336700  
                    DFD4  0.336700  
                 DFKCND1  0.084200  
                 DFKCND1  0.084200  
                 DFKCND2  0.168400  
                 DFKCND2  0.168400  
                 DFKCND4  0.336700  
                 DFKCND4  0.336700  
                DFKCNQD1  0.084200  
                DFKCNQD1  0.084200  
                DFKCNQD2  0.168400  
                DFKCNQD2  0.168400  
                DFKCNQD4  0.336700  
                DFKCNQD4  0.336700  
                DFKCSND1  0.084200  
                DFKCSND1  0.084200  
                DFKCSND2  0.168400  
                DFKCSND2  0.168400  
                DFKCSND4  0.336700  
                DFKCSND4  0.336700  
                 DFKSND1  0.084200  
                 DFKSND1  0.084200  
                 DFKSND2  0.168400  
                 DFKSND2  0.168400  
                 DFKSND4  0.336700  
                 DFKSND4  0.336700  
                 DFNCND1  0.084200  
                 DFNCND1  0.084200  
                 DFNCND2  0.168400  
                 DFNCND2  0.168400  
                 DFNCND4  0.336700  
                 DFNCND4  0.336700  
                DFNCSND1  0.084200  
                DFNCSND1  0.084200  
                DFNCSND2  0.168400  
                DFNCSND2  0.168400  
                DFNCSND4  0.336700  
                DFNCSND4  0.336700  
                   DFND1  0.084200  
                   DFND1  0.084200  
                   DFND2  0.168400  
                   DFND2  0.168400  
                   DFND4  0.336700  
                   DFND4  0.336700  
                 DFNSND1  0.083300  
                 DFNSND1  0.083300  
                 DFNSND2  0.168400  
                 DFNSND2  0.168400  
                 DFNSND4  0.336700  
                 DFNSND4  0.336700  
                   DFQD1  0.084200  
                   DFQD1  0.084200  
                   DFQD2  0.168400  
                   DFQD2  0.168400  
                   DFQD4  0.336700  
                   DFQD4  0.336700  
                  DFSND1  0.084200  
                  DFSND1  0.084200  
                  DFSND2  0.168400  
                  DFSND2  0.168400  
                  DFSND4  0.336700  
                  DFSND4  0.336700  
                 DFSNQD1  0.084200  
                 DFSNQD1  0.084200  
                 DFSNQD2  0.168400  
                 DFSNQD2  0.168400  
                 DFSNQD4  0.336700  
                 DFSNQD4  0.336700  
                   DFXD1  0.084200  
                   DFXD1  0.084200  
                   DFXD2  0.168400  
                   DFXD2  0.168400  
                   DFXD4  0.336700  
                   DFXD4  0.336700  
                  DFXQD1  0.084200  
                  DFXQD1  0.084200  
                  DFXQD2  0.168400  
                  DFXQD2  0.168400  
                  DFXQD4  0.336700  
                  DFXQD4  0.336700  
                 EDFCND1  0.084200  
                 EDFCND1  0.084200  
                 EDFCND2  0.168400  
                 EDFCND2  0.168400  
                 EDFCND4  0.336700  
                 EDFCND4  0.336700  
                EDFCNQD1  0.084200  
                EDFCNQD1  0.084200  
                EDFCNQD2  0.168400  
                EDFCNQD2  0.168400  
                EDFCNQD4  0.336700  
                EDFCNQD4  0.336700  
                   EDFD1  0.084200  
                   EDFD1  0.084200  
                   EDFD2  0.168400  
                   EDFD2  0.168400  
                   EDFD4  0.336700  
                   EDFD4  0.336700  
                EDFKCND1  0.084200  
                EDFKCND1  0.084200  
                EDFKCND2  0.168400  
                EDFKCND2  0.168400  
                EDFKCND4  0.336700  
                EDFKCND4  0.336700  
               EDFKCNQD1  0.084200  
               EDFKCNQD1  0.084200  
               EDFKCNQD2  0.168400  
               EDFKCNQD2  0.168400  
               EDFKCNQD4  0.336700  
               EDFKCNQD4  0.336700  
                  EDFQD1  0.084200  
                  EDFQD1  0.084200  
                  EDFQD2  0.168400  
                  EDFQD2  0.168400  
                  EDFQD4  0.336700  
                  EDFQD4  0.336700  
                   FA1D0  0.042100  
                   FA1D0  0.042100  
                   FA1D1  0.084200  
                   FA1D1  0.084200  
                   FA1D2  0.168400  
                   FA1D2  0.168400  
                   FA1D4  0.336700  
                   FA1D4  0.336700  
                FCICIND1  0.084200  
                FCICIND1  0.084200  
                FCICIND2  0.168400  
                FCICIND2  0.168400  
                FCICOND1  0.045400  
                FCICOND1  0.045400  
                FCICOND2  0.168400  
                FCICOND2  0.168400  
               FCSICIND1  0.084200  
               FCSICIND1  0.084200  
               FCSICIND2  0.092200  
               FCSICIND2  0.092200  
               FCSICOND1  0.084200  
               FCSICOND1  0.084200  
               FCSICOND2  0.088500  
               FCSICOND2  0.088500  
                 FICIND1  0.084200  
                 FICIND1  0.084200  
                 FICIND2  0.168400  
                 FICIND2  0.168400  
                 FICOND1  0.084200  
                 FICOND1  0.084200  
                 FICOND2  0.168400  
                 FICOND2  0.168400  
                FIICOND1  0.084200  
                FIICOND1  0.084200  
                FIICOND2  0.168400  
                FIICOND2  0.168400  
                  GAN2D1  0.084200  
                  GAN2D1  0.084200  
                  GAN2D2  0.168400  
                  GAN2D2  0.168400  
                GAOI21D1  0.046900  
                GAOI21D1  0.046900  
                GAOI21D2  0.092000  
                GAOI21D2  0.092000  
                GAOI22D1  0.045900  
                GAOI22D1  0.045900  
                 GBUFFD1  0.084200  
                 GBUFFD1  0.084200  
                 GBUFFD2  0.168400  
                 GBUFFD2  0.168400  
                 GBUFFD3  0.252500  
                 GBUFFD3  0.252500  
                 GBUFFD4  0.336700  
                 GBUFFD4  0.336700  
                 GBUFFD8  0.673400  
                 GBUFFD8  0.673400  
                GDFCNQD1  0.084200  
                GDFCNQD1  0.084200  
                  GDFQD1  0.084200  
                  GDFQD1  0.084200  
                  GINVD1  0.084200  
                  GINVD1  0.084200  
                  GINVD2  0.168400  
                  GINVD2  0.168400  
                  GINVD3  0.252500  
                  GINVD3  0.252500  
                  GINVD4  0.336700  
                  GINVD4  0.336700  
                  GINVD8  0.673400  
                  GINVD8  0.673400  
                 GMUX2D1  0.084200  
                 GMUX2D1  0.084200  
                 GMUX2D2  0.168400  
                 GMUX2D2  0.168400  
                GMUX2ND1  0.084200  
                GMUX2ND1  0.084200  
                GMUX2ND2  0.168400  
                GMUX2ND2  0.168400  
                  GND2D1  0.084200  
                  GND2D1  0.084200  
                  GND2D2  0.168400  
                  GND2D2  0.168400  
                  GND2D3  0.245600  
                  GND2D3  0.245600  
                  GND2D4  0.321800  
                  GND2D4  0.321800  
                  GND3D1  0.059500  
                  GND3D1  0.059500  
                  GND3D2  0.115500  
                  GND3D2  0.115500  
                  GNR2D1  0.047700  
                  GNR2D1  0.047700  
                  GNR2D2  0.095200  
                  GNR2D2  0.095200  
                  GNR3D1  0.031200  
                  GNR3D1  0.031200  
                  GNR3D2  0.060800  
                  GNR3D2  0.060800  
                GOAI21D1  0.046700  
                GOAI21D1  0.046700  
                GOAI21D2  0.092800  
                GOAI21D2  0.092800  
                  GOR2D1  0.084200  
                  GOR2D1  0.084200  
                  GOR2D2  0.168400  
                  GOR2D2  0.168400  
               GSDFCNQD1  0.084200  
               GSDFCNQD1  0.084200  
                   GTIEH  0.041600  
                   GTIEH  0.041600  
                   GTIEL  0.041600  
                   GTIEL  0.041600  
                 GXNR2D1  0.084200  
                 GXNR2D1  0.084200  
                 GXNR2D2  0.168400  
                 GXNR2D2  0.168400  
                 GXOR2D1  0.084200  
                 GXOR2D1  0.084200  
                 GXOR2D2  0.168400  
                 GXOR2D2  0.168400  
                   HA1D0  0.042100  
                   HA1D0  0.042100  
                   HA1D1  0.084200  
                   HA1D1  0.084200  
                   HA1D2  0.168400  
                   HA1D2  0.168400  
                   HA1D4  0.336700  
                   HA1D4  0.336700  
               HCOSCIND1  0.084200  
               HCOSCIND1  0.084200  
               HCOSCIND2  0.168400  
               HCOSCIND2  0.168400  
               HCOSCOND1  0.084200  
               HCOSCOND1  0.084200  
               HCOSCOND2  0.168400  
               HCOSCOND2  0.168400  
                 HICIND1  0.084200  
                 HICIND1  0.084200  
                 HICIND2  0.168400  
                 HICIND2  0.168400  
                 HICOND1  0.084200  
                 HICOND1  0.084200  
                 HICOND2  0.168400  
                 HICOND2  0.168400  
                 IAO21D0  0.025500  
                 IAO21D0  0.025500  
                 IAO21D1  0.046300  
                 IAO21D1  0.046300  
                 IAO21D2  0.092100  
                 IAO21D2  0.092100  
                 IAO21D4  0.183000  
                 IAO21D4  0.183000  
                 IAO22D0  0.025400  
                 IAO22D0  0.025400  
                 IAO22D1  0.046600  
                 IAO22D1  0.046600  
                 IAO22D2  0.168400  
                 IAO22D2  0.168400  
                 IAO22D4  0.336700  
                 IAO22D4  0.336700  
                 IIND4D0  0.021500  
                 IIND4D0  0.021500  
                 IIND4D1  0.039700  
                 IIND4D1  0.039700  
                 IIND4D2  0.085700  
                 IIND4D2  0.085700  
                 IIND4D4  0.166800  
                 IIND4D4  0.166800  
                 IINR4D0  0.020800  
                 IINR4D0  0.020800  
                 IINR4D1  0.041300  
                 IINR4D1  0.041300  
                 IINR4D2  0.089900  
                 IINR4D2  0.089900  
                 IINR4D4  0.181400  
                 IINR4D4  0.181400  
                  IND2D0  0.042100  
                  IND2D0  0.042100  
                  IND2D1  0.080400  
                  IND2D1  0.080400  
                  IND2D2  0.168400  
                  IND2D2  0.168400  
                  IND2D4  0.325400  
                  IND2D4  0.325400  
                  IND3D0  0.032000  
                  IND3D0  0.032000  
                  IND3D1  0.057500  
                  IND3D1  0.057500  
                  IND3D2  0.112800  
                  IND3D2  0.112800  
                  IND3D4  0.221400  
                  IND3D4  0.221400  
                  IND4D0  0.023800  
                  IND4D0  0.023800  
                  IND4D1  0.043500  
                  IND4D1  0.043500  
                  IND4D2  0.084400  
                  IND4D2  0.084400  
                  IND4D4  0.165100  
                  IND4D4  0.165100  
                  INR2D0  0.025500  
                  INR2D0  0.025500  
                  INR2D1  0.046200  
                  INR2D1  0.046200  
                  INR2D2  0.095100  
                  INR2D2  0.095100  
                  INR2D4  0.182300  
                  INR2D4  0.182300  
                 INR2XD0  0.042100  
                 INR2XD0  0.042100  
                 INR2XD1  0.084200  
                 INR2XD1  0.084200  
                 INR2XD2  0.168400  
                 INR2XD2  0.168400  
                 INR2XD4  0.336700  
                 INR2XD4  0.336700  
                  INR3D0  0.031000  
                  INR3D0  0.031000  
                  INR3D1  0.059900  
                  INR3D1  0.059900  
                  INR3D2  0.062500  
                  INR3D2  0.062500  
                  INR3D4  0.120200  
                  INR3D4  0.120200  
                  INR4D0  0.022900  
                  INR4D0  0.022900  
                  INR4D1  0.041000  
                  INR4D1  0.041000  
                  INR4D2  0.084800  
                  INR4D2  0.084800  
                  INR4D4  0.087100  
                  INR4D4  0.087100  
                   INVD0  0.042100  
                   INVD0  0.042100  
                   INVD1  0.084200  
                   INVD1  0.084200  
                  INVD12  1.010200  
                  INVD12  1.010200  
                  INVD16  1.346900  
                  INVD16  1.346900  
                   INVD2  0.168400  
                   INVD2  0.168400  
                  INVD20  1.683600  
                  INVD20  1.683600  
                  INVD24  2.020300  
                  INVD24  2.020300  
                   INVD3  0.252500  
                   INVD3  0.252500  
                   INVD4  0.336700  
                   INVD4  0.336700  
                   INVD6  0.505100  
                   INVD6  0.505100  
                   INVD8  0.673400  
                   INVD8  0.673400  
                 IOA21D0  0.042100  
                 IOA21D0  0.042100  
                 IOA21D1  0.081400  
                 IOA21D1  0.081400  
                 IOA21D2  0.162500  
                 IOA21D2  0.162500  
                 IOA21D4  0.317400  
                 IOA21D4  0.317400  
                 IOA22D0  0.024500  
                 IOA22D0  0.024500  
                 IOA22D1  0.045300  
                 IOA22D1  0.045300  
                 IOA22D2  0.168400  
                 IOA22D2  0.168400  
                 IOA22D4  0.336700  
                 IOA22D4  0.336700  
                  LHCND1  0.084200  
                  LHCND1  0.084200  
                  LHCND2  0.168400  
                  LHCND2  0.168400  
                  LHCND4  0.336700  
                  LHCND4  0.336700  
                 LHCNDD1  0.084200  
                 LHCNDD1  0.084200  
                 LHCNDD2  0.168400  
                 LHCNDD2  0.168400  
                 LHCNDD4  0.336700  
                 LHCNDD4  0.336700  
                LHCNDQD1  0.084200  
                LHCNDQD1  0.084200  
                LHCNDQD2  0.168400  
                LHCNDQD2  0.168400  
                LHCNDQD4  0.336700  
                LHCNDQD4  0.336700  
                 LHCNQD1  0.084200  
                 LHCNQD1  0.084200  
                 LHCNQD2  0.168400  
                 LHCNQD2  0.168400  
                 LHCNQD4  0.336700  
                 LHCNQD4  0.336700  
                 LHCSND1  0.084200  
                 LHCSND1  0.084200  
                 LHCSND2  0.168400  
                 LHCSND2  0.168400  
                 LHCSND4  0.336700  
                 LHCSND4  0.336700  
                LHCSNDD1  0.084200  
                LHCSNDD1  0.084200  
                LHCSNDD2  0.168400  
                LHCSNDD2  0.168400  
                LHCSNDD4  0.336700  
                LHCSNDD4  0.336700  
               LHCSNDQD1  0.084200  
               LHCSNDQD1  0.084200  
               LHCSNDQD2  0.168400  
               LHCSNDQD2  0.168400  
               LHCSNDQD4  0.336700  
               LHCSNDQD4  0.336700  
                LHCSNQD1  0.084200  
                LHCSNQD1  0.084200  
                LHCSNQD2  0.168400  
                LHCSNQD2  0.168400  
                LHCSNQD4  0.336700  
                LHCSNQD4  0.336700  
                    LHD1  0.084200  
                    LHD1  0.084200  
                    LHD2  0.168400  
                    LHD2  0.168400  
                    LHD4  0.336700  
                    LHD4  0.336700  
                   LHQD1  0.084200  
                   LHQD1  0.084200  
                   LHQD2  0.168400  
                   LHQD2  0.168400  
                   LHQD4  0.336700  
                   LHQD4  0.336700  
                  LHSND1  0.084200  
                  LHSND1  0.084200  
                  LHSND2  0.168400  
                  LHSND2  0.168400  
                  LHSND4  0.336700  
                  LHSND4  0.336700  
                 LHSNDD1  0.084200  
                 LHSNDD1  0.084200  
                 LHSNDD2  0.168400  
                 LHSNDD2  0.168400  
                 LHSNDD4  0.336700  
                 LHSNDD4  0.336700  
                LHSNDQD1  0.083800  
                LHSNDQD1  0.083800  
                LHSNDQD2  0.168400  
                LHSNDQD2  0.168400  
                LHSNDQD4  0.336700  
                LHSNDQD4  0.336700  
                 LHSNQD1  0.084200  
                 LHSNQD1  0.084200  
                 LHSNQD2  0.168400  
                 LHSNQD2  0.168400  
                 LHSNQD4  0.336700  
                 LHSNQD4  0.336700  
                  LNCND1  0.084200  
                  LNCND1  0.084200  
                  LNCND2  0.168400  
                  LNCND2  0.168400  
                  LNCND4  0.336700  
                  LNCND4  0.336700  
                 LNCNDD1  0.084200  
                 LNCNDD1  0.084200  
                 LNCNDD2  0.168400  
                 LNCNDD2  0.168400  
                 LNCNDD4  0.336700  
                 LNCNDD4  0.336700  
                LNCNDQD1  0.084200  
                LNCNDQD1  0.084200  
                LNCNDQD2  0.168400  
                LNCNDQD2  0.168400  
                LNCNDQD4  0.336700  
                LNCNDQD4  0.336700  
                 LNCNQD1  0.084200  
                 LNCNQD1  0.084200  
                 LNCNQD2  0.168400  
                 LNCNQD2  0.168400  
                 LNCNQD4  0.336700  
                 LNCNQD4  0.336700  
                 LNCSND1  0.083300  
                 LNCSND1  0.083300  
                 LNCSND2  0.168400  
                 LNCSND2  0.168400  
                 LNCSND4  0.336700  
                 LNCSND4  0.336700  
                LNCSNDD1  0.084200  
                LNCSNDD1  0.084200  
                LNCSNDD2  0.168400  
                LNCSNDD2  0.168400  
                LNCSNDD4  0.336700  
                LNCSNDD4  0.336700  
               LNCSNDQD1  0.084200  
               LNCSNDQD1  0.084200  
               LNCSNDQD2  0.168400  
               LNCSNDQD2  0.168400  
               LNCSNDQD4  0.336700  
               LNCSNDQD4  0.336700  
                LNCSNQD1  0.084200  
                LNCSNQD1  0.084200  
                LNCSNQD2  0.168400  
                LNCSNQD2  0.168400  
                LNCSNQD4  0.336700  
                LNCSNQD4  0.336700  
                    LND1  0.084200  
                    LND1  0.084200  
                    LND2  0.168400  
                    LND2  0.168400  
                    LND4  0.336700  
                    LND4  0.336700  
                   LNQD1  0.084200  
                   LNQD1  0.084200  
                   LNQD2  0.168400  
                   LNQD2  0.168400  
                   LNQD4  0.336700  
                   LNQD4  0.336700  
                  LNSND1  0.084200  
                  LNSND1  0.084200  
                  LNSND2  0.168400  
                  LNSND2  0.168400  
                  LNSND4  0.336700  
                  LNSND4  0.336700  
                 LNSNDD1  0.084200  
                 LNSNDD1  0.084200  
                 LNSNDD2  0.168400  
                 LNSNDD2  0.168400  
                 LNSNDD4  0.336700  
                 LNSNDD4  0.336700  
                LNSNDQD1  0.083700  
                LNSNDQD1  0.083700  
                LNSNDQD2  0.168400  
                LNSNDQD2  0.168400  
                LNSNDQD4  0.336700  
                LNSNDQD4  0.336700  
                 LNSNQD1  0.084200  
                 LNSNQD1  0.084200  
                 LNSNQD2  0.168400  
                 LNSNQD2  0.168400  
                 LNSNQD4  0.336700  
                 LNSNQD4  0.336700  
               MAOI222D0  0.022700  
               MAOI222D0  0.022700  
               MAOI222D1  0.038900  
               MAOI222D1  0.038900  
               MAOI222D2  0.168400  
               MAOI222D2  0.168400  
               MAOI222D4  0.336700  
               MAOI222D4  0.336700  
                MAOI22D0  0.025800  
                MAOI22D0  0.025800  
                MAOI22D1  0.047400  
                MAOI22D1  0.047400  
                MAOI22D2  0.168400  
                MAOI22D2  0.168400  
                MAOI22D4  0.336700  
                MAOI22D4  0.336700  
                MOAI22D0  0.023900  
                MOAI22D0  0.023900  
                MOAI22D1  0.044600  
                MOAI22D1  0.044600  
                MOAI22D2  0.168400  
                MOAI22D2  0.168400  
                MOAI22D4  0.336700  
                MOAI22D4  0.336700  
                  MUX2D0  0.042100  
                  MUX2D0  0.042100  
                  MUX2D1  0.084200  
                  MUX2D1  0.084200  
                  MUX2D2  0.168400  
                  MUX2D2  0.168400  
                  MUX2D4  0.336700  
                  MUX2D4  0.336700  
                 MUX2ND0  0.032100  
                 MUX2ND0  0.032100  
                 MUX2ND1  0.084200  
                 MUX2ND1  0.084200  
                 MUX2ND2  0.168400  
                 MUX2ND2  0.168400  
                 MUX2ND4  0.336700  
                 MUX2ND4  0.336700  
                  MUX3D0  0.042100  
                  MUX3D0  0.042100  
                  MUX3D1  0.084200  
                  MUX3D1  0.084200  
                  MUX3D2  0.168400  
                  MUX3D2  0.168400  
                  MUX3D4  0.336700  
                  MUX3D4  0.336700  
                 MUX3ND0  0.020900  
                 MUX3ND0  0.020900  
                 MUX3ND1  0.084200  
                 MUX3ND1  0.084200  
                 MUX3ND2  0.168400  
                 MUX3ND2  0.168400  
                 MUX3ND4  0.336700  
                 MUX3ND4  0.336700  
                  MUX4D0  0.042100  
                  MUX4D0  0.042100  
                  MUX4D1  0.084200  
                  MUX4D1  0.084200  
                  MUX4D2  0.168400  
                  MUX4D2  0.168400  
                  MUX4D4  0.336700  
                  MUX4D4  0.336700  
                 MUX4ND0  0.020500  
                 MUX4ND0  0.020500  
                 MUX4ND1  0.084200  
                 MUX4ND1  0.084200  
                 MUX4ND2  0.168400  
                 MUX4ND2  0.168400  
                 MUX4ND4  0.336700  
                 MUX4ND4  0.336700  
                   ND2D0  0.042100  
                   ND2D0  0.042100  
                   ND2D1  0.084200  
                   ND2D1  0.084200  
                   ND2D2  0.168400  
                   ND2D2  0.168400  
                   ND2D3  0.245100  
                   ND2D3  0.245100  
                   ND2D4  0.336700  
                   ND2D4  0.336700  
                   ND2D8  0.595700  
                   ND2D8  0.595700  
                   ND3D0  0.031800  
                   ND3D0  0.031800  
                   ND3D1  0.059100  
                   ND3D1  0.059100  
                   ND3D2  0.112900  
                   ND3D2  0.112900  
                   ND3D3  0.176000  
                   ND3D3  0.176000  
                   ND3D4  0.232800  
                   ND3D4  0.232800  
                   ND3D8  0.436200  
                   ND3D8  0.436200  
                   ND4D0  0.024100  
                   ND4D0  0.024100  
                   ND4D1  0.045000  
                   ND4D1  0.045000  
                   ND4D2  0.085500  
                   ND4D2  0.085500  
                   ND4D3  0.126800  
                   ND4D3  0.126800  
                   ND4D4  0.167500  
                   ND4D4  0.167500  
                   ND4D8  0.673400  
                   ND4D8  0.673400  
                   NR2D0  0.025700  
                   NR2D0  0.025700  
                   NR2D1  0.047800  
                   NR2D1  0.047800  
                   NR2D2  0.096900  
                   NR2D2  0.096900  
                   NR2D3  0.138900  
                   NR2D3  0.138900  
                   NR2D4  0.186200  
                   NR2D4  0.186200  
                   NR2D8  0.361500  
                   NR2D8  0.361500  
                  NR2XD0  0.042100  
                  NR2XD0  0.042100  
                  NR2XD1  0.084200  
                  NR2XD1  0.084200  
                  NR2XD2  0.168400  
                  NR2XD2  0.168400  
                  NR2XD3  0.252500  
                  NR2XD3  0.252500  
                  NR2XD4  0.336700  
                  NR2XD4  0.336700  
                  NR2XD8  0.673400  
                  NR2XD8  0.673400  
                   NR3D0  0.031800  
                   NR3D0  0.031800  
                   NR3D1  0.062200  
                   NR3D1  0.062200  
                   NR3D2  0.117300  
                   NR3D2  0.117300  
                   NR3D3  0.181400  
                   NR3D3  0.181400  
                   NR3D4  0.230400  
                   NR3D4  0.230400  
                   NR3D8  0.452800  
                   NR3D8  0.452800  
                   NR4D0  0.023400  
                   NR4D0  0.023400  
                   NR4D1  0.041000  
                   NR4D1  0.041000  
                   NR4D2  0.085400  
                   NR4D2  0.085400  
                   NR4D3  0.133100  
                   NR4D3  0.133100  
                   NR4D4  0.167500  
                   NR4D4  0.167500  
                   NR4D8  0.673400  
                   NR4D8  0.673400  
                 OA211D0  0.042100  
                 OA211D0  0.042100  
                 OA211D1  0.084200  
                 OA211D1  0.084200  
                 OA211D2  0.168400  
                 OA211D2  0.168400  
                 OA211D4  0.336700  
                 OA211D4  0.336700  
                  OA21D0  0.042100  
                  OA21D0  0.042100  
                  OA21D1  0.084200  
                  OA21D1  0.084200  
                  OA21D2  0.168400  
                  OA21D2  0.168400  
                  OA21D4  0.336700  
                  OA21D4  0.336700  
                 OA221D0  0.042100  
                 OA221D0  0.042100  
                 OA221D1  0.084200  
                 OA221D1  0.084200  
                 OA221D2  0.168400  
                 OA221D2  0.168400  
                 OA221D4  0.336700  
                 OA221D4  0.336700  
                 OA222D0  0.042100  
                 OA222D0  0.042100  
                 OA222D1  0.084200  
                 OA222D1  0.084200  
                 OA222D2  0.168400  
                 OA222D2  0.168400  
                 OA222D4  0.336700  
                 OA222D4  0.336700  
                  OA22D0  0.042100  
                  OA22D0  0.042100  
                  OA22D1  0.084200  
                  OA22D1  0.084200  
                  OA22D2  0.168400  
                  OA22D2  0.168400  
                  OA22D4  0.336700  
                  OA22D4  0.336700  
                  OA31D0  0.042100  
                  OA31D0  0.042100  
                  OA31D1  0.084200  
                  OA31D1  0.084200  
                  OA31D2  0.168400  
                  OA31D2  0.168400  
                  OA31D4  0.336700  
                  OA31D4  0.336700  
                  OA32D0  0.042100  
                  OA32D0  0.042100  
                  OA32D1  0.084200  
                  OA32D1  0.084200  
                  OA32D2  0.168400  
                  OA32D2  0.168400  
                  OA32D4  0.336700  
                  OA32D4  0.336700  
                  OA33D0  0.042100  
                  OA33D0  0.042100  
                  OA33D1  0.084200  
                  OA33D1  0.084200  
                  OA33D2  0.168400  
                  OA33D2  0.168400  
                  OA33D4  0.336700  
                  OA33D4  0.336700  
                OAI211D0  0.022700  
                OAI211D0  0.022700  
                OAI211D1  0.042700  
                OAI211D1  0.042700  
                OAI211D2  0.092100  
                OAI211D2  0.092100  
                OAI211D4  0.179500  
                OAI211D4  0.179500  
                 OAI21D0  0.025600  
                 OAI21D0  0.025600  
                 OAI21D1  0.047200  
                 OAI21D1  0.047200  
                 OAI21D2  0.091800  
                 OAI21D2  0.091800  
                 OAI21D4  0.181000  
                 OAI21D4  0.181000  
                OAI221D0  0.024500  
                OAI221D0  0.024500  
                OAI221D1  0.044900  
                OAI221D1  0.044900  
                OAI221D2  0.090500  
                OAI221D2  0.090500  
                OAI221D4  0.336700  
                OAI221D4  0.336700  
               OAI221XD4  0.178900  
               OAI221XD4  0.178900  
                OAI222D0  0.022400  
                OAI222D0  0.022400  
                OAI222D1  0.043600  
                OAI222D1  0.043600  
                OAI222D2  0.086300  
                OAI222D2  0.086300  
                OAI222D4  0.336700  
                OAI222D4  0.336700  
               OAI222XD4  0.167600  
               OAI222XD4  0.167600  
                 OAI22D0  0.023400  
                 OAI22D0  0.023400  
                 OAI22D1  0.044300  
                 OAI22D1  0.044300  
                 OAI22D2  0.090500  
                 OAI22D2  0.090500  
                 OAI22D4  0.175600  
                 OAI22D4  0.175600  
                 OAI31D0  0.015700  
                 OAI31D0  0.015700  
                 OAI31D1  0.029500  
                 OAI31D1  0.029500  
                 OAI31D2  0.059700  
                 OAI31D2  0.059700  
                 OAI31D4  0.116700  
                 OAI31D4  0.116700  
                 OAI32D0  0.015700  
                 OAI32D0  0.015700  
                 OAI32D1  0.029900  
                 OAI32D1  0.029900  
                 OAI32D2  0.061100  
                 OAI32D2  0.061100  
                 OAI32D4  0.336700  
                 OAI32D4  0.336700  
                OAI32XD4  0.117600  
                OAI32XD4  0.117600  
                 OAI33D0  0.014200  
                 OAI33D0  0.014200  
                 OAI33D1  0.027800  
                 OAI33D1  0.027800  
                 OAI33D2  0.054900  
                 OAI33D2  0.054900  
                 OAI33D4  0.336700  
                 OAI33D4  0.336700  
                OAI33XD4  0.106600  
                OAI33XD4  0.106600  
                   OR2D0  0.042100  
                   OR2D0  0.042100  
                   OR2D1  0.084200  
                   OR2D1  0.084200  
                   OR2D2  0.168400  
                   OR2D2  0.168400  
                   OR2D4  0.336700  
                   OR2D4  0.336700  
                   OR2D8  0.673400  
                   OR2D8  0.673400  
                  OR2XD1  0.084200  
                  OR2XD1  0.084200  
                   OR3D0  0.042100  
                   OR3D0  0.042100  
                   OR3D1  0.084200  
                   OR3D1  0.084200  
                   OR3D2  0.168400  
                   OR3D2  0.168400  
                   OR3D4  0.336700  
                   OR3D4  0.336700  
                   OR3D8  0.673400  
                   OR3D8  0.673400  
                  OR3XD1  0.084200  
                  OR3XD1  0.084200  
                   OR4D0  0.042100  
                   OR4D0  0.042100  
                   OR4D1  0.084200  
                   OR4D1  0.084200  
                   OR4D2  0.168400  
                   OR4D2  0.168400  
                   OR4D4  0.336700  
                   OR4D4  0.336700  
                   OR4D8  0.673400  
                   OR4D8  0.673400  
                  OR4XD1  0.084200  
                  OR4XD1  0.084200  
                 SDFCND0  0.042100  
                 SDFCND0  0.042100  
                 SDFCND1  0.084200  
                 SDFCND1  0.084200  
                 SDFCND2  0.168400  
                 SDFCND2  0.168400  
                 SDFCND4  0.336700  
                 SDFCND4  0.336700  
                SDFCNQD0  0.042100  
                SDFCNQD0  0.042100  
                SDFCNQD1  0.084200  
                SDFCNQD1  0.084200  
                SDFCNQD2  0.168400  
                SDFCNQD2  0.168400  
                SDFCNQD4  0.336700  
                SDFCNQD4  0.336700  
                SDFCSND0  0.042100  
                SDFCSND0  0.042100  
                SDFCSND1  0.084200  
                SDFCSND1  0.084200  
                SDFCSND2  0.168400  
                SDFCSND2  0.168400  
                SDFCSND4  0.336700  
                SDFCSND4  0.336700  
               SDFCSNQD0  0.042100  
               SDFCSNQD0  0.042100  
               SDFCSNQD1  0.084200  
               SDFCSNQD1  0.084200  
               SDFCSNQD2  0.168400  
               SDFCSNQD2  0.168400  
               SDFCSNQD4  0.336700  
               SDFCSNQD4  0.336700  
                   SDFD0  0.042100  
                   SDFD0  0.042100  
                   SDFD1  0.084200  
                   SDFD1  0.084200  
                   SDFD2  0.168400  
                   SDFD2  0.168400  
                   SDFD4  0.336700  
                   SDFD4  0.336700  
                SDFKCND0  0.042100  
                SDFKCND0  0.042100  
                SDFKCND1  0.084200  
                SDFKCND1  0.084200  
                SDFKCND2  0.168400  
                SDFKCND2  0.168400  
                SDFKCND4  0.336700  
                SDFKCND4  0.336700  
               SDFKCNQD0  0.042100  
               SDFKCNQD0  0.042100  
               SDFKCNQD1  0.084200  
               SDFKCNQD1  0.084200  
               SDFKCNQD2  0.168400  
               SDFKCNQD2  0.168400  
               SDFKCNQD4  0.336700  
               SDFKCNQD4  0.336700  
               SDFKCSND0  0.042100  
               SDFKCSND0  0.042100  
               SDFKCSND1  0.084200  
               SDFKCSND1  0.084200  
               SDFKCSND2  0.168400  
               SDFKCSND2  0.168400  
               SDFKCSND4  0.336700  
               SDFKCSND4  0.336700  
              SDFKCSNQD0  0.042100  
              SDFKCSNQD0  0.042100  
              SDFKCSNQD1  0.084200  
              SDFKCSNQD1  0.084200  
              SDFKCSNQD2  0.168400  
              SDFKCSNQD2  0.168400  
              SDFKCSNQD4  0.336700  
              SDFKCSNQD4  0.336700  
                SDFKSND0  0.042100  
                SDFKSND0  0.042100  
                SDFKSND1  0.084200  
                SDFKSND1  0.084200  
                SDFKSND2  0.168400  
                SDFKSND2  0.168400  
                SDFKSND4  0.336700  
                SDFKSND4  0.336700  
               SDFKSNQD0  0.042100  
               SDFKSNQD0  0.042100  
               SDFKSNQD1  0.084200  
               SDFKSNQD1  0.084200  
               SDFKSNQD2  0.168400  
               SDFKSNQD2  0.168400  
               SDFKSNQD4  0.336700  
               SDFKSNQD4  0.336700  
                SDFNCND0  0.042100  
                SDFNCND0  0.042100  
                SDFNCND1  0.084200  
                SDFNCND1  0.084200  
                SDFNCND2  0.168400  
                SDFNCND2  0.168400  
                SDFNCND4  0.336700  
                SDFNCND4  0.336700  
               SDFNCSND0  0.042100  
               SDFNCSND0  0.042100  
               SDFNCSND1  0.084200  
               SDFNCSND1  0.084200  
               SDFNCSND2  0.168400  
               SDFNCSND2  0.168400  
               SDFNCSND4  0.336700  
               SDFNCSND4  0.336700  
                  SDFND0  0.042100  
                  SDFND0  0.042100  
                  SDFND1  0.084200  
                  SDFND1  0.084200  
                  SDFND2  0.168400  
                  SDFND2  0.168400  
                  SDFND4  0.336700  
                  SDFND4  0.336700  
                SDFNSND0  0.042100  
                SDFNSND0  0.042100  
                SDFNSND1  0.084200  
                SDFNSND1  0.084200  
                SDFNSND2  0.168400  
                SDFNSND2  0.168400  
                SDFNSND4  0.336700  
                SDFNSND4  0.336700  
                  SDFQD0  0.042100  
                  SDFQD0  0.042100  
                  SDFQD1  0.082000  
                  SDFQD1  0.082000  
                  SDFQD2  0.168400  
                  SDFQD2  0.168400  
                  SDFQD4  0.336700  
                  SDFQD4  0.336700  
                 SDFQND0  0.042100  
                 SDFQND0  0.042100  
                 SDFQND1  0.084200  
                 SDFQND1  0.084200  
                 SDFQND2  0.168400  
                 SDFQND2  0.168400  
                 SDFQND4  0.336700  
                 SDFQND4  0.336700  
                 SDFSND0  0.042100  
                 SDFSND0  0.042100  
                 SDFSND1  0.084200  
                 SDFSND1  0.084200  
                 SDFSND2  0.168400  
                 SDFSND2  0.168400  
                 SDFSND4  0.336700  
                 SDFSND4  0.336700  
                SDFSNQD0  0.042100  
                SDFSNQD0  0.042100  
                SDFSNQD1  0.084200  
                SDFSNQD1  0.084200  
                SDFSNQD2  0.168400  
                SDFSNQD2  0.168400  
                SDFSNQD4  0.336700  
                SDFSNQD4  0.336700  
                  SDFXD0  0.042100  
                  SDFXD0  0.042100  
                  SDFXD1  0.084200  
                  SDFXD1  0.084200  
                  SDFXD2  0.168400  
                  SDFXD2  0.168400  
                  SDFXD4  0.336700  
                  SDFXD4  0.336700  
                 SDFXQD0  0.042100  
                 SDFXQD0  0.042100  
                 SDFXQD1  0.084200  
                 SDFXQD1  0.084200  
                 SDFXQD2  0.168400  
                 SDFXQD2  0.168400  
                 SDFXQD4  0.336700  
                 SDFXQD4  0.336700  
                SEDFCND0  0.042100  
                SEDFCND0  0.042100  
                SEDFCND1  0.084200  
                SEDFCND1  0.084200  
                SEDFCND2  0.168400  
                SEDFCND2  0.168400  
                SEDFCND4  0.336700  
                SEDFCND4  0.336700  
               SEDFCNQD0  0.042100  
               SEDFCNQD0  0.042100  
               SEDFCNQD1  0.084200  
               SEDFCNQD1  0.084200  
               SEDFCNQD2  0.168400  
               SEDFCNQD2  0.168400  
               SEDFCNQD4  0.336700  
               SEDFCNQD4  0.336700  
                  SEDFD0  0.042100  
                  SEDFD0  0.042100  
                  SEDFD1  0.084200  
                  SEDFD1  0.084200  
                  SEDFD2  0.168400  
                  SEDFD2  0.168400  
                  SEDFD4  0.336700  
                  SEDFD4  0.336700  
               SEDFKCND0  0.042100  
               SEDFKCND0  0.042100  
               SEDFKCND1  0.084200  
               SEDFKCND1  0.084200  
               SEDFKCND2  0.168400  
               SEDFKCND2  0.168400  
               SEDFKCND4  0.336700  
               SEDFKCND4  0.336700  
              SEDFKCNQD0  0.042100  
              SEDFKCNQD0  0.042100  
              SEDFKCNQD1  0.084200  
              SEDFKCNQD1  0.084200  
              SEDFKCNQD2  0.168400  
              SEDFKCNQD2  0.168400  
              SEDFKCNQD4  0.336700  
              SEDFKCNQD4  0.336700  
                 SEDFQD0  0.042100  
                 SEDFQD0  0.042100  
                 SEDFQD1  0.084200  
                 SEDFQD1  0.084200  
                 SEDFQD2  0.168400  
                 SEDFQD2  0.168400  
                 SEDFQD4  0.336700  
                 SEDFQD4  0.336700  
                SEDFQND0  0.042100  
                SEDFQND0  0.042100  
                SEDFQND1  0.084200  
                SEDFQND1  0.084200  
                SEDFQND2  0.168400  
                SEDFQND2  0.168400  
                SEDFQND4  0.336700  
                SEDFQND4  0.336700  
               SEDFQNXD0  0.042100  
               SEDFQNXD0  0.042100  
               SEDFQNXD1  0.084100  
               SEDFQNXD1  0.084100  
               SEDFQNXD2  0.168400  
               SEDFQNXD2  0.168400  
               SEDFQNXD4  0.336700  
               SEDFQNXD4  0.336700  
                SEDFQXD0  0.042100  
                SEDFQXD0  0.042100  
                SEDFQXD1  0.084200  
                SEDFQXD1  0.084200  
                SEDFQXD2  0.168400  
                SEDFQXD2  0.168400  
                SEDFQXD4  0.336700  
                SEDFQXD4  0.336700  
                 SEDFXD0  0.038100  
                 SEDFXD0  0.038100  
                 SEDFXD1  0.084200  
                 SEDFXD1  0.084200  
                 SEDFXD2  0.168400  
                 SEDFXD2  0.168400  
                 SEDFXD4  0.336700  
                 SEDFXD4  0.336700  
                    TIEH  0.041600  
                    TIEH  0.041600  
                    TIEL  0.041600  
                    TIEL  0.041600  
                  XNR2D0  0.042100  
                  XNR2D0  0.042100  
                  XNR2D1  0.084200  
                  XNR2D1  0.084200  
                  XNR2D2  0.168400  
                  XNR2D2  0.168400  
                  XNR2D4  0.336700  
                  XNR2D4  0.336700  
                  XNR3D0  0.042100  
                  XNR3D0  0.042100  
                  XNR3D1  0.084200  
                  XNR3D1  0.084200  
                  XNR3D2  0.168400  
                  XNR3D2  0.168400  
                  XNR3D4  0.336700  
                  XNR3D4  0.336700  
                  XNR4D0  0.042100  
                  XNR4D0  0.042100  
                  XNR4D1  0.084200  
                  XNR4D1  0.084200  
                  XNR4D2  0.168400  
                  XNR4D2  0.168400  
                  XNR4D4  0.336700  
                  XNR4D4  0.336700  
                  XOR2D0  0.042100  
                  XOR2D0  0.042100  
                  XOR2D1  0.084200  
                  XOR2D1  0.084200  
                  XOR2D2  0.168400  
                  XOR2D2  0.168400  
                  XOR2D4  0.336700  
                  XOR2D4  0.336700  
                  XOR3D0  0.042100  
                  XOR3D0  0.042100  
                  XOR3D1  0.084200  
                  XOR3D1  0.084200  
                  XOR3D2  0.168400  
                  XOR3D2  0.168400  
                  XOR3D4  0.336700  
                  XOR3D4  0.336700  
                  XOR4D0  0.042100  
                  XOR4D0  0.042100  
                  XOR4D1  0.084200  
                  XOR4D1  0.084200  
                  XOR4D2  0.168400  
                  XOR4D2  0.168400  
                  XOR4D4  0.336700  
                  XOR4D4  0.336700  1592  
# Cells in .lib with max_fanout: 0  
SDC max_cap: N/A  
SDC max_tran: N/A  
SDC max_fanout: N/A  
Default Ext. Scale Factor: 1.000  
Detail Ext. Scale Factor: 1.000  

==============================
Floorplan/Placement Information
==============================
Total area of Standard cells: 306810.360 um^2  
Total area of Standard cells(Subtracting Physical Cells): 306810.360 um^2  
Total area of Macros: 0.000 um^2  
Total area of Blockages: 0.000 um^2  
Total area of Pad cells: 0.000 um^2  
Total area of Core: 9000000.000 um^2  
Total area of Chip: 9241600.000 um^2  
Effective Utilization: 3.4104e-02  
Number of Cell Rows: 1666  
% Pure Gate Density #1 (Subtracting BLOCKAGES): 3.409%  
% Pure Gate Density #2 (Subtracting BLOCKAGES and Physical Cells): 3.409%  
% Pure Gate Density #3 (Subtracting MACROS): 3.409%  
% Pure Gate Density #4 (Subtracting MACROS and Physical Cells): 3.409%  
% Pure Gate Density #5 (Subtracting MACROS and BLOCKAGES): 3.409%  
% Pure Gate Density #6 ((Unpreplaced Standard Inst + Unpreplaced Block Inst + Unpreplaced Black Blob Inst + Fixed Clock Inst Area) / (Free Site Area + Fixed Clock Inst Area) for insts are placed): 3.410%  
% Core Density (Counting Std Cells and MACROs): 3.409%  
% Core Density #2(Subtracting Physical Cells): 3.409%  
% Chip Density (Counting Std Cells and MACROs and IOs): 3.320%  
% Chip Density #2(Subtracting Physical Cells): 3.320%  
# Macros within 5 sites of IO pad: No  
Macro halo defined?: No  

==============================
Wire Length Distribution
==============================
Total M1 wire length: 60914.5300 um  
Total M2 wire length: 589772.2200 um  
Total M3 wire length: 814247.3650 um  
Total M4 wire length: 669009.6000 um  
Total M5 wire length: 116842.8000 um  
Total M6 wire length: 2020.0000 um  
Total M7 wire length: 13798.4000 um  
Total M8 wire length: 14075.2000 um  
Total wire length: 2280680.1150 um  
Average wire length/net: 31.2928 um  
Area of Power Net Distribution: 
    ------------------------------
    Area of Power Net Distribution
    ------------------------------
    Layer Name  Area of Power Net  Routable Area  Percentage  
    M1  833916.6000  9000000.0000  9.2657%  
    M2  0.0000  9000000.0000  0.0000%  
    M3  0.0000  9000000.0000  0.0000%  
    M4  24235.2000  9000000.0000  0.2693%  
    M5  99990.0000  9000000.0000  1.1110%  
    M6  0.0000  9000000.0000  0.0000%  
    M7  0.0000  9000000.0000  0.0000%  
    M8  0.0000  9000000.0000  0.0000%  For more information click here  
