###############################################################
#  Generated by:      Cadence Innovus 15.23-s045_1
#  OS:                Linux x86_64(Host ID ieng6-ece-02.ucsd.edu)
#  Generated on:      Sun Mar 15 16:12:12 2026
#  Design:            core
#  Command:           report_timing -max_paths 5 > ${design}.post_route.timing.rpt
###############################################################
Path 1: VIOLATED Setup Check with Pin sfp_instance/sfp_out_sign3_reg_0_/CP 
Endpoint:   sfp_instance/sfp_out_sign3_reg_0_/D     (v) checked with  leading 
edge of 'clk'
Beginpoint: sfp_instance/fifo_inst_int/q15_reg_3_/Q (v) triggered by  leading 
edge of 'clk'
Path Groups: {clk}
Analysis View: WC_VIEW
Other End Arrival Time          0.865
- Setup                         0.173
+ Phase Shift                   1.000
+ CPPR Adjustment               0.000
= Required Time                 1.692
- Arrival Time                 23.980
= Slack Time                  -22.288
     Clock Rise Edge                 0.000
     + Clock Network Latency (Prop)  0.725
     = Beginpoint Arrival Time       0.725
     +------------------------------------------------------------------------------------------------------------+ 
     |                      Instance                      |     Arc      |   Cell    | Delay | Arrival | Required | 
     |                                                    |              |           |       |  Time   |   Time   | 
     |----------------------------------------------------+--------------+-----------+-------+---------+----------| 
     | sfp_instance/fifo_inst_int/q15_reg_3_              | CP ^         |           |       |   0.725 |  -21.563 | 
     | sfp_instance/fifo_inst_int/q15_reg_3_              | CP ^ -> Q v  | DFQD4     | 0.140 |   0.865 |  -21.422 | 
     | sfp_instance/fifo_inst_int/fifo_mux_16_1a/mux_8_1b | A1 v -> ZN ^ | ND2D2     | 0.021 |   0.886 |  -21.401 | 
     | /fifo_mux_2_1d/FE_RC_46917_0                       |              |           |       |         |          | 
     | sfp_instance/fifo_inst_int/fifo_mux_16_1a/mux_8_1b | A1 ^ -> ZN v | ND2D2     | 0.023 |   0.910 |  -21.378 | 
     | /fifo_mux_2_1d/FE_RC_46915_0                       |              |           |       |         |          | 
     | sfp_instance/fifo_inst_int/fifo_mux_16_1a/mux_8_1b | A1 v -> ZN ^ | ND2D2     | 0.025 |   0.935 |  -21.353 | 
     | /fifo_mux_2_1f/FE_RC_7124_0                        |              |           |       |         |          | 
     | sfp_instance/fifo_inst_int/fifo_mux_16_1a/mux_8_1b | A1 ^ -> ZN v | CKND2D4   | 0.025 |   0.960 |  -21.328 | 
     | /fifo_mux_2_1f/FE_RC_46902_0                       |              |           |       |         |          | 
     | sfp_instance/fifo_inst_int/fifo_mux_16_1a/mux_8_1b | A1 v -> ZN ^ | ND2D4     | 0.020 |   0.980 |  -21.308 | 
     | /fifo_mux_2_1g/FE_RC_7371_0                        |              |           |       |         |          | 
     | sfp_instance/fifo_inst_int/fifo_mux_16_1a/mux_8_1b | A1 ^ -> ZN v | CKND2D4   | 0.022 |   1.002 |  -21.286 | 
     | /fifo_mux_2_1g/FE_RC_7370_0                        |              |           |       |         |          | 
     | sfp_instance/fifo_inst_int/fifo_mux_16_1a/mux_2_1a | B1 v -> ZN ^ | IND2D4    | 0.020 |   1.022 |  -21.266 | 
     | /FE_RC_42698_0                                     |              |           |       |         |          | 
     | sfp_instance/fifo_inst_int/fifo_mux_16_1a/mux_2_1a | A1 ^ -> ZN v | ND2D4     | 0.028 |   1.050 |  -21.238 | 
     | /FE_RC_7103_0                                      |              |           |       |         |          | 
     | sfp_instance/add_88/FE_RC_22209_0                  | A1 v -> ZN ^ | NR2XD2    | 0.028 |   1.077 |  -21.210 | 
     | sfp_instance/add_88/FE_RC_22210_0                  | I ^ -> ZN v  | CKND4     | 0.020 |   1.098 |  -21.190 | 
     | sfp_instance/add_88/FE_RC_21464_0                  | A1 v -> ZN ^ | ND2D4     | 0.017 |   1.115 |  -21.173 | 
     | sfp_instance/add_88/FE_RC_21463_0                  | A1 ^ -> ZN v | CKND2D4   | 0.023 |   1.137 |  -21.150 | 
     | sfp_instance/add_88/FE_RC_31222_0                  | A1 v -> ZN ^ | ND2D4     | 0.020 |   1.158 |  -21.130 | 
     | sfp_instance/add_88/FE_RC_31221_0                  | A1 ^ -> ZN v | ND2D4     | 0.027 |   1.185 |  -21.103 | 
     | sfp_instance/add_88/FE_RC_35028_0                  | A1 v -> ZN ^ | ND2D4     | 0.021 |   1.206 |  -21.082 | 
     | sfp_instance/add_88/FE_RC_35027_0                  | A1 ^ -> ZN v | ND2D4     | 0.026 |   1.232 |  -21.056 | 
     | sfp_instance/add_88/FE_RC_41927_0                  | A1 v -> ZN ^ | ND2D4     | 0.021 |   1.253 |  -21.035 | 
     | sfp_instance/add_88/FE_RC_41926_0                  | A1 ^ -> ZN v | CKND2D4   | 0.023 |   1.276 |  -21.012 | 
     | sfp_instance/add_88/FE_RC_39061_0                  | A1 v -> ZN ^ | ND2D4     | 0.023 |   1.300 |  -20.988 | 
     | sfp_instance/add_88/FE_RC_49937_0                  | A1 ^ -> ZN v | OAI21D4   | 0.023 |   1.323 |  -20.965 | 
     | sfp_instance/add_88/U1_9                           | CI v -> CO v | FA1D1     | 0.069 |   1.391 |  -20.896 | 
     | sfp_instance/add_88/U1_10                          | CI v -> CO v | FA1D2     | 0.082 |   1.474 |  -20.814 | 
     | sfp_instance/add_88/FE_RC_7041_0                   | A1 v -> ZN ^ | ND2D4     | 0.031 |   1.504 |  -20.783 | 
     | sfp_instance/add_88/FE_RC_16170_0                  | A1 ^ -> ZN v | OAI21D4   | 0.028 |   1.533 |  -20.755 | 
     | sfp_instance/add_88/FE_RC_31285_0                  | A1 v -> ZN ^ | OAI21D4   | 0.042 |   1.574 |  -20.714 | 
     | sfp_instance/add_88/FE_RC_9417_0                   | B1 ^ -> ZN v | IND2D4    | 0.030 |   1.604 |  -20.684 | 
     | sfp_instance/add_88/FE_RC_9416_0                   | A1 v -> ZN ^ | ND2D4     | 0.027 |   1.631 |  -20.657 | 
     | sfp_instance/add_88/FE_RC_58113_0                  | A1 ^ -> ZN v | OAI21D4   | 0.024 |   1.655 |  -20.633 | 
     | sfp_instance/add_88/U1_18                          | CI v -> CO v | FA1D2     | 0.080 |   1.735 |  -20.553 | 
     | sfp_instance/add_88/U1_19                          | CI v -> CO v | FA1D1     | 0.079 |   1.814 |  -20.474 | 
     | sfp_instance/add_88/U1_20                          | CI v -> CO v | FA1D1     | 0.075 |   1.889 |  -20.399 | 
     | sfp_instance/add_88/U1_21                          | CI v -> CO v | FA1D1     | 0.073 |   1.962 |  -20.326 | 
     | sfp_instance/add_88/U1_22                          | CI v -> CO v | FA1D1     | 0.079 |   2.041 |  -20.247 | 
     | sfp_instance/add_88/FE_RC_16841_0                  | A1 v -> ZN v | IND2D2    | 0.063 |   2.104 |  -20.184 | 
     | sfp_instance/add_88/FE_RC_16840_0                  | A1 v -> ZN ^ | ND2D4     | 0.034 |   2.138 |  -20.150 | 
     | sfp_instance/FE_OCPC13318_sum_2core_23_            | I ^ -> Z ^   | BUFFD16   | 0.103 |   2.240 |  -20.047 | 
     | sfp_instance/div3/div_19/U615                      | A1 ^ -> ZN v | NR2XD4    | 0.052 |   2.293 |  -19.995 | 
     | sfp_instance/div3/div_19/FE_RC_40966_0             | A1 v -> ZN ^ | ND2D8     | 0.030 |   2.323 |  -19.965 | 
     | sfp_instance/div3/div_19/FE_OCPC13340_FE_RN_29721_ | I ^ -> ZN v  | INVD12    | 0.019 |   2.342 |  -19.946 | 
     | 0                                                  |              |           |       |         |          | 
     | sfp_instance/div3/div_19/FE_RC_23586_0             | A1 v -> ZN ^ | ND2D8     | 0.027 |   2.369 |  -19.919 | 
     | sfp_instance/div3/div_19/FE_RC_23587_0             | I ^ -> ZN v  | INVD12    | 0.020 |   2.388 |  -19.900 | 
     | sfp_instance/div3/div_19/FE_RC_37830_0             | A1 v -> ZN ^ | ND2D4     | 0.021 |   2.409 |  -19.879 | 
     | sfp_instance/div3/div_19/FE_RC_19962_0             | A1 ^ -> ZN v | OAI21D4   | 0.034 |   2.443 |  -19.845 | 
     | sfp_instance/div3/div_19/FE_RC_46086_0             | A1 v -> ZN ^ | AOI21D4   | 0.045 |   2.488 |  -19.800 | 
     | sfp_instance/div3/div_19/FE_RC_46084_0             | A2 ^ -> ZN v | NR2XD3    | 0.035 |   2.523 |  -19.765 | 
     | sfp_instance/div3/div_19/U414                      | S v -> Z ^   | MUX2D2    | 0.097 |   2.620 |  -19.668 | 
     | sfp_instance/div3/div_19/u_div_u_fa_PartRem_0_28_2 | A ^ -> CO ^  | FA1D4     | 0.149 |   2.769 |  -19.519 | 
     | sfp_instance/div3/div_19/U458_dup                  | A1 ^ -> Z ^  | AN2D4     | 0.057 |   2.825 |  -19.462 | 
     | sfp_instance/div3/div_19/FE_RC_750_0               | A1 ^ -> ZN v | ND2D4     | 0.023 |   2.849 |  -19.439 | 
     | sfp_instance/div3/div_19/FE_RC_7431_0              | A1 v -> ZN ^ | ND2D4     | 0.021 |   2.870 |  -19.418 | 
     | sfp_instance/div3/div_19/FE_RC_13372_0             | A1 ^ -> ZN v | CKND2D4   | 0.021 |   2.891 |  -19.397 | 
     | sfp_instance/div3/div_19/FE_RC_30487_0             | A1 v -> ZN ^ | ND2D4     | 0.028 |   2.919 |  -19.369 | 
     | sfp_instance/div3/div_19/FE_RC_6835_0              | A1 ^ -> ZN v | ND2D4     | 0.030 |   2.949 |  -19.339 | 
     | sfp_instance/div3/div_19/FE_RC_6834_0              | A1 v -> ZN ^ | ND2D4     | 0.024 |   2.973 |  -19.315 | 
     | sfp_instance/div3/div_19/FE_RC_16483_0             | A1 ^ -> ZN v | ND2D4     | 0.029 |   3.002 |  -19.286 | 
     | sfp_instance/div3/div_19/FE_RC_16482_0             | A1 v -> ZN ^ | AOI21D4   | 0.066 |   3.068 |  -19.220 | 
     | sfp_instance/div3/div_19/FE_RC_58088_0             | B1 ^ -> ZN v | INR2D1    | 0.034 |   3.101 |  -19.186 | 
     | sfp_instance/div3/div_19/FE_RC_58084_0             | A2 v -> ZN ^ | NR2XD1    | 0.041 |   3.142 |  -19.146 | 
     | sfp_instance/div3/div_19/FE_RC_58085_0             | I ^ -> ZN v  | CKND2     | 0.030 |   3.172 |  -19.116 | 
     | sfp_instance/div3/div_19/FE_RC_28035_0             | A1 v -> ZN v | IND2D4    | 0.056 |   3.227 |  -19.060 | 
     | sfp_instance/div3/div_19/FE_RC_28034_0             | A2 v -> ZN ^ | ND2D4     | 0.033 |   3.260 |  -19.028 | 
     | sfp_instance/div3/div_19/FE_RC_28033_0             | A1 ^ -> ZN v | ND2D4     | 0.026 |   3.286 |  -19.002 | 
     | sfp_instance/div3/div_19/FE_RC_57497_0             | B1 v -> ZN ^ | IND2D4    | 0.028 |   3.314 |  -18.974 | 
     | sfp_instance/div3/div_19/FE_RC_57496_0             | A1 ^ -> ZN v | ND2D8     | 0.044 |   3.357 |  -18.930 | 
     | sfp_instance/div3/div_19/FE_RC_11631_0             | A1 v -> ZN ^ | ND2D4     | 0.027 |   3.384 |  -18.904 | 
     | sfp_instance/div3/div_19/FE_RC_11629_0             | B ^ -> ZN v  | OAI21D4   | 0.036 |   3.421 |  -18.867 | 
     | sfp_instance/div3/div_19/FE_RC_12899_0             | A1 v -> Z v  | OR2D4     | 0.060 |   3.480 |  -18.807 | 
     | sfp_instance/div3/div_19/FE_RC_16228_0             | A1 v -> ZN ^ | ND2D2     | 0.021 |   3.501 |  -18.787 | 
     | sfp_instance/div3/div_19/FE_RC_16227_0             | A1 ^ -> ZN v | ND2D2     | 0.027 |   3.528 |  -18.760 | 
     | sfp_instance/div3/div_19/u_div_u_fa_PartRem_0_25_3 | CI v -> CO v | FA1D1     | 0.071 |   3.599 |  -18.689 | 
     | sfp_instance/div3/div_19/u_div_u_fa_PartRem_0_25_4 | CI v -> CO v | FA1D2     | 0.079 |   3.678 |  -18.610 | 
     | sfp_instance/div3/div_19/u_div_u_fa_PartRem_0_25_5 | CI v -> CO v | FA1D1     | 0.075 |   3.753 |  -18.535 | 
     | sfp_instance/div3/div_19/FE_RC_344_0               | A1 v -> ZN ^ | ND2D2     | 0.033 |   3.786 |  -18.502 | 
     | sfp_instance/div3/div_19/FE_RC_345_0               | I ^ -> ZN v  | INVD6     | 0.030 |   3.816 |  -18.472 | 
     | sfp_instance/div3/div_19/FE_RC_1396_0              | A1 v -> ZN ^ | NR2XD2    | 0.026 |   3.842 |  -18.446 | 
     | sfp_instance/div3/div_19/FE_RC_1395_0              | A1 ^ -> ZN ^ | IND2D4    | 0.043 |   3.884 |  -18.403 | 
     | sfp_instance/div3/div_19/FE_RC_11350_0             | A1 ^ -> ZN v | ND2D3     | 0.027 |   3.912 |  -18.376 | 
     | sfp_instance/div3/div_19/FE_RC_11349_0             | A1 v -> ZN ^ | ND2D4     | 0.023 |   3.935 |  -18.353 | 
     | sfp_instance/div3/div_19/FE_RC_19633_0             | B ^ -> ZN v  | IOA21D2   | 0.026 |   3.962 |  -18.326 | 
     | sfp_instance/div3/div_19/FE_RC_12114_0             | A1 v -> ZN ^ | ND2D2     | 0.023 |   3.984 |  -18.303 | 
     | sfp_instance/div3/div_19/u_div_u_fa_PartRem_0_24_3 | CI ^ -> CO ^ | FA1D1     | 0.066 |   4.050 |  -18.238 | 
     | sfp_instance/div3/div_19/u_div_u_fa_PartRem_0_24_4 | CI ^ -> CO ^ | FA1D1     | 0.068 |   4.118 |  -18.169 | 
     | sfp_instance/div3/div_19/u_div_u_fa_PartRem_0_24_5 | CI ^ -> CO ^ | FA1D1     | 0.068 |   4.186 |  -18.102 | 
     | sfp_instance/div3/div_19/u_div_u_fa_PartRem_0_24_6 | CI ^ -> CO ^ | FA1D2     | 0.069 |   4.255 |  -18.033 | 
     | sfp_instance/div3/div_19/U530_dup                  | A1 ^ -> Z ^  | AN2D4     | 0.065 |   4.320 |  -17.967 | 
     | sfp_instance/div3/div_19/FE_RC_529_0               | A1 ^ -> ZN v | ND2D4     | 0.026 |   4.347 |  -17.941 | 
     | sfp_instance/div3/div_19/FE_RC_527_0               | B v -> ZN ^  | OAI21D4   | 0.027 |   4.373 |  -17.914 | 
     | sfp_instance/div3/div_19/FE_RC_13124_0             | A1 ^ -> ZN v | ND2D2     | 0.028 |   4.402 |  -17.886 | 
     | sfp_instance/div3/div_19/FE_RC_13123_0             | B v -> ZN ^  | IOA21D2   | 0.026 |   4.427 |  -17.860 | 
     | sfp_instance/div3/div_19/FE_RC_13096_0             | A1 ^ -> ZN v | ND2D2     | 0.033 |   4.460 |  -17.828 | 
     | sfp_instance/div3/div_19/FE_RC_20419_0             | A1 v -> ZN ^ | CKND2D4   | 0.026 |   4.487 |  -17.801 | 
     | sfp_instance/div3/div_19/FE_RC_21231_0             | A1 ^ -> ZN v | ND2D2     | 0.023 |   4.510 |  -17.778 | 
     | sfp_instance/div3/div_19/FE_RC_21230_0             | A1 v -> ZN ^ | CKND2D2   | 0.025 |   4.536 |  -17.752 | 
     | sfp_instance/div3/div_19/u_div_u_fa_PartRem_0_23_4 | CI ^ -> CO ^ | FA1D1     | 0.070 |   4.606 |  -17.682 | 
     | sfp_instance/div3/div_19/FE_RC_16240_0             | A1 ^ -> ZN v | ND2D2     | 0.027 |   4.633 |  -17.654 | 
     | sfp_instance/div3/div_19/FE_RC_16239_0             | A1 v -> ZN ^ | CKND2D2   | 0.025 |   4.658 |  -17.630 | 
     | sfp_instance/div3/div_19/u_div_u_fa_PartRem_0_23_6 | CI ^ -> CO ^ | FA1D1     | 0.064 |   4.722 |  -17.566 | 
     | sfp_instance/div3/div_19/u_div_u_fa_PartRem_0_23_7 | CI ^ -> CO ^ | FA1D2     | 0.078 |   4.800 |  -17.487 | 
     | sfp_instance/div3/div_19/U546                      | A1 ^ -> Z ^  | AN2D8     | 0.075 |   4.876 |  -17.412 | 
     | sfp_instance/div3/div_19/FE_RC_951_0               | A1 ^ -> ZN v | ND2D4     | 0.027 |   4.902 |  -17.385 | 
     | sfp_instance/div3/div_19/FE_RC_949_0               | B v -> ZN ^  | OAI21D4   | 0.028 |   4.930 |  -17.358 | 
     | sfp_instance/div3/div_19/FE_RC_42424_0             | A1 ^ -> ZN v | ND2D2     | 0.030 |   4.960 |  -17.328 | 
     | sfp_instance/div3/div_19/FE_RC_42423_0             | A1 v -> ZN ^ | CKND2D2   | 0.027 |   4.987 |  -17.300 | 
     | sfp_instance/div3/div_19/u_div_u_fa_PartRem_0_22_2 | CI ^ -> CO ^ | FA1D1     | 0.070 |   5.057 |  -17.231 | 
     | sfp_instance/div3/div_19/u_div_u_fa_PartRem_0_22_3 | CI ^ -> CO ^ | FA1D1     | 0.066 |   5.123 |  -17.165 | 
     | sfp_instance/div3/div_19/u_div_u_fa_PartRem_0_22_4 | CI ^ -> CO ^ | FA1D1     | 0.067 |   5.190 |  -17.098 | 
     | sfp_instance/div3/div_19/u_div_u_fa_PartRem_0_22_5 | CI ^ -> CO ^ | FA1D1     | 0.065 |   5.255 |  -17.033 | 
     | sfp_instance/div3/div_19/u_div_u_fa_PartRem_0_22_6 | CI ^ -> CO ^ | FA1D1     | 0.073 |   5.328 |  -16.960 | 
     | sfp_instance/div3/div_19/FE_RC_22414_0             | A1 ^ -> ZN v | ND2D2     | 0.037 |   5.365 |  -16.923 | 
     | sfp_instance/div3/div_19/FE_RC_22950_0             | A1 v -> ZN ^ | ND2D4     | 0.026 |   5.391 |  -16.897 | 
     | sfp_instance/div3/div_19/U561_dup                  | A1 ^ -> Z ^  | AN2D8     | 0.062 |   5.454 |  -16.834 | 
     | sfp_instance/div3/div_19/FE_RC_396_0               | A1 ^ -> ZN v | ND2D4     | 0.026 |   5.479 |  -16.809 | 
     | sfp_instance/div3/div_19/FE_RC_394_0               | B v -> ZN ^  | OAI21D4   | 0.027 |   5.506 |  -16.782 | 
     | sfp_instance/div3/div_19/FE_RC_13227_0             | A1 ^ -> ZN v | ND2D2     | 0.027 |   5.533 |  -16.755 | 
     | sfp_instance/div3/div_19/FE_RC_13226_0             | A1 v -> ZN ^ | CKND2D2   | 0.027 |   5.561 |  -16.727 | 
     | sfp_instance/div3/div_19/FE_RC_18213_0             | A1 ^ -> ZN v | ND2D2     | 0.027 |   5.587 |  -16.700 | 
     | sfp_instance/div3/div_19/FE_RC_18212_0             | A1 v -> ZN ^ | ND2D2     | 0.022 |   5.609 |  -16.679 | 
     | sfp_instance/div3/div_19/u_div_u_fa_PartRem_0_21_3 | CI ^ -> CO ^ | FA1D1     | 0.063 |   5.672 |  -16.616 | 
     | sfp_instance/div3/div_19/u_div_u_fa_PartRem_0_21_4 | CI ^ -> CO ^ | FA1D1     | 0.067 |   5.739 |  -16.549 | 
     | sfp_instance/div3/div_19/u_div_u_fa_PartRem_0_21_5 | CI ^ -> CO ^ | FA1D1     | 0.069 |   5.808 |  -16.480 | 
     | sfp_instance/div3/div_19/u_div_u_fa_PartRem_0_21_6 | CI ^ -> CO ^ | FA1D1     | 0.067 |   5.875 |  -16.413 | 
     | sfp_instance/div3/div_19/u_div_u_fa_PartRem_0_21_7 | CI ^ -> CO ^ | FA1D1     | 0.073 |   5.948 |  -16.340 | 
     | sfp_instance/div3/div_19/u_div_u_fa_PartRem_0_21_8 | CI ^ -> CO ^ | FA1D1     | 0.069 |   6.017 |  -16.271 | 
     | sfp_instance/div3/div_19/u_div_u_fa_PartRem_0_21_9 | CI ^ -> CO ^ | FA1D1     | 0.074 |   6.092 |  -16.196 | 
     | sfp_instance/div3/div_19/FE_RC_17429_0_dup1_dup    | A1 ^ -> Z ^  | AN2D8     | 0.081 |   6.173 |  -16.115 | 
     | sfp_instance/div3/div_19/FE_RC_476_0               | A1 ^ -> ZN v | NR2XD4    | 0.024 |   6.197 |  -16.091 | 
     | sfp_instance/div3/div_19/FE_RC_475_0               | A1 v -> ZN v | IND2D4    | 0.053 |   6.250 |  -16.038 | 
     | sfp_instance/div3/div_19/FE_RC_12896_0             | A1 v -> ZN ^ | ND2D2     | 0.020 |   6.270 |  -16.017 | 
     | sfp_instance/div3/div_19/FE_RC_12895_0             | B ^ -> ZN v  | IOA21D2   | 0.027 |   6.297 |  -15.991 | 
     | sfp_instance/div3/div_19/FE_RC_12806_0             | A1 v -> ZN ^ | ND2D2     | 0.028 |   6.325 |  -15.963 | 
     | sfp_instance/div3/div_19/FE_RC_21398_0             | A1 ^ -> ZN v | CKND2D4   | 0.029 |   6.353 |  -15.934 | 
     | sfp_instance/div3/div_19/FE_RC_21264_0             | A1 v -> ZN ^ | ND2D4     | 0.021 |   6.375 |  -15.913 | 
     | sfp_instance/div3/div_19/FE_RC_21263_0             | A1 ^ -> ZN v | CKND2D4   | 0.022 |   6.396 |  -15.891 | 
     | sfp_instance/div3/div_19/FE_RC_48852_0             | A1 v -> ZN ^ | ND2D2     | 0.020 |   6.417 |  -15.871 | 
     | sfp_instance/div3/div_19/FE_RC_48851_0             | A1 ^ -> ZN v | CKND2D2   | 0.023 |   6.440 |  -15.848 | 
     | sfp_instance/div3/div_19/u_div_u_fa_PartRem_0_20_5 | CI v -> CO v | FA1D1     | 0.069 |   6.509 |  -15.779 | 
     | sfp_instance/div3/div_19/u_div_u_fa_PartRem_0_20_6 | CI v -> CO v | FA1D1     | 0.071 |   6.581 |  -15.707 | 
     | sfp_instance/div3/div_19/u_div_u_fa_PartRem_0_20_7 | CI v -> CO v | FA1D1     | 0.074 |   6.655 |  -15.633 | 
     | sfp_instance/div3/div_19/u_div_u_fa_PartRem_0_20_8 | CI v -> CO v | FA1D1     | 0.076 |   6.730 |  -15.557 | 
     | sfp_instance/div3/div_19/u_div_u_fa_PartRem_0_20_9 | CI v -> CO v | FA1D1     | 0.072 |   6.803 |  -15.485 | 
     | sfp_instance/div3/div_19/u_div_u_fa_PartRem_0_20_1 | CI v -> CO v | FA1D2     | 0.091 |   6.893 |  -15.394 | 
     | 0                                                  |              |           |       |         |          | 
     | sfp_instance/div3/div_19/U587_dup1                 | A1 v -> Z v  | AN2D4     | 0.052 |   6.945 |  -15.342 | 
     | sfp_instance/div3/div_19/FE_RC_50893_0             | B1 v -> ZN ^ | IND2D4    | 0.019 |   6.964 |  -15.323 | 
     | sfp_instance/div3/div_19/FE_RC_57151_0             | B ^ -> ZN v  | OAI21D4   | 0.047 |   7.011 |  -15.277 | 
     | sfp_instance/div3/div_19/FE_RC_46190_0             | I v -> ZN ^  | CKND4     | 0.025 |   7.036 |  -15.252 | 
     | sfp_instance/div3/div_19/FE_RC_46189_0             | B1 ^ -> ZN v | IND2D4    | 0.022 |   7.058 |  -15.230 | 
     | sfp_instance/div3/div_19/FE_RC_35720_0             | A2 v -> ZN ^ | ND2D2     | 0.023 |   7.081 |  -15.207 | 
     | sfp_instance/div3/div_19/FE_RC_35719_0             | A1 ^ -> ZN v | ND2D2     | 0.026 |   7.107 |  -15.181 | 
     | sfp_instance/div3/div_19/FE_RC_12430_0             | A1 v -> ZN ^ | ND2D2     | 0.022 |   7.129 |  -15.159 | 
     | sfp_instance/div3/div_19/FE_RC_12429_0             | A1 ^ -> ZN v | ND2D2     | 0.026 |   7.155 |  -15.133 | 
     | sfp_instance/div3/div_19/FE_RC_16480_0             | A1 v -> ZN ^ | ND2D2     | 0.022 |   7.177 |  -15.111 | 
     | sfp_instance/div3/div_19/FE_RC_16479_0             | A1 ^ -> ZN v | ND2D2     | 0.027 |   7.204 |  -15.083 | 
     | sfp_instance/div3/div_19/FE_RC_35309_0             | A1 v -> ZN ^ | ND2D2     | 0.025 |   7.230 |  -15.058 | 
     | sfp_instance/div3/div_19/FE_RC_58031_0             | A1 ^ -> ZN v | ND2D2     | 0.025 |   7.255 |  -15.033 | 
     | sfp_instance/div3/div_19/FE_RC_58030_0             | A1 v -> ZN ^ | ND2D2     | 0.023 |   7.279 |  -15.009 | 
     | sfp_instance/div3/div_19/FE_RC_49594_0             | A1 ^ -> ZN v | ND2D2     | 0.025 |   7.304 |  -14.984 | 
     | sfp_instance/div3/div_19/u_div_u_fa_PartRem_0_19_7 | CI v -> CO v | FA1D2     | 0.085 |   7.389 |  -14.899 | 
     | sfp_instance/div3/div_19/FE_RC_30620_0             | A1 v -> ZN ^ | AOI21D4   | 0.042 |   7.431 |  -14.857 | 
     | sfp_instance/div3/div_19/FE_RC_31308_0             | A1 ^ -> ZN v | OAI21D4   | 0.035 |   7.466 |  -14.821 | 
     | sfp_instance/div3/div_19/FE_RC_37_0                | A1 v -> Z v  | AN2D4     | 0.054 |   7.520 |  -14.768 | 
     | sfp_instance/div3/div_19/FE_PSC15803_n100          | I v -> Z v   | CKBD4     | 0.040 |   7.560 |  -14.728 | 
     | sfp_instance/div3/div_19/FE_RC_30266_0             | A1 v -> ZN ^ | OAI21D4   | 0.036 |   7.596 |  -14.692 | 
     | sfp_instance/div3/div_19/FE_RC_51153_0             | A1 ^ -> ZN v | CKND2D4   | 0.027 |   7.624 |  -14.664 | 
     | sfp_instance/div3/div_19/FE_RC_51151_0             | B1 v -> ZN ^ | IND2D4    | 0.020 |   7.644 |  -14.644 | 
     | sfp_instance/div3/div_19/FE_RC_57746_0             | A2 ^ -> ZN v | CKND2D2   | 0.025 |   7.669 |  -14.619 | 
     | sfp_instance/div3/div_19/FE_RC_57745_0             | B v -> ZN ^  | IOA21D2   | 0.022 |   7.691 |  -14.596 | 
     | sfp_instance/div3/div_19/u_div_u_fa_PartRem_0_18_3 | CI ^ -> CO ^ | FA1D2     | 0.069 |   7.761 |  -14.527 | 
     | sfp_instance/div3/div_19/FE_RC_8011_0              | B1 ^ -> ZN v | IND2D4    | 0.030 |   7.790 |  -14.497 | 
     | sfp_instance/div3/div_19/FE_RC_28679_0             | A1 v -> ZN ^ | OAI21D4   | 0.039 |   7.829 |  -14.459 | 
     | sfp_instance/div3/div_19/FE_RC_43682_0             | A1 ^ -> ZN v | CKND2D4   | 0.028 |   7.857 |  -14.431 | 
     | sfp_instance/div3/div_19/FE_RC_43681_0             | A1 v -> ZN ^ | ND2D4     | 0.024 |   7.881 |  -14.407 | 
     | sfp_instance/div3/div_19/FE_RC_57698_0             | A2 ^ -> ZN v | OAI211D4  | 0.052 |   7.932 |  -14.355 | 
     | sfp_instance/div3/div_19/FE_RC_51046_0             | A2 v -> ZN ^ | OAI211D4  | 0.057 |   7.989 |  -14.298 | 
     | sfp_instance/div3/div_19/FE_RC_10400_0             | B1 ^ -> ZN v | IND2D4    | 0.046 |   8.035 |  -14.253 | 
     | sfp_instance/div3/div_19/FE_RC_38884_0_dup         | A1 v -> ZN ^ | OAI21D4   | 0.063 |   8.098 |  -14.190 | 
     | sfp_instance/div3/div_19/FE_RC_50962_0             | A1 ^ -> ZN v | NR2D2     | 0.027 |   8.125 |  -14.163 | 
     | sfp_instance/div3/div_19/FE_RC_50961_0             | A1 v -> ZN v | IND2D4    | 0.054 |   8.179 |  -14.109 | 
     | sfp_instance/div3/div_19/FE_RC_49876_0             | A1 v -> Z v  | OR2D4     | 0.059 |   8.238 |  -14.050 | 
     | sfp_instance/div3/div_19/FE_RC_50495_0             | A1 v -> ZN ^ | ND2D2     | 0.022 |   8.260 |  -14.028 | 
     | sfp_instance/div3/div_19/FE_RC_50494_0             | A1 ^ -> ZN v | ND2D2     | 0.024 |   8.284 |  -14.004 | 
     | sfp_instance/div3/div_19/u_div_u_fa_PartRem_0_17_3 | CI v -> CO v | FA1D1     | 0.072 |   8.356 |  -13.932 | 
     | sfp_instance/div3/div_19/FE_RC_46872_0             | A1 v -> ZN ^ | ND2D2     | 0.024 |   8.380 |  -13.908 | 
     | sfp_instance/div3/div_19/FE_RC_40191_0             | A1 ^ -> ZN v | ND2D2     | 0.025 |   8.405 |  -13.882 | 
     | sfp_instance/div3/div_19/FE_RC_50839_0             | A1 v -> ZN ^ | ND2D2     | 0.022 |   8.427 |  -13.861 | 
     | sfp_instance/div3/div_19/FE_RC_57868_0             | B ^ -> ZN v  | IOA21D2   | 0.026 |   8.453 |  -13.835 | 
     | sfp_instance/div3/div_19/u_div_u_fa_PartRem_0_17_6 | CI v -> CO v | FA1D2     | 0.083 |   8.536 |  -13.752 | 
     | sfp_instance/div3/div_19/FE_RC_13379_0             | B1 v -> ZN ^ | IND2D4    | 0.032 |   8.568 |  -13.720 | 
     | sfp_instance/div3/div_19/FE_RC_30517_0             | A1 ^ -> ZN v | OAI21D4   | 0.029 |   8.597 |  -13.691 | 
     | sfp_instance/div3/div_19/FE_RC_38890_0             | A1 v -> ZN ^ | ND2D3     | 0.026 |   8.623 |  -13.665 | 
     | sfp_instance/div3/div_19/FE_RC_38889_0             | A1 ^ -> ZN v | ND2D4     | 0.034 |   8.657 |  -13.631 | 
     | sfp_instance/div3/div_19/FE_RC_47575_0             | A1 v -> ZN ^ | ND2D8     | 0.033 |   8.690 |  -13.598 | 
     | sfp_instance/div3/div_19/FE_RC_48347_0             | A1 ^ -> ZN v | ND2D8     | 0.036 |   8.726 |  -13.562 | 
     | sfp_instance/div3/div_19/FE_RC_680_0               | A1 v -> ZN ^ | NR2D4     | 0.033 |   8.759 |  -13.529 | 
     | sfp_instance/div3/div_19/FE_RC_679_0_dup           | A1 ^ -> ZN ^ | IND2D4    | 0.044 |   8.803 |  -13.485 | 
     | sfp_instance/div3/div_19/FE_RC_12275_0             | A1 ^ -> ZN v | ND2D4     | 0.023 |   8.827 |  -13.461 | 
     | sfp_instance/div3/div_19/FE_RC_12274_0             | A1 v -> ZN ^ | CKND2D4   | 0.026 |   8.853 |  -13.435 | 
     | sfp_instance/div3/div_19/FE_RC_11995_0             | A1 ^ -> ZN v | ND2D2     | 0.031 |   8.884 |  -13.404 | 
     | sfp_instance/div3/div_19/FE_RC_11994_0             | A1 v -> ZN ^ | CKND2D2   | 0.028 |   8.912 |  -13.376 | 
     | sfp_instance/div3/div_19/u_div_u_fa_PartRem_0_16_3 | CI ^ -> CO ^ | FA1D1     | 0.067 |   8.978 |  -13.309 | 
     | sfp_instance/div3/div_19/u_div_u_fa_PartRem_0_16_4 | CI ^ -> CO ^ | FA1D1     | 0.066 |   9.044 |  -13.244 | 
     | sfp_instance/div3/div_19/u_div_u_fa_PartRem_0_16_5 | CI ^ -> CO ^ | FA1D1     | 0.066 |   9.109 |  -13.178 | 
     | sfp_instance/div3/div_19/u_div_u_fa_PartRem_0_16_6 | CI ^ -> CO ^ | FA1D1     | 0.067 |   9.176 |  -13.112 | 
     | sfp_instance/div3/div_19/u_div_u_fa_PartRem_0_16_7 | CI ^ -> CO ^ | FA1D1     | 0.069 |   9.245 |  -13.042 | 
     | sfp_instance/div3/div_19/u_div_u_fa_PartRem_0_16_8 | CI ^ -> CO ^ | FA1D1     | 0.071 |   9.316 |  -12.972 | 
     | sfp_instance/div3/div_19/u_div_u_fa_PartRem_0_16_9 | CI ^ -> CO ^ | FA1D1     | 0.068 |   9.384 |  -12.904 | 
     | sfp_instance/div3/div_19/u_div_u_fa_PartRem_0_16_1 | CI ^ -> CO ^ | FA1D2     | 0.066 |   9.450 |  -12.838 | 
     | 0                                                  |              |           |       |         |          | 
     | sfp_instance/div3/div_19/u_div_u_fa_PartRem_0_16_1 | CI ^ -> CO ^ | FA1D1     | 0.067 |   9.517 |  -12.770 | 
     | 1                                                  |              |           |       |         |          | 
     | sfp_instance/div3/div_19/u_div_u_fa_PartRem_0_16_1 | CI ^ -> CO ^ | FA1D1     | 0.069 |   9.587 |  -12.701 | 
     | 2                                                  |              |           |       |         |          | 
     | sfp_instance/div3/div_19/u_div_u_fa_PartRem_0_16_1 | CI ^ -> CO ^ | FA1D1     | 0.068 |   9.654 |  -12.634 | 
     | 3                                                  |              |           |       |         |          | 
     | sfp_instance/div3/div_19/u_div_u_fa_PartRem_0_16_1 | CI ^ -> CO ^ | FA1D1     | 0.066 |   9.720 |  -12.568 | 
     | 4                                                  |              |           |       |         |          | 
     | sfp_instance/div3/div_19/FE_RC_19_0                | A1 ^ -> Z ^  | AN2D4     | 0.072 |   9.792 |  -12.496 | 
     | sfp_instance/div3/div_19/FE_RC_311_0               | A1 ^ -> Z ^  | OR2XD1    | 0.049 |   9.841 |  -12.447 | 
     | sfp_instance/div3/div_19/FE_RC_310_0               | A1 ^ -> ZN v | ND2D2     | 0.031 |   9.871 |  -12.417 | 
     | sfp_instance/div3/div_19/FE_RC_43556_0             | A1 v -> ZN ^ | ND2D2     | 0.026 |   9.897 |  -12.390 | 
     | sfp_instance/div3/div_19/FE_RC_43555_0             | A1 ^ -> ZN v | ND2D3     | 0.030 |   9.928 |  -12.360 | 
     | sfp_instance/div3/div_19/FE_RC_50228_0             | A1 v -> ZN ^ | ND2D3     | 0.026 |   9.954 |  -12.334 | 
     | sfp_instance/div3/div_19/FE_RC_50227_0             | A1 ^ -> ZN v | ND2D4     | 0.022 |   9.976 |  -12.312 | 
     | sfp_instance/div3/div_19/FE_RC_7578_0              | A1 v -> ZN ^ | ND2D2     | 0.019 |   9.995 |  -12.293 | 
     | sfp_instance/div3/div_19/FE_RC_7577_0              | A1 ^ -> ZN v | CKND2D2   | 0.024 |  10.019 |  -12.269 | 
     | sfp_instance/div3/div_19/u_div_u_fa_PartRem_0_15_4 | CI v -> CO v | FA1D1     | 0.068 |  10.086 |  -12.202 | 
     | sfp_instance/div3/div_19/u_div_u_fa_PartRem_0_15_5 | CI v -> CO v | FA1D2     | 0.076 |  10.162 |  -12.125 | 
     | sfp_instance/div3/div_19/FE_RC_45863_0             | A1 v -> ZN ^ | ND2D2     | 0.025 |  10.187 |  -12.101 | 
     | sfp_instance/div3/div_19/FE_RC_45862_0             | A1 ^ -> ZN v | CKND2D2   | 0.026 |  10.213 |  -12.074 | 
     | sfp_instance/div3/div_19/FE_RC_22475_0             | A1 v -> ZN ^ | ND2D2     | 0.026 |  10.239 |  -12.048 | 
     | sfp_instance/div3/div_19/FE_RC_27592_0             | A1 ^ -> ZN v | CKND2D2   | 0.024 |  10.263 |  -12.025 | 
     | sfp_instance/div3/div_19/FE_RC_27683_0             | A1 v -> ZN ^ | ND2D2     | 0.029 |  10.292 |  -11.996 | 
     | sfp_instance/div3/div_19/FE_RC_27727_0             | B1 ^ -> ZN v | IND2D4    | 0.031 |  10.323 |  -11.965 | 
     | sfp_instance/div3/div_19/FE_RC_27092_0             | A2 v -> ZN ^ | OAI211D4  | 0.049 |  10.372 |  -11.916 | 
     | sfp_instance/div3/div_19/FE_RC_27346_0             | A1 ^ -> ZN v | CKND2D8   | 0.051 |  10.422 |  -11.866 | 
     | sfp_instance/div3/div_19/FE_RC_48470_0             | A1 v -> ZN ^ | ND2D4     | 0.029 |  10.451 |  -11.837 | 
     | sfp_instance/div3/div_19/FE_RC_48468_0             | B ^ -> ZN v  | OAI21D4   | 0.037 |  10.488 |  -11.800 | 
     | sfp_instance/div3/div_19/u_div_u_fa_PartRem_0_14_2 | A v -> CO v  | FA1D1     | 0.144 |  10.632 |  -11.656 | 
     | sfp_instance/div3/div_19/u_div_u_fa_PartRem_0_14_3 | CI v -> CO v | FA1D1     | 0.073 |  10.704 |  -11.584 | 
     | sfp_instance/div3/div_19/u_div_u_fa_PartRem_0_14_4 | CI v -> CO v | FA1D2     | 0.083 |  10.788 |  -11.500 | 
     | sfp_instance/div3/div_19/FE_RC_51156_0             | B1 v -> ZN ^ | IND2D4    | 0.030 |  10.817 |  -11.471 | 
     | sfp_instance/div3/div_19/FE_RC_57539_0             | A2 ^ -> ZN v | OAI211D4  | 0.033 |  10.851 |  -11.437 | 
     | sfp_instance/div3/div_19/u_div_u_fa_PartRem_0_14_7 | CI v -> CO v | FA1D1     | 0.078 |  10.929 |  -11.359 | 
     | sfp_instance/div3/div_19/u_div_u_fa_PartRem_0_14_8 | CI v -> CO v | FA1D1     | 0.076 |  11.005 |  -11.283 | 
     | sfp_instance/div3/div_19/u_div_u_fa_PartRem_0_14_9 | CI v -> CO v | FA1D2     | 0.087 |  11.092 |  -11.196 | 
     | sfp_instance/div3/div_19/FE_RC_37414_0             | A2 v -> ZN ^ | OAI211D4  | 0.046 |  11.138 |  -11.149 | 
     | sfp_instance/div3/div_19/FE_RC_37657_0             | A1 ^ -> ZN v | CKND2D4   | 0.031 |  11.169 |  -11.118 | 
     | sfp_instance/div3/div_19/FE_RC_38636_0             | A1 v -> ZN ^ | ND2D4     | 0.027 |  11.197 |  -11.091 | 
     | sfp_instance/div3/div_19/FE_RC_38635_0             | A1 ^ -> ZN v | CKND2D8   | 0.042 |  11.238 |  -11.049 | 
     | sfp_instance/div3/div_19/FE_RC_48362_0             | B v -> ZN ^  | IOA21D4   | 0.032 |  11.270 |  -11.018 | 
     | sfp_instance/div3/div_19/FE_RC_48360_0             | B ^ -> ZN v  | OAI21D4   | 0.038 |  11.308 |  -10.980 | 
     | sfp_instance/div3/div_19/FE_RC_46159_0             | A1 v -> ZN ^ | ND2D2     | 0.023 |  11.331 |  -10.957 | 
     | sfp_instance/div3/div_19/FE_RC_46158_0             | B ^ -> ZN v  | IOA21D2   | 0.030 |  11.361 |  -10.927 | 
     | sfp_instance/div3/div_19/FE_RC_16417_0             | A1 v -> ZN ^ | ND2D2     | 0.030 |  11.391 |  -10.897 | 
     | sfp_instance/div3/div_19/FE_RC_16416_0             | A1 ^ -> ZN v | CKND2D4   | 0.027 |  11.418 |  -10.870 | 
     | sfp_instance/div3/div_19/FE_RC_36315_0             | A1 v -> ZN ^ | ND2D4     | 0.021 |  11.439 |  -10.849 | 
     | sfp_instance/div3/div_19/FE_RC_36314_0             | A1 ^ -> ZN v | CKND2D4   | 0.022 |  11.461 |  -10.827 | 
     | sfp_instance/div3/div_19/FE_RC_40300_0             | A1 v -> ZN ^ | ND2D2     | 0.019 |  11.480 |  -10.808 | 
     | sfp_instance/div3/div_19/FE_RC_40299_0             | A1 ^ -> ZN v | CKND2D2   | 0.023 |  11.503 |  -10.785 | 
     | sfp_instance/div3/div_19/u_div_u_fa_PartRem_0_13_5 | CI v -> CO v | FA1D2     | 0.084 |  11.587 |  -10.701 | 
     | sfp_instance/div3/div_19/FE_RC_16234_0             | A1 v -> ZN ^ | ND2D3     | 0.033 |  11.620 |  -10.668 | 
     | sfp_instance/div3/div_19/FE_RC_16233_0             | A1 ^ -> ZN v | CKND2D4   | 0.033 |  11.653 |  -10.635 | 
     | sfp_instance/div3/div_19/FE_RC_43604_0             | A1 v -> ZN ^ | ND2D4     | 0.026 |  11.679 |  -10.609 | 
     | sfp_instance/div3/div_19/FE_RC_43603_0             | A1 ^ -> ZN v | ND2D4     | 0.029 |  11.708 |  -10.580 | 
     | sfp_instance/div3/div_19/FE_RC_39205_0             | A1 v -> ZN ^ | ND2D4     | 0.028 |  11.736 |  -10.552 | 
     | sfp_instance/div3/div_19/FE_RC_40892_0             | A2 ^ -> ZN v | OAI211D4  | 0.035 |  11.772 |  -10.516 | 
     | sfp_instance/div3/div_19/FE_RC_46702_0             | A1 v -> ZN ^ | ND2D2     | 0.025 |  11.797 |  -10.491 | 
     | sfp_instance/div3/div_19/FE_RC_46701_0             | A1 ^ -> ZN v | CKND2D2   | 0.024 |  11.821 |  -10.467 | 
     | sfp_instance/div3/div_19/u_div_u_fa_PartRem_0_13_1 | CI v -> CO v | FA1D2     | 0.087 |  11.908 |  -10.380 | 
     | 1                                                  |              |           |       |         |          | 
     | sfp_instance/div3/div_19/FE_RC_33044_0             | B1 v -> ZN ^ | IND2D4    | 0.034 |  11.942 |  -10.346 | 
     | sfp_instance/div3/div_19/FE_RC_33338_0             | A1 ^ -> ZN v | ND2D8     | 0.049 |  11.991 |  -10.297 | 
     | sfp_instance/div3/div_19/FE_RC_861_0               | A1 v -> ZN ^ | NR2D4     | 0.041 |  12.031 |  -10.256 | 
     | sfp_instance/div3/div_19/FE_RC_860_0_dup           | A1 ^ -> ZN ^ | IND2D2    | 0.043 |  12.075 |  -10.213 | 
     | sfp_instance/div3/div_19/FE_RC_14187_0             | A1 ^ -> ZN v | ND2D2     | 0.027 |  12.102 |  -10.186 | 
     | sfp_instance/div3/div_19/FE_RC_49087_0             | A1 v -> ZN v | IOA21D2   | 0.057 |  12.159 |  -10.129 | 
     | sfp_instance/div3/div_19/FE_RC_49086_0             | A1 v -> ZN ^ | ND2D2     | 0.021 |  12.180 |  -10.108 | 
     | sfp_instance/div3/div_19/u_div_u_fa_PartRem_0_12_3 | CI ^ -> CO ^ | FA1D1     | 0.067 |  12.246 |  -10.042 | 
     | sfp_instance/div3/div_19/u_div_u_fa_PartRem_0_12_4 | CI ^ -> CO ^ | FA1D2     | 0.078 |  12.324 |   -9.964 | 
     | sfp_instance/div3/div_19/FE_RC_43283_0             | A1 ^ -> ZN v | ND2D4     | 0.030 |  12.354 |   -9.934 | 
     | sfp_instance/div3/div_19/FE_RC_43282_0             | A1 v -> ZN ^ | ND2D4     | 0.024 |  12.378 |   -9.910 | 
     | sfp_instance/div3/div_19/FE_RC_57334_0             | B1 ^ -> ZN v | IND2D4    | 0.029 |  12.406 |   -9.881 | 
     | sfp_instance/div3/div_19/FE_RC_57333_0             | A1 v -> ZN ^ | ND2D4     | 0.024 |  12.431 |   -9.857 | 
     | sfp_instance/div3/div_19/FE_RC_57445_0             | B1 ^ -> ZN v | IND2D4    | 0.029 |  12.459 |   -9.829 | 
     | sfp_instance/div3/div_19/FE_RC_57444_0             | A1 v -> ZN ^ | CKND2D2   | 0.027 |  12.486 |   -9.802 | 
     | sfp_instance/div3/div_19/u_div_u_fa_PartRem_0_12_8 | CI ^ -> CO ^ | FA1D1     | 0.073 |  12.558 |   -9.729 | 
     | sfp_instance/div3/div_19/u_div_u_fa_PartRem_0_12_9 | CI ^ -> CO ^ | FA1D1     | 0.069 |  12.627 |   -9.660 | 
     | sfp_instance/div3/div_19/u_div_u_fa_PartRem_0_12_1 | CI ^ -> CO ^ | FA1D1     | 0.070 |  12.697 |   -9.590 | 
     | 0                                                  |              |           |       |         |          | 
     | sfp_instance/div3/div_19/u_div_u_fa_PartRem_0_12_1 | CI ^ -> CO ^ | FA1D1     | 0.068 |  12.765 |   -9.522 | 
     | 1                                                  |              |           |       |         |          | 
     | sfp_instance/div3/div_19/u_div_u_fa_PartRem_0_12_1 | CI ^ -> CO ^ | FA1D2     | 0.073 |  12.839 |   -9.449 | 
     | 2                                                  |              |           |       |         |          | 
     | sfp_instance/div3/div_19/FE_RC_41688_0             | A2 ^ -> ZN v | OAI211D4  | 0.046 |  12.884 |   -9.403 | 
     | sfp_instance/div3/div_19/FE_RC_25966_0             | B1 v -> ZN ^ | IND2D4    | 0.034 |  12.918 |   -9.369 | 
     | sfp_instance/div3/div_19/FE_RC_23879_0             | A1 ^ -> ZN v | ND2D4     | 0.025 |  12.943 |   -9.345 | 
     | sfp_instance/div3/div_19/FE_RC_23878_0             | A1 v -> ZN ^ | CKND2D4   | 0.026 |  12.970 |   -9.318 | 
     | sfp_instance/div3/div_19/FE_RC_23830_0             | A1 ^ -> ZN v | ND2D4     | 0.035 |  13.005 |   -9.283 | 
     | sfp_instance/div3/div_19/FE_RC_23747_0             | A1 v -> ZN ^ | CKND2D8   | 0.044 |  13.049 |   -9.239 | 
     | sfp_instance/div3/div_19/FE_RC_275_0               | B1 ^ -> ZN v | IND2D4    | 0.038 |  13.087 |   -9.200 | 
     | sfp_instance/div3/div_19/FE_RC_49096_0             | A1 v -> ZN v | INR2XD4   | 0.054 |  13.142 |   -9.146 | 
     | sfp_instance/div3/div_19/FE_RC_49095_0             | A1 v -> ZN ^ | OAI21D4   | 0.043 |  13.185 |   -9.103 | 
     | sfp_instance/div3/div_19/FE_RC_23337_0             | B ^ -> ZN v  | OAI21D4   | 0.044 |  13.229 |   -9.059 | 
     | sfp_instance/div3/div_19/FE_RC_2022_0              | A1 v -> ZN ^ | ND2D4     | 0.028 |  13.257 |   -9.031 | 
     | sfp_instance/div3/div_19/FE_RC_7206_0              | A1 ^ -> ZN v | ND2D4     | 0.025 |  13.282 |   -9.006 | 
     | sfp_instance/div3/div_19/FE_RC_9556_0              | A1 v -> ZN ^ | ND2D4     | 0.020 |  13.302 |   -8.986 | 
     | sfp_instance/div3/div_19/FE_RC_32157_0             | A1 ^ -> ZN v | ND2D2     | 0.024 |  13.326 |   -8.961 | 
     | sfp_instance/div3/div_19/FE_RC_32156_0             | A1 v -> ZN ^ | ND2D2     | 0.029 |  13.355 |   -8.933 | 
     | sfp_instance/div3/div_19/FE_RC_43593_0             | A1 ^ -> ZN v | ND2D3     | 0.031 |  13.386 |   -8.902 | 
     | sfp_instance/div3/div_19/FE_RC_43592_0             | A1 v -> ZN ^ | ND2D4     | 0.028 |  13.414 |   -8.874 | 
     | sfp_instance/div3/div_19/FE_RC_46037_0             | A1 ^ -> ZN v | AOI21D4   | 0.032 |  13.446 |   -8.841 | 
     | sfp_instance/div3/div_19/FE_RC_46036_0             | A1 v -> ZN ^ | OAI21D4   | 0.036 |  13.482 |   -8.806 | 
     | sfp_instance/div3/div_19/FE_RC_38502_0             | A1 ^ -> ZN v | ND2D2     | 0.027 |  13.509 |   -8.779 | 
     | sfp_instance/div3/div_19/FE_RC_40395_0             | A1 v -> ZN ^ | ND2D2     | 0.026 |  13.534 |   -8.753 | 
     | sfp_instance/div3/div_19/FE_RC_43062_0             | A1 ^ -> ZN v | ND2D2     | 0.027 |  13.562 |   -8.726 | 
     | sfp_instance/div3/div_19/FE_RC_57148_0             | B v -> ZN ^  | IOA21D2   | 0.030 |  13.592 |   -8.696 | 
     | sfp_instance/div3/div_19/FE_RC_40806_0             | A2 ^ -> ZN v | OAI211D4  | 0.054 |  13.646 |   -8.641 | 
     | sfp_instance/div3/div_19/FE_RC_46724_0             | A2 v -> ZN ^ | OAI211D4  | 0.047 |  13.693 |   -8.594 | 
     | sfp_instance/div3/div_19/u_div_u_fa_PartRem_0_11_1 | CI ^ -> CO ^ | FA1D1     | 0.067 |  13.761 |   -8.527 | 
     | 5                                                  |              |           |       |         |          | 
     | sfp_instance/div3/div_19/u_div_u_fa_PartRem_0_11_1 | CI ^ -> CO ^ | FA1D2     | 0.073 |  13.833 |   -8.455 | 
     | 6                                                  |              |           |       |         |          | 
     | sfp_instance/div3/div_19/FE_RC_48587_0             | A2 ^ -> ZN v | OAI211D2  | 0.043 |  13.876 |   -8.411 | 
     | sfp_instance/div3/div_19/FE_RC_43214_0             | B v -> ZN ^  | IOA21D2   | 0.035 |  13.911 |   -8.377 | 
     | sfp_instance/div3/div_19/U592                      | A1 ^ -> Z ^  | AN2D8     | 0.083 |  13.994 |   -8.294 | 
     | sfp_instance/div3/div_19/FE_RC_626_0               | A1 ^ -> ZN v | ND2D4     | 0.036 |  14.030 |   -8.258 | 
     | sfp_instance/div3/div_19/FE_RC_39557_0             | B v -> ZN ^  | OAI21D4   | 0.029 |  14.058 |   -8.230 | 
     | sfp_instance/div3/div_19/FE_RC_21762_0             | A1 ^ -> ZN v | ND2D4     | 0.029 |  14.087 |   -8.201 | 
     | sfp_instance/div3/div_19/FE_RC_23640_0             | A1 v -> ZN ^ | ND2D4     | 0.027 |  14.114 |   -8.174 | 
     | sfp_instance/div3/div_19/FE_RC_29163_0             | A1 ^ -> ZN v | ND2D4     | 0.028 |  14.142 |   -8.146 | 
     | sfp_instance/div3/div_19/FE_RC_29162_0             | A1 v -> ZN ^ | ND2D4     | 0.021 |  14.163 |   -8.125 | 
     | sfp_instance/div3/div_19/FE_RC_49557_0             | A1 ^ -> ZN v | ND2D2     | 0.024 |  14.187 |   -8.101 | 
     | sfp_instance/div3/div_19/FE_RC_49556_0             | B v -> ZN ^  | IOA21D2   | 0.021 |  14.208 |   -8.080 | 
     | sfp_instance/div3/div_19/u_div_u_fa_PartRem_0_10_4 | CI ^ -> CO ^ | FA1D1     | 0.068 |  14.276 |   -8.012 | 
     | sfp_instance/div3/div_19/u_div_u_fa_PartRem_0_10_5 | CI ^ -> CO ^ | FA1D1     | 0.072 |  14.348 |   -7.940 | 
     | sfp_instance/div3/div_19/u_div_u_fa_PartRem_0_10_6 | CI ^ -> CO ^ | FA1D2     | 0.066 |  14.414 |   -7.874 | 
     | sfp_instance/div3/div_19/u_div_u_fa_PartRem_0_10_7 | CI ^ -> CO ^ | FA1D1     | 0.067 |  14.481 |   -7.807 | 
     | sfp_instance/div3/div_19/u_div_u_fa_PartRem_0_10_8 | CI ^ -> CO ^ | FA1D1     | 0.069 |  14.550 |   -7.738 | 
     | sfp_instance/div3/div_19/u_div_u_fa_PartRem_0_10_9 | CI ^ -> CO ^ | FA1D1     | 0.066 |  14.616 |   -7.672 | 
     | sfp_instance/div3/div_19/u_div_u_fa_PartRem_0_10_1 | CI ^ -> CO ^ | FA1D2     | 0.074 |  14.690 |   -7.598 | 
     | 0                                                  |              |           |       |         |          | 
     | sfp_instance/div3/div_19/FE_RC_40358_0             | A1 ^ -> ZN v | ND2D4     | 0.034 |  14.725 |   -7.563 | 
     | sfp_instance/div3/div_19/FE_RC_32717_0             | A2 v -> ZN ^ | OAI211D4  | 0.043 |  14.768 |   -7.520 | 
     | sfp_instance/div3/div_19/FE_RC_35267_0             | A1 ^ -> ZN v | CKND2D4   | 0.033 |  14.801 |   -7.487 | 
     | sfp_instance/div3/div_19/FE_RC_47488_0             | A2 v -> ZN ^ | OAI211D4  | 0.053 |  14.854 |   -7.434 | 
     | sfp_instance/div3/div_19/FE_RC_7913_0              | B1 ^ -> ZN v | IND2D4    | 0.037 |  14.891 |   -7.397 | 
     | sfp_instance/div3/div_19/FE_RC_45999_0             | A1 v -> ZN ^ | OAI21D4   | 0.050 |  14.941 |   -7.347 | 
     | sfp_instance/div3/div_19/FE_RC_9_0_dup             | A1 ^ -> Z ^  | AN2D8     | 0.082 |  15.023 |   -7.265 | 
     | sfp_instance/div3/div_19/FE_RC_91_0                | A1 ^ -> ZN v | ND2D4     | 0.035 |  15.058 |   -7.230 | 
     | sfp_instance/div3/div_19/FE_RC_89_0_dup            | B v -> ZN ^  | OAI21D4   | 0.028 |  15.086 |   -7.202 | 
     | sfp_instance/div3/div_19/FE_RC_1155_0              | B1 ^ -> ZN v | IND2D4    | 0.030 |  15.117 |   -7.171 | 
     | sfp_instance/div3/div_19/FE_RC_40911_0             | B1 v -> ZN ^ | IND2D4    | 0.022 |  15.138 |   -7.150 | 
     | sfp_instance/div3/div_19/FE_RC_40910_0             | A1 ^ -> ZN v | ND2D4     | 0.023 |  15.161 |   -7.126 | 
     | sfp_instance/div3/div_19/FE_RC_1124_0              | A1 v -> ZN ^ | ND2D4     | 0.024 |  15.186 |   -7.102 | 
     | sfp_instance/div3/div_19/FE_RC_7245_0              | A1 ^ -> ZN v | ND2D4     | 0.025 |  15.210 |   -7.077 | 
     | sfp_instance/div3/div_19/FE_RC_7244_0              | A1 v -> ZN ^ | ND2D4     | 0.019 |  15.229 |   -7.059 | 
     | sfp_instance/div3/div_19/FE_RC_43627_0             | A1 ^ -> ZN v | ND2D2     | 0.026 |  15.255 |   -7.033 | 
     | sfp_instance/div3/div_19/FE_RC_58093_0             | B v -> ZN ^  | IOA21D2   | 0.025 |  15.280 |   -7.008 | 
     | sfp_instance/div3/div_19/FE_RC_19447_0             | A1 ^ -> ZN v | ND2D2     | 0.026 |  15.306 |   -6.982 | 
     | sfp_instance/div3/div_19/FE_RC_19446_0             | A1 v -> ZN ^ | ND2D2     | 0.022 |  15.328 |   -6.960 | 
     | sfp_instance/div3/div_19/u_div_u_fa_PartRem_0_9_6  | CI ^ -> CO ^ | FA1D2     | 0.076 |  15.404 |   -6.884 | 
     | sfp_instance/div3/div_19/FE_RC_38668_0             | A1 ^ -> ZN v | ND2D4     | 0.030 |  15.434 |   -6.854 | 
     | sfp_instance/div3/div_19/FE_RC_38667_0             | A1 v -> ZN ^ | ND2D4     | 0.023 |  15.457 |   -6.831 | 
     | sfp_instance/div3/div_19/FE_RC_14468_0             | B1 ^ -> ZN v | IND2D4    | 0.023 |  15.480 |   -6.808 | 
     | sfp_instance/div3/div_19/FE_RC_17582_0             | A1 v -> ZN ^ | CKND2D4   | 0.029 |  15.509 |   -6.779 | 
     | sfp_instance/div3/div_19/FE_RC_21720_0             | B1 ^ -> ZN v | IND2D4    | 0.028 |  15.537 |   -6.751 | 
     | sfp_instance/div3/div_19/FE_RC_47159_0             | A2 v -> ZN ^ | OAI211D4  | 0.040 |  15.577 |   -6.711 | 
     | sfp_instance/div3/div_19/FE_RC_36095_0             | A1 ^ -> ZN v | ND2D3     | 0.032 |  15.609 |   -6.679 | 
     | sfp_instance/div3/div_19/FE_RC_36094_0             | A1 v -> ZN ^ | ND2D4     | 0.032 |  15.641 |   -6.647 | 
     | sfp_instance/div3/div_19/FE_RC_25438_0             | A1 ^ -> ZN v | OAI21D4   | 0.039 |  15.679 |   -6.609 | 
     | sfp_instance/div3/div_19/FE_RC_19465_0             | I v -> ZN ^  | INVD8     | 0.046 |  15.725 |   -6.563 | 
     | sfp_instance/div3/div_19/FE_RC_2185_0              | A1 ^ -> ZN v | NR2XD4    | 0.034 |  15.759 |   -6.528 | 
     | sfp_instance/div3/div_19/FE_RC_2184_0              | A1 v -> ZN v | IND2D4    | 0.052 |  15.812 |   -6.476 | 
     | sfp_instance/div3/div_19/FE_RC_41022_0             | B1 v -> ZN ^ | IND2D4    | 0.020 |  15.832 |   -6.456 | 
     | sfp_instance/div3/div_19/FE_RC_41020_0             | B1 ^ -> ZN v | IND2D4    | 0.026 |  15.858 |   -6.430 | 
     | sfp_instance/div3/div_19/FE_RC_31165_0             | A1 v -> ZN ^ | ND2D4     | 0.022 |  15.880 |   -6.408 | 
     | sfp_instance/div3/div_19/FE_RC_31164_0             | A1 ^ -> ZN v | ND2D4     | 0.028 |  15.908 |   -6.380 | 
     | sfp_instance/div3/div_19/FE_RC_6397_0              | A1 v -> ZN ^ | ND2D4     | 0.022 |  15.930 |   -6.358 | 
     | sfp_instance/div3/div_19/FE_RC_7963_0              | A1 ^ -> ZN v | ND2D4     | 0.023 |  15.953 |   -6.335 | 
     | sfp_instance/div3/div_19/FE_RC_7900_0              | A1 v -> ZN ^ | ND2D2     | 0.020 |  15.973 |   -6.315 | 
     | sfp_instance/div3/div_19/FE_RC_7899_0              | A1 ^ -> ZN v | CKND2D2   | 0.021 |  15.994 |   -6.294 | 
     | sfp_instance/div3/div_19/u_div_u_fa_PartRem_0_8_5  | CI v -> CO v | FA1D2     | 0.081 |  16.076 |   -6.212 | 
     | sfp_instance/div3/div_19/FE_RC_17891_0             | A1 v -> ZN ^ | ND2D2     | 0.034 |  16.109 |   -6.179 | 
     | sfp_instance/div3/div_19/FE_RC_17890_0             | A1 ^ -> ZN v | ND2D4     | 0.032 |  16.141 |   -6.147 | 
     | sfp_instance/div3/div_19/FE_RC_11441_0             | A1 v -> ZN ^ | ND2D4     | 0.029 |  16.170 |   -6.118 | 
     | sfp_instance/div3/div_19/FE_RC_30033_0             | A2 ^ -> ZN v | OAI211D4  | 0.038 |  16.208 |   -6.080 | 
     | sfp_instance/div3/div_19/FE_RC_31093_0             | A1 v -> ZN ^ | ND2D3     | 0.032 |  16.240 |   -6.048 | 
     | sfp_instance/div3/div_19/FE_RC_50632_0             | A2 ^ -> ZN v | OAI211D4  | 0.032 |  16.272 |   -6.016 | 
     | sfp_instance/div3/div_19/u_div_u_fa_PartRem_0_8_11 | CI v -> CO v | FA1D1     | 0.081 |  16.352 |   -5.935 | 
     | sfp_instance/div3/div_19/u_div_u_fa_PartRem_0_8_12 | CI v -> CO v | FA1D2     | 0.086 |  16.438 |   -5.849 | 
     | sfp_instance/div3/div_19/FE_RC_13699_0             | B1 v -> ZN ^ | IND2D4    | 0.029 |  16.467 |   -5.821 | 
     | sfp_instance/div3/div_19/FE_RC_13794_0             | A1 ^ -> ZN v | CKND2D4   | 0.026 |  16.493 |   -5.795 | 
     | sfp_instance/div3/div_19/FE_RC_13015_0             | A1 v -> ZN ^ | ND2D4     | 0.025 |  16.518 |   -5.770 | 
     | sfp_instance/div3/div_19/FE_RC_20144_0             | A2 ^ -> ZN v | OAI211D4  | 0.042 |  16.560 |   -5.728 | 
     | sfp_instance/div3/div_19/FE_RC_24254_0             | A1 v -> ZN ^ | OAI21D4   | 0.048 |  16.608 |   -5.680 | 
     | sfp_instance/div3/div_19/FE_RC_31157_0             | A1 ^ -> ZN v | OAI21D4   | 0.037 |  16.645 |   -5.643 | 
     | sfp_instance/div3/div_19/FE_RC_46719_0             | A1 v -> ZN ^ | AOI21D4   | 0.050 |  16.695 |   -5.593 | 
     | sfp_instance/div3/div_19/FE_RC_46720_0             | I ^ -> ZN v  | INVD8     | 0.037 |  16.732 |   -5.556 | 
     | sfp_instance/div3/div_19/FE_RC_20027_0             | A1 v -> ZN v | IND2D4    | 0.062 |  16.795 |   -5.493 | 
     | sfp_instance/div3/div_19/FE_RC_878_0               | A1 v -> ZN ^ | ND2D4     | 0.025 |  16.819 |   -5.469 | 
     | sfp_instance/div3/div_19/FE_RC_46673_0             | A1 ^ -> ZN v | ND2D2     | 0.023 |  16.842 |   -5.446 | 
     | sfp_instance/div3/div_19/FE_RC_46672_0             | B v -> ZN ^  | IOA21D2   | 0.031 |  16.873 |   -5.415 | 
     | sfp_instance/div3/div_19/FE_RC_43322_0             | A2 ^ -> ZN v | ND2D3     | 0.037 |  16.910 |   -5.378 | 
     | sfp_instance/div3/div_19/FE_RC_43321_0             | A1 v -> ZN ^ | ND2D4     | 0.026 |  16.936 |   -5.352 | 
     | sfp_instance/div3/div_19/FE_RC_7565_0              | A1 ^ -> ZN v | ND2D4     | 0.027 |  16.963 |   -5.325 | 
     | sfp_instance/div3/div_19/FE_RC_9534_0              | A1 v -> ZN ^ | ND2D4     | 0.025 |  16.988 |   -5.300 | 
     | sfp_instance/div3/div_19/FE_RC_48350_0             | A1 ^ -> ZN v | ND2D4     | 0.027 |  17.015 |   -5.273 | 
     | sfp_instance/div3/div_19/FE_RC_48349_0             | A1 v -> ZN ^ | ND2D4     | 0.021 |  17.036 |   -5.251 | 
     | sfp_instance/div3/div_19/FE_RC_7863_0              | A1 ^ -> ZN v | ND2D4     | 0.026 |  17.062 |   -5.226 | 
     | sfp_instance/div3/div_19/FE_RC_9532_0              | A1 v -> ZN ^ | ND2D4     | 0.024 |  17.086 |   -5.202 | 
     | sfp_instance/div3/div_19/FE_RC_1957_0              | B1 ^ -> ZN v | IND2D4    | 0.029 |  17.115 |   -5.173 | 
     | sfp_instance/div3/div_19/FE_RC_39327_0             | A1 v -> ZN ^ | OAI21D4   | 0.045 |  17.161 |   -5.127 | 
     | sfp_instance/div3/div_19/FE_RC_40085_0             | A1 ^ -> ZN v | ND2D4     | 0.033 |  17.194 |   -5.094 | 
     | sfp_instance/div3/div_19/FE_RC_40083_0             | B1 v -> ZN ^ | IND2D4    | 0.026 |  17.220 |   -5.068 | 
     | sfp_instance/div3/div_19/FE_RC_57477_0             | B1 ^ -> ZN v | IND2D4    | 0.024 |  17.244 |   -5.044 | 
     | sfp_instance/div3/div_19/FE_RC_57476_0             | A1 v -> ZN ^ | ND2D4     | 0.024 |  17.268 |   -5.020 | 
     | sfp_instance/div3/div_19/FE_RC_16518_0             | A1 ^ -> ZN v | ND2D4     | 0.027 |  17.295 |   -4.993 | 
     | sfp_instance/div3/div_19/FE_RC_22637_0             | A2 v -> ZN ^ | OAI211D4  | 0.055 |  17.350 |   -4.938 | 
     | sfp_instance/div3/div_19/FE_RC_20741_0             | A1 ^ -> ZN v | ND2D4     | 0.036 |  17.386 |   -4.902 | 
     | sfp_instance/div3/div_19/FE_RC_49517_0             | A2 v -> ZN ^ | OAI211D4  | 0.043 |  17.429 |   -4.858 | 
     | sfp_instance/div3/div_19/FE_RC_49348_0             | A1 ^ -> ZN v | ND2D3     | 0.033 |  17.463 |   -4.825 | 
     | sfp_instance/div3/div_19/FE_RC_49347_0             | A1 v -> ZN ^ | ND2D4     | 0.035 |  17.498 |   -4.790 | 
     | sfp_instance/div3/div_19/FE_RC_48582_0_dup         | A2 ^ -> ZN v | OAI211D4  | 0.055 |  17.553 |   -4.735 | 
     | sfp_instance/div3/div_19/FE_RC_40187_0             | A1 v -> ZN ^ | ND2D8     | 0.054 |  17.607 |   -4.681 | 
     | sfp_instance/div3/div_19/FE_RC_535_0               | B1 ^ -> ZN v | IND2D4    | 0.037 |  17.644 |   -4.644 | 
     | sfp_instance/div3/div_19/FE_RC_533_0               | B v -> ZN ^  | OAI21D4   | 0.028 |  17.672 |   -4.616 | 
     | sfp_instance/div3/div_19/FE_RC_35596_0             | A1 ^ -> ZN v | CKND2D2   | 0.029 |  17.701 |   -4.587 | 
     | sfp_instance/div3/div_19/FE_RC_38492_0             | A1 v -> ZN ^ | ND2D2     | 0.028 |  17.728 |   -4.559 | 
     | sfp_instance/div3/div_19/FE_RC_39193_0             | A2 ^ -> ZN v | ND2D2     | 0.032 |  17.761 |   -4.527 | 
     | sfp_instance/div3/div_19/FE_RC_39192_0             | A1 v -> ZN ^ | ND2D2     | 0.022 |  17.783 |   -4.505 | 
     | sfp_instance/div3/div_19/u_div_u_fa_PartRem_0_6_3  | CI ^ -> CO ^ | FA1D2     | 0.077 |  17.860 |   -4.428 | 
     | sfp_instance/div3/div_19/FE_RC_1894_0              | A1 ^ -> ZN v | ND2D4     | 0.031 |  17.891 |   -4.397 | 
     | sfp_instance/div3/div_19/FE_RC_1893_0              | A1 v -> ZN ^ | ND2D4     | 0.022 |  17.913 |   -4.374 | 
     | sfp_instance/div3/div_19/FE_RC_46010_0             | A1 ^ -> ZN v | ND2D4     | 0.026 |  17.939 |   -4.349 | 
     | sfp_instance/div3/div_19/FE_RC_46009_0             | A1 v -> ZN ^ | ND2D4     | 0.024 |  17.963 |   -4.324 | 
     | sfp_instance/div3/div_19/FE_RC_1078_0              | B1 ^ -> ZN v | IND2D4    | 0.027 |  17.990 |   -4.298 | 
     | sfp_instance/div3/div_19/FE_RC_1077_0              | A1 v -> ZN ^ | ND2D4     | 0.022 |  18.012 |   -4.275 | 
     | sfp_instance/div3/div_19/FE_RC_57453_0             | B1 ^ -> ZN v | IND2D4    | 0.032 |  18.044 |   -4.244 | 
     | sfp_instance/div3/div_19/FE_RC_57451_0             | B1 v -> ZN ^ | IND2D4    | 0.024 |  18.068 |   -4.219 | 
     | sfp_instance/div3/div_19/FE_RC_10284_0             | B1 ^ -> ZN v | IND2D4    | 0.026 |  18.095 |   -4.193 | 
     | sfp_instance/div3/div_19/FE_RC_32284_0             | A2 v -> ZN ^ | OAI211D4  | 0.041 |  18.135 |   -4.153 | 
     | sfp_instance/div3/div_19/FE_RC_35041_0             | A1 ^ -> ZN v | ND2D3     | 0.032 |  18.168 |   -4.120 | 
     | sfp_instance/div3/div_19/FE_RC_36948_0             | A1 v -> ZN ^ | ND2D4     | 0.027 |  18.195 |   -4.093 | 
     | sfp_instance/div3/div_19/FE_RC_47475_0             | A1 ^ -> ZN v | OAI21D4   | 0.033 |  18.227 |   -4.060 | 
     | sfp_instance/div3/div_19/FE_RC_47474_0             | A1 v -> ZN ^ | ND2D4     | 0.029 |  18.257 |   -4.031 | 
     | sfp_instance/div3/div_19/FE_RC_29877_0             | B1 ^ -> ZN v | IND2D4    | 0.033 |  18.289 |   -3.998 | 
     | sfp_instance/div3/div_19/FE_RC_29876_0             | A1 v -> ZN ^ | CKND2D8   | 0.030 |  18.319 |   -3.969 | 
     | sfp_instance/div3/div_19/FE_RC_13491_0             | B1 ^ -> ZN v | IND2D4    | 0.029 |  18.348 |   -3.939 | 
     | sfp_instance/div3/div_19/FE_RC_22895_0             | A1 v -> ZN ^ | ND2D4     | 0.026 |  18.375 |   -3.913 | 
     | sfp_instance/div3/div_19/FE_RC_22952_0             | A1 ^ -> ZN v | ND2D8     | 0.034 |  18.408 |   -3.880 | 
     | sfp_instance/div3/div_19/FE_RC_22488_0             | I v -> ZN ^  | INVD16    | 0.037 |  18.445 |   -3.842 | 
     | sfp_instance/div3/div_19/FE_RC_43224_0             | A1 ^ -> ZN v | ND2D4     | 0.028 |  18.474 |   -3.814 | 
     | sfp_instance/div3/div_19/FE_RC_43222_0             | B v -> ZN ^  | OAI21D4   | 0.037 |  18.511 |   -3.776 | 
     | sfp_instance/div3/div_19/FE_OCPC12423_u_div_PartRe | I ^ -> Z ^   | BUFFD4    | 0.047 |  18.559 |   -3.729 | 
     | m_6__2_                                            |              |           |       |         |          | 
     | sfp_instance/div3/div_19/FE_RC_48987_0             | A1 ^ -> ZN v | ND2D4     | 0.023 |  18.582 |   -3.706 | 
     | sfp_instance/div3/div_19/FE_RC_48985_0             | A2 v -> ZN ^ | ND2D4     | 0.028 |  18.609 |   -3.678 | 
     | sfp_instance/div3/div_19/u_div_u_fa_PartRem_0_5_3  | CI ^ -> CO ^ | FA1D1     | 0.063 |  18.672 |   -3.616 | 
     | sfp_instance/div3/div_19/u_div_u_fa_PartRem_0_5_4  | CI ^ -> CO ^ | FA1D2     | 0.072 |  18.744 |   -3.544 | 
     | sfp_instance/div3/div_19/FE_RC_3193_0              | B1 ^ -> ZN v | IND2D4    | 0.029 |  18.773 |   -3.515 | 
     | sfp_instance/div3/div_19/FE_RC_3192_0              | A1 v -> ZN ^ | ND2D4     | 0.023 |  18.797 |   -3.491 | 
     | sfp_instance/div3/div_19/FE_RC_3115_0              | B1 ^ -> ZN v | IND2D4    | 0.034 |  18.830 |   -3.458 | 
     | sfp_instance/div3/div_19/FE_RC_15053_0             | A2 v -> ZN ^ | OAI211D4  | 0.048 |  18.878 |   -3.410 | 
     | sfp_instance/div3/div_19/FE_RC_16411_0             | A1 ^ -> ZN v | ND2D4     | 0.038 |  18.916 |   -3.372 | 
     | sfp_instance/div3/div_19/FE_RC_38040_0             | A1 v -> ZN ^ | OAI21D4   | 0.038 |  18.954 |   -3.334 | 
     | sfp_instance/div3/div_19/FE_RC_48858_0             | A1 ^ -> ZN v | ND2D2     | 0.028 |  18.981 |   -3.306 | 
     | sfp_instance/div3/div_19/FE_RC_48857_0             | B v -> ZN ^  | IOA21D2   | 0.025 |  19.006 |   -3.281 | 
     | sfp_instance/div3/div_19/u_div_u_fa_PartRem_0_5_13 | CI ^ -> CO ^ | FA1D2     | 0.064 |  19.070 |   -3.218 | 
     | sfp_instance/div3/div_19/u_div_u_fa_PartRem_0_5_14 | CI ^ -> CO ^ | FA1D2     | 0.064 |  19.134 |   -3.154 | 
     | sfp_instance/div3/div_19/FE_RC_45860_0             | A1 ^ -> ZN v | ND2D2     | 0.026 |  19.160 |   -3.128 | 
     | sfp_instance/div3/div_19/FE_RC_45859_0             | A1 v -> ZN ^ | ND2D2     | 0.023 |  19.183 |   -3.105 | 
     | sfp_instance/div3/div_19/u_div_u_fa_PartRem_0_5_16 | CI ^ -> CO ^ | FA1D2     | 0.071 |  19.254 |   -3.034 | 
     | sfp_instance/div3/div_19/FE_RC_9567_0              | B1 ^ -> ZN v | IND2D4    | 0.029 |  19.283 |   -3.005 | 
     | sfp_instance/div3/div_19/FE_RC_9566_0              | A1 v -> ZN ^ | ND2D4     | 0.023 |  19.306 |   -2.982 | 
     | sfp_instance/div3/div_19/FE_RC_47152_0             | A1 ^ -> ZN v | ND2D4     | 0.034 |  19.340 |   -2.948 | 
     | sfp_instance/div3/div_19/FE_RC_36203_0             | A1 v -> ZN ^ | ND2D4     | 0.030 |  19.370 |   -2.918 | 
     | sfp_instance/div3/div_19/FE_RC_36202_0             | A1 ^ -> ZN v | ND2D8     | 0.035 |  19.405 |   -2.883 | 
     | sfp_instance/div3/div_19/FE_OCPC4324_div_out3_5_   | I v -> ZN ^  | INVD16    | 0.037 |  19.442 |   -2.846 | 
     | sfp_instance/div3/div_19/FE_RC_45630_0             | A1 ^ -> ZN v | ND2D4     | 0.027 |  19.469 |   -2.819 | 
     | sfp_instance/div3/div_19/FE_RC_45628_0             | B v -> ZN ^  | OAI21D4   | 0.036 |  19.504 |   -2.783 | 
     | sfp_instance/div3/div_19/FE_RC_47141_0             | A1 ^ -> ZN v | NR2XD2    | 0.028 |  19.533 |   -2.755 | 
     | sfp_instance/div3/div_19/FE_RC_47140_0             | A1 v -> ZN v | IND2D4    | 0.052 |  19.585 |   -2.703 | 
     | sfp_instance/div3/div_19/FE_RC_47139_0             | A1 v -> ZN ^ | ND2D4     | 0.024 |  19.609 |   -2.679 | 
     | sfp_instance/div3/div_19/FE_RC_3687_0              | A1 ^ -> ZN v | ND2D4     | 0.026 |  19.635 |   -2.653 | 
     | sfp_instance/div3/div_19/FE_RC_3686_0              | A1 v -> ZN ^ | ND2D4     | 0.022 |  19.657 |   -2.631 | 
     | sfp_instance/div3/div_19/FE_RC_3552_0              | A1 ^ -> ZN v | ND2D4     | 0.026 |  19.683 |   -2.605 | 
     | sfp_instance/div3/div_19/FE_RC_3551_0              | A1 v -> ZN ^ | ND2D4     | 0.021 |  19.705 |   -2.583 | 
     | sfp_instance/div3/div_19/FE_RC_3475_0              | B1 ^ -> ZN v | IND2D4    | 0.025 |  19.730 |   -2.558 | 
     | sfp_instance/div3/div_19/FE_RC_3474_0              | A1 v -> ZN ^ | CKND2D4   | 0.025 |  19.755 |   -2.532 | 
     | sfp_instance/div3/div_19/FE_RC_3386_0              | B1 ^ -> ZN v | IND2D4    | 0.031 |  19.787 |   -2.501 | 
     | sfp_instance/div3/div_19/FE_RC_30607_0             | A1 v -> ZN ^ | OAI21D4   | 0.042 |  19.829 |   -2.459 | 
     | sfp_instance/div3/div_19/FE_RC_10731_0             | A1 ^ -> ZN v | ND2D4     | 0.038 |  19.867 |   -2.420 | 
     | sfp_instance/div3/div_19/FE_RC_57344_0             | B1 v -> ZN ^ | IND2D4    | 0.026 |  19.894 |   -2.394 | 
     | sfp_instance/div3/div_19/FE_RC_58125_0             | B1 ^ -> ZN v | IND2D4    | 0.030 |  19.924 |   -2.364 | 
     | sfp_instance/div3/div_19/FE_RC_46012_0             | A2 v -> ZN ^ | OAI211D4  | 0.046 |  19.970 |   -2.318 | 
     | sfp_instance/div3/div_19/FE_RC_40605_0             | A1 ^ -> ZN v | ND2D2     | 0.030 |  19.999 |   -2.288 | 
     | sfp_instance/div3/div_19/FE_RC_50303_0             | A1 v -> ZN ^ | ND2D2     | 0.025 |  20.025 |   -2.263 | 
     | sfp_instance/div3/div_19/FE_RC_31739_0             | A1 ^ -> ZN v | ND2D2     | 0.026 |  20.050 |   -2.237 | 
     | sfp_instance/div3/div_19/FE_RC_31835_0             | A1 v -> ZN ^ | ND2D2     | 0.021 |  20.072 |   -2.216 | 
     | sfp_instance/div3/div_19/u_div_u_fa_PartRem_0_4_15 | CI ^ -> CO ^ | FA1D2     | 0.066 |  20.138 |   -2.150 | 
     | sfp_instance/div3/div_19/u_div_u_fa_PartRem_0_4_16 | CI ^ -> CO ^ | FA1D2     | 0.066 |  20.204 |   -2.084 | 
     | sfp_instance/div3/div_19/FE_RC_48855_0             | A1 ^ -> ZN v | ND2D2     | 0.033 |  20.237 |   -2.051 | 
     | sfp_instance/div3/div_19/FE_RC_48854_0             | A1 v -> ZN ^ | ND2D4     | 0.037 |  20.274 |   -2.014 | 
     | sfp_instance/div3/div_19/FE_RC_35125_0_dup         | A1 ^ -> ZN v | OAI21D4   | 0.040 |  20.314 |   -1.974 | 
     | sfp_instance/div3/div_19/FE_RC_35126_0             | I v -> ZN ^  | INVD8     | 0.041 |  20.356 |   -1.932 | 
     | sfp_instance/div3/div_19/FE_RC_47765_0             | I ^ -> Z ^   | BUFFD16   | 0.054 |  20.409 |   -1.879 | 
     | sfp_instance/div3/div_19/FE_RC_49220_0             | A1 ^ -> ZN v | ND2D4     | 0.020 |  20.430 |   -1.858 | 
     | sfp_instance/div3/div_19/FE_RC_49218_0             | A1 v -> ZN v | INR2XD4   | 0.048 |  20.478 |   -1.810 | 
     | sfp_instance/div3/div_19/FE_RC_49219_0             | I v -> ZN ^  | CKND4     | 0.020 |  20.498 |   -1.790 | 
     | sfp_instance/div3/div_19/FE_RC_39278_0             | A1 ^ -> ZN ^ | IND2D4    | 0.038 |  20.537 |   -1.751 | 
     | sfp_instance/div3/div_19/FE_RC_39277_0             | A2 ^ -> ZN v | ND2D2     | 0.028 |  20.565 |   -1.723 | 
     | sfp_instance/div3/div_19/FE_RC_39276_0             | A1 v -> ZN ^ | ND2D2     | 0.022 |  20.587 |   -1.701 | 
     | sfp_instance/div3/div_19/FE_RC_39521_0             | A1 ^ -> ZN v | ND2D2     | 0.029 |  20.617 |   -1.671 | 
     | sfp_instance/div3/div_19/FE_RC_39520_0             | A1 v -> ZN ^ | ND2D3     | 0.026 |  20.643 |   -1.645 | 
     | sfp_instance/div3/div_19/FE_RC_5643_0              | B1 ^ -> ZN v | IND2D4    | 0.030 |  20.673 |   -1.615 | 
     | sfp_instance/div3/div_19/FE_RC_31671_0             | A1 v -> ZN ^ | OAI21D4   | 0.037 |  20.710 |   -1.578 | 
     | sfp_instance/div3/div_19/FE_RC_32300_0             | A1 ^ -> ZN v | ND2D2     | 0.030 |  20.740 |   -1.548 | 
     | sfp_instance/div3/div_19/FE_RC_48786_0             | A1 v -> ZN ^ | CKND2D3   | 0.027 |  20.767 |   -1.521 | 
     | sfp_instance/div3/div_19/FE_RC_49617_0             | A1 ^ -> ZN v | ND2D2     | 0.025 |  20.792 |   -1.496 | 
     | sfp_instance/div3/div_19/FE_RC_49616_0             | A1 v -> ZN ^ | CKND2D2   | 0.026 |  20.817 |   -1.470 | 
     | sfp_instance/div3/div_19/u_div_u_fa_PartRem_0_3_10 | CI ^ -> CO ^ | FA1D2     | 0.066 |  20.884 |   -1.404 | 
     | sfp_instance/div3/div_19/u_div_u_fa_PartRem_0_3_11 | CI ^ -> CO ^ | FA1D1     | 0.068 |  20.952 |   -1.336 | 
     | sfp_instance/div3/div_19/u_div_u_fa_PartRem_0_3_12 | CI ^ -> CO ^ | FA1D1     | 0.073 |  21.025 |   -1.263 | 
     | sfp_instance/div3/div_19/u_div_u_fa_PartRem_0_3_13 | CI ^ -> CO ^ | FA1D1     | 0.070 |  21.096 |   -1.192 | 
     | sfp_instance/div3/div_19/u_div_u_fa_PartRem_0_3_14 | CI ^ -> CO ^ | FA1D2     | 0.081 |  21.177 |   -1.111 | 
     | sfp_instance/div3/div_19/FE_RC_51025_0             | A2 ^ -> ZN v | OAI211D4  | 0.054 |  21.231 |   -1.057 | 
     | sfp_instance/div3/div_19/FE_RC_30317_0             | B1 v -> ZN ^ | IND2D4    | 0.058 |  21.289 |   -0.999 | 
     | sfp_instance/div3/div_19/FE_RC_57315_0             | A1 ^ -> ZN v | ND2D8     | 0.038 |  21.327 |   -0.961 | 
     | sfp_instance/div3/div_19/FE_RC_57316_0             | I v -> ZN ^  | INVD12    | 0.028 |  21.354 |   -0.934 | 
     | sfp_instance/div3/div_19/FE_RC_35789_0             | A1 ^ -> ZN v | ND2D4     | 0.029 |  21.383 |   -0.904 | 
     | sfp_instance/div3/div_19/FE_RC_36434_0             | B v -> ZN ^  | OAI21D4   | 0.037 |  21.421 |   -0.867 | 
     | sfp_instance/div3/div_19/u_div_u_fa_PartRem_0_2_2  | A ^ -> CO ^  | FA1D4     | 0.144 |  21.565 |   -0.723 | 
     | sfp_instance/div3/div_19/u_div_u_fa_PartRem_0_2_3  | CI ^ -> CO ^ | FA1D2     | 0.070 |  21.635 |   -0.652 | 
     | sfp_instance/div3/div_19/FE_RC_1796_0              | A1 ^ -> ZN v | ND2D2     | 0.034 |  21.669 |   -0.619 | 
     | sfp_instance/div3/div_19/FE_RC_1795_0              | A1 v -> ZN ^ | CKND2D4   | 0.030 |  21.699 |   -0.589 | 
     | sfp_instance/div3/div_19/FE_RC_1727_0              | B1 ^ -> ZN v | IND2D4    | 0.033 |  21.732 |   -0.556 | 
     | sfp_instance/div3/div_19/FE_RC_47022_0             | A2 v -> ZN ^ | OAI211D4  | 0.049 |  21.781 |   -0.507 | 
     | sfp_instance/div3/div_19/FE_RC_1581_0              | B1 ^ -> ZN v | IND2D4    | 0.035 |  21.816 |   -0.472 | 
     | sfp_instance/div3/div_19/FE_RC_34822_0             | A1 v -> ZN ^ | OAI21D4   | 0.041 |  21.856 |   -0.431 | 
     | sfp_instance/div3/div_19/FE_RC_36662_0             | A1 ^ -> ZN v | ND2D2     | 0.029 |  21.885 |   -0.403 | 
     | sfp_instance/div3/div_19/FE_RC_37896_0             | A1 v -> ZN ^ | ND2D2     | 0.027 |  21.912 |   -0.376 | 
     | sfp_instance/div3/div_19/FE_RC_49607_0             | A1 ^ -> ZN v | ND2D2     | 0.032 |  21.944 |   -0.344 | 
     | sfp_instance/div3/div_19/FE_RC_51476_0             | A1 v -> ZN ^ | ND2D3     | 0.027 |  21.970 |   -0.317 | 
     | sfp_instance/div3/div_19/FE_RC_12207_0             | B1 ^ -> ZN v | IND2D4    | 0.032 |  22.003 |   -0.285 | 
     | sfp_instance/div3/div_19/FE_RC_47154_0             | A2 v -> ZN ^ | OAI211D4  | 0.046 |  22.048 |   -0.240 | 
     | sfp_instance/div3/div_19/FE_RC_38612_0             | A1 ^ -> ZN v | ND2D4     | 0.033 |  22.082 |   -0.206 | 
     | sfp_instance/div3/div_19/FE_RC_47535_0             | A2 v -> ZN ^ | OAI211D4  | 0.048 |  22.129 |   -0.158 | 
     | sfp_instance/div3/div_19/FE_RC_50879_0             | B1 ^ -> ZN v | IND2D4    | 0.032 |  22.161 |   -0.126 | 
     | sfp_instance/div3/div_19/FE_RC_50878_0             | A1 v -> ZN ^ | ND2D4     | 0.030 |  22.191 |   -0.096 | 
     | sfp_instance/div3/div_19/FE_RC_5522_0              | B1 ^ -> ZN v | IND2D4    | 0.026 |  22.218 |   -0.070 | 
     | sfp_instance/div3/div_19/FE_RC_5521_0              | A1 v -> ZN ^ | CKND2D4   | 0.025 |  22.242 |   -0.045 | 
     | sfp_instance/div3/div_19/FE_RC_5439_0              | B1 ^ -> ZN v | IND2D4    | 0.032 |  22.275 |   -0.013 | 
     | sfp_instance/div3/div_19/FE_RC_28828_0             | A1 v -> ZN ^ | ND2D4     | 0.025 |  22.300 |    0.012 | 
     | sfp_instance/div3/div_19/FE_RC_28827_0             | A1 ^ -> ZN v | CKND2D8   | 0.029 |  22.328 |    0.040 | 
     | sfp_instance/div3/div_19/FE_RC_19483_0             | I v -> ZN ^  | INVD12    | 0.033 |  22.362 |    0.074 | 
     | sfp_instance/div3/div_19/FE_OCPC10462_div_out3_2_  | I ^ -> ZN v  | INVD8     | 0.022 |  22.384 |    0.096 | 
     | sfp_instance/div3/div_19/FE_OCPC10463_div_out3_2_  | I v -> ZN ^  | CKND16    | 0.029 |  22.413 |    0.125 | 
     | sfp_instance/div3/div_19/FE_RC_36494_0             | A1 ^ -> ZN v | NR2D8     | 0.018 |  22.431 |    0.143 | 
     | sfp_instance/div3/div_19/FE_RC_36491_0             | B1 v -> ZN ^ | INR2XD4   | 0.031 |  22.462 |    0.174 | 
     | sfp_instance/div3/div_19/FE_RC_36492_0             | I ^ -> ZN v  | CKND4     | 0.017 |  22.479 |    0.191 | 
     | sfp_instance/div3/div_19/u_div_u_fa_PartRem_0_1_3  | A v -> CO v  | FA1D2     | 0.164 |  22.642 |    0.355 | 
     | sfp_instance/div3/div_19/u_div_u_fa_PartRem_0_1_4  | CI v -> CO v | FA1D2     | 0.086 |  22.729 |    0.441 | 
     | sfp_instance/div3/div_19/FE_RC_13858_0             | A1 v -> ZN ^ | ND2D2     | 0.032 |  22.761 |    0.473 | 
     | sfp_instance/div3/div_19/FE_RC_13857_0             | A1 ^ -> ZN v | CKND2D4   | 0.027 |  22.787 |    0.500 | 
     | sfp_instance/div3/div_19/FE_RC_10236_0             | B1 v -> ZN ^ | IND2D4    | 0.027 |  22.815 |    0.527 | 
     | sfp_instance/div3/div_19/FE_RC_38078_0             | A1 ^ -> ZN v | OAI21D4   | 0.023 |  22.838 |    0.550 | 
     | sfp_instance/div3/div_19/u_div_u_fa_PartRem_0_1_8  | CI v -> CO v | FA1D1     | 0.072 |  22.910 |    0.623 | 
     | sfp_instance/div3/div_19/FE_RC_50563_0             | A1 v -> ZN ^ | ND2D2     | 0.023 |  22.933 |    0.646 | 
     | sfp_instance/div3/div_19/FE_RC_50562_0             | A1 ^ -> ZN v | CKND2D2   | 0.025 |  22.959 |    0.671 | 
     | sfp_instance/div3/div_19/u_div_u_fa_PartRem_0_1_10 | CI v -> CO v | FA1D1     | 0.073 |  23.032 |    0.744 | 
     | sfp_instance/div3/div_19/u_div_u_fa_PartRem_0_1_11 | CI v -> CO v | FA1D1     | 0.073 |  23.105 |    0.817 | 
     | sfp_instance/div3/div_19/u_div_u_fa_PartRem_0_1_12 | CI v -> CO v | FA1D2     | 0.085 |  23.190 |    0.902 | 
     | sfp_instance/div3/div_19/FE_RC_38111_0             | B1 v -> ZN ^ | IND2D4    | 0.033 |  23.223 |    0.935 | 
     | sfp_instance/div3/div_19/FE_RC_40561_0             | B1 ^ -> ZN v | IND2D4    | 0.031 |  23.254 |    0.966 | 
     | sfp_instance/div3/div_19/FE_RC_40560_0             | A1 v -> ZN ^ | ND2D8     | 0.029 |  23.283 |    0.995 | 
     | sfp_instance/div3/div_19/FE_RC_33366_0             | A2 ^ -> ZN v | OAI211D4  | 0.040 |  23.323 |    1.035 | 
     | sfp_instance/div3/div_19/FE_OCPC8790_FE_RN_48      | I v -> Z v   | BUFFD16   | 0.061 |  23.384 |    1.096 | 
     | sfp_instance/div3/div_19/FE_RC_13353_0             | A1 v -> ZN ^ | ND2D4     | 0.024 |  23.408 |    1.120 | 
     | sfp_instance/div3/div_19/FE_RC_13352_0             | B ^ -> ZN v  | OAI21D4   | 0.039 |  23.447 |    1.159 | 
     | sfp_instance/div3/div_19/FE_RC_19763_0             | A1 v -> ZN ^ | NR2XD1    | 0.031 |  23.478 |    1.190 | 
     | sfp_instance/div3/div_19/FE_RC_19762_0             | A1 ^ -> ZN v | OAI22D2   | 0.036 |  23.514 |    1.226 | 
     | sfp_instance/div3/div_19/FE_RC_19624_0             | I v -> ZN ^  | CKND2     | 0.028 |  23.542 |    1.254 | 
     | sfp_instance/div3/div_19/FE_RC_20384_0             | A1 ^ -> ZN v | OAI21D4   | 0.026 |  23.568 |    1.280 | 
     | sfp_instance/div3/div_19/FE_RC_9554_0              | A1 v -> ZN ^ | ND2D4     | 0.024 |  23.592 |    1.304 | 
     | sfp_instance/div3/div_19/FE_RC_984_0               | A1 ^ -> ZN v | ND2D4     | 0.027 |  23.619 |    1.331 | 
     | sfp_instance/div3/div_19/FE_RC_7671_0              | B1 v -> ZN ^ | IND2D4    | 0.022 |  23.641 |    1.354 | 
     | sfp_instance/div3/div_19/FE_RC_28815_0             | B1 ^ -> ZN v | IND2D4    | 0.023 |  23.665 |    1.377 | 
     | sfp_instance/div3/div_19/FE_RC_28814_0             | A1 v -> ZN ^ | ND2D4     | 0.023 |  23.687 |    1.399 | 
     | sfp_instance/div3/div_19/FE_RC_40599_0             | B1 ^ -> ZN v | IND2D4    | 0.024 |  23.711 |    1.423 | 
     | sfp_instance/div3/div_19/FE_RC_50883_0             | B1 v -> ZN ^ | IND2D4    | 0.020 |  23.731 |    1.443 | 
     | sfp_instance/div3/div_19/FE_RC_57192_0             | B1 ^ -> ZN v | IND2D4    | 0.023 |  23.755 |    1.467 | 
     | sfp_instance/div3/div_19/FE_RC_57191_0             | A1 v -> ZN ^ | ND2D4     | 0.021 |  23.775 |    1.487 | 
     | sfp_instance/div3/div_19/FE_RC_29284_0             | A1 ^ -> ZN v | ND2D4     | 0.028 |  23.803 |    1.515 | 
     | sfp_instance/div3/div_19/FE_RC_26567_0             | A1 v -> ZN ^ | ND2D8     | 0.029 |  23.832 |    1.544 | 
     | sfp_instance/div3/div_19/FE_RC_19784_0             | A2 ^ -> ZN v | OAI211D4  | 0.038 |  23.870 |    1.582 | 
     | sfp_instance/div3/div_19/FE_RC_29283_0             | A1 v -> ZN ^ | OAI21D4   | 0.052 |  23.922 |    1.634 | 
     | sfp_instance/div3/div_19/FE_RC_25920_0             | A1 ^ -> ZN v | ND2D8     | 0.058 |  23.980 |    1.692 | 
     | sfp_instance/sfp_out_sign3_reg_0_                  | D v          | EDFKCNQD1 | 0.000 |  23.980 |    1.692 | 
     +------------------------------------------------------------------------------------------------------------+ 
Path 2: VIOLATED Setup Check with Pin sfp_instance/sfp_out_sign0_reg_0_/CP 
Endpoint:   sfp_instance/sfp_out_sign0_reg_0_/D     (v) checked with  leading 
edge of 'clk'
Beginpoint: sfp_instance/fifo_inst_int/q15_reg_3_/Q (v) triggered by  leading 
edge of 'clk'
Path Groups: {clk}
Analysis View: WC_VIEW
Other End Arrival Time          0.982
- Setup                         0.172
+ Phase Shift                   1.000
+ CPPR Adjustment               0.000
= Required Time                 1.810
- Arrival Time                 24.083
= Slack Time                  -22.273
     Clock Rise Edge                 0.000
     + Clock Network Latency (Prop)  0.725
     = Beginpoint Arrival Time       0.725
     +------------------------------------------------------------------------------------------------------------+ 
     |                      Instance                      |     Arc      |   Cell    | Delay | Arrival | Required | 
     |                                                    |              |           |       |  Time   |   Time   | 
     |----------------------------------------------------+--------------+-----------+-------+---------+----------| 
     | sfp_instance/fifo_inst_int/q15_reg_3_              | CP ^         |           |       |   0.725 |  -21.548 | 
     | sfp_instance/fifo_inst_int/q15_reg_3_              | CP ^ -> Q v  | DFQD4     | 0.140 |   0.865 |  -21.408 | 
     | sfp_instance/fifo_inst_int/fifo_mux_16_1a/mux_8_1b | A1 v -> ZN ^ | ND2D2     | 0.021 |   0.886 |  -21.387 | 
     | /fifo_mux_2_1d/FE_RC_46917_0                       |              |           |       |         |          | 
     | sfp_instance/fifo_inst_int/fifo_mux_16_1a/mux_8_1b | A1 ^ -> ZN v | ND2D2     | 0.023 |   0.910 |  -21.363 | 
     | /fifo_mux_2_1d/FE_RC_46915_0                       |              |           |       |         |          | 
     | sfp_instance/fifo_inst_int/fifo_mux_16_1a/mux_8_1b | A1 v -> ZN ^ | ND2D2     | 0.025 |   0.935 |  -21.339 | 
     | /fifo_mux_2_1f/FE_RC_7124_0                        |              |           |       |         |          | 
     | sfp_instance/fifo_inst_int/fifo_mux_16_1a/mux_8_1b | A1 ^ -> ZN v | CKND2D4   | 0.025 |   0.960 |  -21.313 | 
     | /fifo_mux_2_1f/FE_RC_46902_0                       |              |           |       |         |          | 
     | sfp_instance/fifo_inst_int/fifo_mux_16_1a/mux_8_1b | A1 v -> ZN ^ | ND2D4     | 0.020 |   0.980 |  -21.293 | 
     | /fifo_mux_2_1g/FE_RC_7371_0                        |              |           |       |         |          | 
     | sfp_instance/fifo_inst_int/fifo_mux_16_1a/mux_8_1b | A1 ^ -> ZN v | CKND2D4   | 0.022 |   1.002 |  -21.271 | 
     | /fifo_mux_2_1g/FE_RC_7370_0                        |              |           |       |         |          | 
     | sfp_instance/fifo_inst_int/fifo_mux_16_1a/mux_2_1a | B1 v -> ZN ^ | IND2D4    | 0.020 |   1.022 |  -21.251 | 
     | /FE_RC_42698_0                                     |              |           |       |         |          | 
     | sfp_instance/fifo_inst_int/fifo_mux_16_1a/mux_2_1a | A1 ^ -> ZN v | ND2D4     | 0.028 |   1.050 |  -21.224 | 
     | /FE_RC_7103_0                                      |              |           |       |         |          | 
     | sfp_instance/add_88/FE_RC_22209_0                  | A1 v -> ZN ^ | NR2XD2    | 0.028 |   1.077 |  -21.196 | 
     | sfp_instance/add_88/FE_RC_22210_0                  | I ^ -> ZN v  | CKND4     | 0.020 |   1.098 |  -21.175 | 
     | sfp_instance/add_88/FE_RC_21464_0                  | A1 v -> ZN ^ | ND2D4     | 0.017 |   1.115 |  -21.158 | 
     | sfp_instance/add_88/FE_RC_21463_0                  | A1 ^ -> ZN v | CKND2D4   | 0.023 |   1.137 |  -21.136 | 
     | sfp_instance/add_88/FE_RC_31222_0                  | A1 v -> ZN ^ | ND2D4     | 0.020 |   1.158 |  -21.115 | 
     | sfp_instance/add_88/FE_RC_31221_0                  | A1 ^ -> ZN v | ND2D4     | 0.027 |   1.185 |  -21.088 | 
     | sfp_instance/add_88/FE_RC_35028_0                  | A1 v -> ZN ^ | ND2D4     | 0.021 |   1.206 |  -21.067 | 
     | sfp_instance/add_88/FE_RC_35027_0                  | A1 ^ -> ZN v | ND2D4     | 0.026 |   1.232 |  -21.041 | 
     | sfp_instance/add_88/FE_RC_41927_0                  | A1 v -> ZN ^ | ND2D4     | 0.021 |   1.253 |  -21.020 | 
     | sfp_instance/add_88/FE_RC_41926_0                  | A1 ^ -> ZN v | CKND2D4   | 0.023 |   1.276 |  -20.997 | 
     | sfp_instance/add_88/FE_RC_39061_0                  | A1 v -> ZN ^ | ND2D4     | 0.023 |   1.300 |  -20.973 | 
     | sfp_instance/add_88/FE_RC_49937_0                  | A1 ^ -> ZN v | OAI21D4   | 0.023 |   1.323 |  -20.951 | 
     | sfp_instance/add_88/U1_9                           | CI v -> CO v | FA1D1     | 0.069 |   1.391 |  -20.882 | 
     | sfp_instance/add_88/U1_10                          | CI v -> CO v | FA1D2     | 0.082 |   1.474 |  -20.800 | 
     | sfp_instance/add_88/FE_RC_7041_0                   | A1 v -> ZN ^ | ND2D4     | 0.031 |   1.504 |  -20.769 | 
     | sfp_instance/add_88/FE_RC_16170_0                  | A1 ^ -> ZN v | OAI21D4   | 0.028 |   1.533 |  -20.741 | 
     | sfp_instance/add_88/FE_RC_31285_0                  | A1 v -> ZN ^ | OAI21D4   | 0.042 |   1.574 |  -20.699 | 
     | sfp_instance/add_88/FE_RC_9417_0                   | B1 ^ -> ZN v | IND2D4    | 0.030 |   1.604 |  -20.669 | 
     | sfp_instance/add_88/FE_RC_9416_0                   | A1 v -> ZN ^ | ND2D4     | 0.027 |   1.631 |  -20.642 | 
     | sfp_instance/add_88/FE_RC_58113_0                  | A1 ^ -> ZN v | OAI21D4   | 0.024 |   1.655 |  -20.618 | 
     | sfp_instance/add_88/U1_18                          | CI v -> CO v | FA1D2     | 0.080 |   1.735 |  -20.538 | 
     | sfp_instance/add_88/U1_19                          | CI v -> CO v | FA1D1     | 0.079 |   1.814 |  -20.459 | 
     | sfp_instance/add_88/U1_20                          | CI v -> CO v | FA1D1     | 0.075 |   1.889 |  -20.384 | 
     | sfp_instance/add_88/U1_21                          | CI v -> CO v | FA1D1     | 0.073 |   1.962 |  -20.311 | 
     | sfp_instance/add_88/U1_22                          | CI v -> CO v | FA1D1     | 0.079 |   2.041 |  -20.232 | 
     | sfp_instance/add_88/FE_RC_16841_0                  | A1 v -> ZN v | IND2D2    | 0.063 |   2.104 |  -20.170 | 
     | sfp_instance/add_88/FE_RC_16840_0                  | A1 v -> ZN ^ | ND2D4     | 0.034 |   2.138 |  -20.135 | 
     | sfp_instance/FE_OCPC13316_sum_2core_23_            | I ^ -> Z ^   | BUFFD16   | 0.069 |   2.207 |  -20.066 | 
     | sfp_instance/div0/div_19/FE_RC_40056_0             | A1 ^ -> ZN v | NR3D8     | 0.028 |   2.236 |  -20.038 | 
     | sfp_instance/div0/div_19/FE_RC_42687_0             | A1 v -> ZN ^ | CKND2D4   | 0.027 |   2.262 |  -20.011 | 
     | sfp_instance/div0/div_19/FE_RC_19450_0             | A1 ^ -> ZN v | OAI21D4   | 0.035 |   2.298 |  -19.975 | 
     | sfp_instance/div0/div_19/FE_RC_11408_0             | A1 v -> ZN ^ | ND2D2     | 0.027 |   2.325 |  -19.948 | 
     | sfp_instance/div0/div_19/FE_RC_30084_0_dup         | A1 ^ -> ZN v | ND2D2     | 0.032 |   2.357 |  -19.916 | 
     | sfp_instance/div0/div_19/FE_RC_22531_0             | A1 v -> ZN ^ | CKND2D2   | 0.028 |   2.385 |  -19.888 | 
     | sfp_instance/div0/div_19/FE_RC_22545_0             | A1 ^ -> ZN v | ND2D2     | 0.033 |   2.418 |  -19.855 | 
     | sfp_instance/div0/div_19/FE_RC_22537_0             | A2 v -> ZN ^ | ND2D4     | 0.028 |   2.447 |  -19.827 | 
     | sfp_instance/div0/div_19/u_div_u_fa_PartRem_0_28_2 | A ^ -> CO ^  | FA1D4     | 0.139 |   2.585 |  -19.688 | 
     | sfp_instance/div0/div_19/U458                      | A1 ^ -> Z ^  | AN2D4     | 0.055 |   2.640 |  -19.633 | 
     | sfp_instance/div0/div_19/FE_RC_30651_0             | A1 ^ -> ZN v | ND2D4     | 0.022 |   2.663 |  -19.610 | 
     | sfp_instance/div0/div_19/FE_RC_30649_0             | B v -> ZN ^  | OAI21D4   | 0.025 |   2.688 |  -19.585 | 
     | sfp_instance/div0/div_19/u_div_u_fa_PartRem_0_27_2 | A ^ -> CO ^  | FA1D1     | 0.136 |   2.824 |  -19.449 | 
     | sfp_instance/div0/div_19/u_div_u_fa_PartRem_0_27_3 | CI ^ -> CO ^ | FA1D2     | 0.081 |   2.905 |  -19.368 | 
     | sfp_instance/div0/div_19/FE_RC_247_0               | B1 ^ -> ZN v | IND2D4    | 0.032 |   2.937 |  -19.336 | 
     | sfp_instance/div0/div_19/FE_RC_49286_0             | B1 v -> ZN ^ | IND2D4    | 0.021 |   2.958 |  -19.315 | 
     | sfp_instance/div0/div_19/FE_RC_49285_0             | B ^ -> ZN v  | OAI21D4   | 0.036 |   2.995 |  -19.278 | 
     | sfp_instance/div0/div_19/u_div_u_fa_PartRem_0_26_2 | A v -> CO v  | FA1D1     | 0.147 |   3.141 |  -19.132 | 
     | sfp_instance/div0/div_19/u_div_u_fa_PartRem_0_26_3 | CI v -> CO v | FA1D1     | 0.076 |   3.217 |  -19.056 | 
     | sfp_instance/div0/div_19/u_div_u_fa_PartRem_0_26_4 | CI v -> CO v | FA1D2     | 0.087 |   3.304 |  -18.969 | 
     | sfp_instance/div0/div_19/U496                      | A1 v -> Z v  | AN2D4     | 0.058 |   3.362 |  -18.911 | 
     | sfp_instance/div0/div_19/FE_RC_50600_0             | B1 v -> ZN ^ | IND2D4    | 0.023 |   3.385 |  -18.888 | 
     | sfp_instance/div0/div_19/FE_RC_13457_0_dup         | B1 ^ -> ZN v | IND2D4    | 0.022 |   3.406 |  -18.867 | 
     | sfp_instance/div0/div_19/u_div_u_fa_PartRem_0_25_2 | A v -> CO v  | FA1D1     | 0.143 |   3.549 |  -18.724 | 
     | sfp_instance/div0/div_19/u_div_u_fa_PartRem_0_25_3 | CI v -> CO v | FA1D1     | 0.076 |   3.625 |  -18.648 | 
     | sfp_instance/div0/div_19/u_div_u_fa_PartRem_0_25_4 | CI v -> CO v | FA1D1     | 0.074 |   3.699 |  -18.574 | 
     | sfp_instance/div0/div_19/u_div_u_fa_PartRem_0_25_5 | CI v -> CO v | FA1D2     | 0.085 |   3.784 |  -18.489 | 
     | sfp_instance/div0/div_19/FE_RC_18215_0_dup         | A1 v -> Z v  | AN2D4     | 0.054 |   3.838 |  -18.435 | 
     | sfp_instance/div0/div_19/FE_RC_57195_0             | A1 v -> ZN ^ | NR2XD1    | 0.034 |   3.872 |  -18.401 | 
     | sfp_instance/div0/div_19/FE_RC_57194_0             | A1 ^ -> ZN ^ | IND2D4    | 0.046 |   3.918 |  -18.355 | 
     | sfp_instance/div0/div_19/u_div_u_fa_PartRem_0_24_3 | A ^ -> CO ^  | FA1D2     | 0.138 |   4.056 |  -18.217 | 
     | sfp_instance/div0/div_19/u_div_u_fa_PartRem_0_24_4 | CI ^ -> CO ^ | FA1D2     | 0.069 |   4.125 |  -18.148 | 
     | sfp_instance/div0/div_19/FE_RC_20229_0             | B1 ^ -> ZN v | IND2D4    | 0.050 |   4.176 |  -18.097 | 
     | sfp_instance/div0/div_19/FE_RC_20362_0             | A1 v -> ZN ^ | OAI21D4   | 0.057 |   4.232 |  -18.041 | 
     | sfp_instance/div0/div_19/FE_RC_13501_0             | A1 ^ -> ZN v | ND2D2     | 0.037 |   4.270 |  -18.003 | 
     | sfp_instance/div0/div_19/FE_RC_13499_0             | B v -> ZN ^  | OAI21D4   | 0.037 |   4.306 |  -17.967 | 
     | sfp_instance/div0/div_19/FE_RC_35755_0             | A1 ^ -> ZN v | ND2D1     | 0.058 |   4.364 |  -17.909 | 
     | sfp_instance/div0/div_19/FE_RC_35753_0             | A2 v -> ZN ^ | ND2D4     | 0.045 |   4.409 |  -17.864 | 
     | sfp_instance/div0/div_19/FE_RC_46829_0             | A1 ^ -> ZN v | ND2D2     | 0.027 |   4.437 |  -17.837 | 
     | sfp_instance/div0/div_19/FE_RC_46828_0             | A1 v -> ZN ^ | ND2D2     | 0.023 |   4.460 |  -17.813 | 
     | sfp_instance/div0/div_19/u_div_u_fa_PartRem_0_23_4 | CI ^ -> CO ^ | FA1D2     | 0.076 |   4.536 |  -17.737 | 
     | sfp_instance/div0/div_19/FE_RC_6127_0              | B1 ^ -> ZN v | IND2D4    | 0.042 |   4.579 |  -17.695 | 
     | sfp_instance/div0/div_19/FE_RC_28219_0_dup         | A1 v -> ZN ^ | OAI21D4   | 0.044 |   4.623 |  -17.651 | 
     | sfp_instance/div0/div_19/FE_RC_14956_0_dup         | B1 ^ -> ZN v | IND2D4    | 0.037 |   4.659 |  -17.614 | 
     | sfp_instance/div0/div_19/FE_RC_14955_0             | A1 v -> ZN ^ | ND2D8     | 0.026 |   4.686 |  -17.587 | 
     | sfp_instance/div0/div_19/FE_RC_19603_0             | I ^ -> ZN v  | CKND4     | 0.018 |   4.704 |  -17.570 | 
     | sfp_instance/div0/div_19/FE_RC_19997_0             | A1 v -> ZN ^ | CKND2D4   | 0.021 |   4.724 |  -17.549 | 
     | sfp_instance/div0/div_19/FE_RC_19996_0             | A1 ^ -> ZN v | ND2D4     | 0.029 |   4.753 |  -17.520 | 
     | sfp_instance/div0/div_19/FE_RC_47666_0             | B1 v -> ZN ^ | INR2XD2   | 0.023 |   4.776 |  -17.497 | 
     | sfp_instance/div0/div_19/FE_RC_47667_0             | I ^ -> ZN v  | INVD2     | 0.019 |   4.796 |  -17.477 | 
     | sfp_instance/div0/div_19/FE_RC_35924_0             | A2 v -> ZN ^ | ND2D2     | 0.021 |   4.817 |  -17.456 | 
     | sfp_instance/div0/div_19/FE_RC_35923_0             | A1 ^ -> ZN v | ND2D2     | 0.024 |   4.840 |  -17.433 | 
     | sfp_instance/div0/div_19/u_div_u_fa_PartRem_0_22_3 | CI v -> CO v | FA1D4     | 0.099 |   4.939 |  -17.334 | 
     | sfp_instance/div0/div_19/FE_RC_51214_0             | A2 v -> ZN ^ | OAI211D4  | 0.047 |   4.986 |  -17.287 | 
     | sfp_instance/div0/div_19/FE_RC_10264_0             | A1 ^ -> ZN v | ND2D4     | 0.033 |   5.019 |  -17.254 | 
     | sfp_instance/div0/div_19/FE_RC_10176_0             | B1 v -> ZN ^ | IND2D4    | 0.025 |   5.044 |  -17.229 | 
     | sfp_instance/div0/div_19/FE_RC_18318_0             | A1 ^ -> ZN v | OAI21D4   | 0.029 |   5.073 |  -17.200 | 
     | sfp_instance/div0/div_19/FE_RC_9368_0              | A1 v -> ZN ^ | ND2D4     | 0.030 |   5.103 |  -17.170 | 
     | sfp_instance/div0/div_19/FE_RC_9366_0_dup          | B1 ^ -> ZN v | IND2D4    | 0.039 |   5.142 |  -17.131 | 
     | sfp_instance/div0/div_19/FE_RC_14160_0             | I v -> ZN ^  | CKND2     | 0.023 |   5.166 |  -17.108 | 
     | sfp_instance/div0/div_19/FE_RC_14159_0             | A1 ^ -> ZN v | OAI22D2   | 0.029 |   5.194 |  -17.079 | 
     | sfp_instance/div0/div_19/u_div_u_fa_PartRem_0_21_2 | A v -> CO v  | FA1D1     | 0.150 |   5.344 |  -16.929 | 
     | sfp_instance/div0/div_19/u_div_u_fa_PartRem_0_21_3 | CI v -> CO v | FA1D2     | 0.089 |   5.433 |  -16.840 | 
     | sfp_instance/div0/div_19/FE_RC_16178_0             | A1 v -> ZN ^ | ND2D4     | 0.028 |   5.461 |  -16.812 | 
     | sfp_instance/div0/div_19/FE_RC_16177_0             | A1 ^ -> ZN v | ND2D4     | 0.025 |   5.486 |  -16.787 | 
     | sfp_instance/div0/div_19/FE_RC_16187_0             | A1 v -> ZN ^ | ND2D4     | 0.023 |   5.510 |  -16.763 | 
     | sfp_instance/div0/div_19/FE_RC_16186_0             | A1 ^ -> ZN v | ND2D4     | 0.026 |   5.535 |  -16.738 | 
     | sfp_instance/div0/div_19/FE_RC_42529_0             | A1 v -> ZN ^ | ND2D4     | 0.023 |   5.559 |  -16.715 | 
     | sfp_instance/div0/div_19/FE_RC_42555_0             | A1 ^ -> ZN v | CKND2D4   | 0.024 |   5.582 |  -16.691 | 
     | sfp_instance/div0/div_19/FE_RC_57122_0             | B1 v -> ZN ^ | IND2D4    | 0.021 |   5.603 |  -16.670 | 
     | sfp_instance/div0/div_19/FE_RC_57120_0             | B1 ^ -> ZN v | IND2D4    | 0.027 |   5.630 |  -16.643 | 
     | sfp_instance/div0/div_19/FE_RC_57200_0             | B1 v -> ZN ^ | IND2D4    | 0.027 |   5.658 |  -16.616 | 
     | sfp_instance/div0/div_19/FE_RC_57199_0             | A1 ^ -> ZN v | ND2D8     | 0.042 |   5.699 |  -16.574 | 
     | sfp_instance/div0/div_19/FE_RC_18629_0             | B1 v -> ZN ^ | OAI22D2   | 0.058 |   5.757 |  -16.516 | 
     | sfp_instance/div0/div_19/u_div_u_fa_PartRem_0_20_2 | A ^ -> CO ^  | FA1D1     | 0.148 |   5.905 |  -16.368 | 
     | sfp_instance/div0/div_19/u_div_u_fa_PartRem_0_20_3 | CI ^ -> CO ^ | FA1D1     | 0.068 |   5.973 |  -16.300 | 
     | sfp_instance/div0/div_19/u_div_u_fa_PartRem_0_20_4 | CI ^ -> CO ^ | FA1D1     | 0.069 |   6.043 |  -16.230 | 
     | sfp_instance/div0/div_19/u_div_u_fa_PartRem_0_20_5 | CI ^ -> CO ^ | FA1D1     | 0.068 |   6.111 |  -16.162 | 
     | sfp_instance/div0/div_19/u_div_u_fa_PartRem_0_20_6 | CI ^ -> CO ^ | FA1D2     | 0.073 |   6.184 |  -16.089 | 
     | sfp_instance/div0/div_19/FE_RC_14377_0             | B1 ^ -> ZN v | IND2D4    | 0.030 |   6.214 |  -16.060 | 
     | sfp_instance/div0/div_19/FE_RC_14480_0             | A1 v -> ZN ^ | ND2D4     | 0.023 |   6.236 |  -16.037 | 
     | sfp_instance/div0/div_19/FE_RC_9479_0              | B1 ^ -> ZN v | IND2D4    | 0.023 |   6.260 |  -16.014 | 
     | sfp_instance/div0/div_19/FE_RC_9478_0              | A1 v -> ZN ^ | CKND2D4   | 0.027 |   6.287 |  -15.986 | 
     | sfp_instance/div0/div_19/FE_RC_18089_0             | A1 ^ -> ZN v | ND2D4     | 0.039 |   6.325 |  -15.948 | 
     | sfp_instance/div0/div_19/FE_RC_18088_0             | A1 v -> ZN ^ | ND2D8     | 0.031 |   6.357 |  -15.916 | 
     | sfp_instance/div0/div_19/FE_RC_12581_0             | A1 ^ -> ZN ^ | IND2D4    | 0.046 |   6.403 |  -15.870 | 
     | sfp_instance/div0/div_19/FE_RC_20311_0             | A1 ^ -> ZN v | CKND2D4   | 0.024 |   6.428 |  -15.845 | 
     | sfp_instance/div0/div_19/FE_RC_20968_0             | A1 v -> Z v  | OR2D4     | 0.061 |   6.489 |  -15.784 | 
     | sfp_instance/div0/div_19/FE_RC_20967_0             | A1 v -> ZN ^ | ND2D4     | 0.022 |   6.511 |  -15.762 | 
     | sfp_instance/div0/div_19/FE_RC_21047_0             | A1 ^ -> ZN v | CKND2D4   | 0.025 |   6.537 |  -15.737 | 
     | sfp_instance/div0/div_19/FE_RC_22822_0             | A1 v -> ZN ^ | ND2D4     | 0.025 |   6.562 |  -15.711 | 
     | sfp_instance/div0/div_19/FE_RC_57848_0             | B1 ^ -> ZN v | IND2D4    | 0.025 |   6.587 |  -15.687 | 
     | sfp_instance/div0/div_19/FE_RC_57847_0             | A1 v -> ZN ^ | ND2D4     | 0.020 |   6.607 |  -15.666 | 
     | sfp_instance/div0/div_19/FE_RC_42026_0             | A1 ^ -> ZN v | CKND2D4   | 0.020 |   6.627 |  -15.646 | 
     | sfp_instance/div0/div_19/u_div_u_fa_PartRem_0_19_5 | CI v -> CO v | FA1D1     | 0.071 |   6.698 |  -15.576 | 
     | sfp_instance/div0/div_19/u_div_u_fa_PartRem_0_19_6 | CI v -> CO v | FA1D2     | 0.080 |   6.777 |  -15.496 | 
     | sfp_instance/div0/div_19/u_div_u_fa_PartRem_0_19_7 | CI v -> CO v | FA1D1     | 0.075 |   6.852 |  -15.421 | 
     | sfp_instance/div0/div_19/u_div_u_fa_PartRem_0_19_8 | CI v -> CO v | FA1D1     | 0.074 |   6.926 |  -15.347 | 
     | sfp_instance/div0/div_19/u_div_u_fa_PartRem_0_19_9 | CI v -> CO v | FA1D1     | 0.074 |   7.001 |  -15.272 | 
     | sfp_instance/div0/div_19/u_div_u_fa_PartRem_0_19_1 | CI v -> CO v | FA1D1     | 0.073 |   7.074 |  -15.199 | 
     | 0                                                  |              |           |       |         |          | 
     | sfp_instance/div0/div_19/u_div_u_fa_PartRem_0_19_1 | CI v -> CO v | FA1D2     | 0.082 |   7.156 |  -15.117 | 
     | 1                                                  |              |           |       |         |          | 
     | sfp_instance/div0/div_19/FE_RC_17627_0_dup         | A1 v -> Z v  | AN2D4     | 0.055 |   7.211 |  -15.062 | 
     | sfp_instance/div0/div_19/FE_RC_42023_0             | B1 v -> ZN ^ | IND2D4    | 0.020 |   7.232 |  -15.041 | 
     | sfp_instance/div0/div_19/FE_RC_50288_0             | B ^ -> ZN v  | OAI21D4   | 0.034 |   7.266 |  -15.007 | 
     | sfp_instance/div0/div_19/FE_RC_33962_0             | A1 v -> Z v  | OR2D4     | 0.060 |   7.326 |  -14.947 | 
     | sfp_instance/div0/div_19/FE_RC_33961_0             | A2 v -> ZN ^ | ND2D2     | 0.028 |   7.355 |  -14.919 | 
     | sfp_instance/div0/div_19/FE_RC_40123_0             | A1 ^ -> ZN v | CKND2D4   | 0.024 |   7.379 |  -14.895 | 
     | sfp_instance/div0/div_19/FE_RC_42913_0             | A1 v -> ZN ^ | ND2D2     | 0.019 |   7.398 |  -14.875 | 
     | sfp_instance/div0/div_19/FE_RC_42912_0             | A1 ^ -> ZN v | ND2D2     | 0.027 |   7.425 |  -14.848 | 
     | sfp_instance/div0/div_19/FE_RC_50517_0             | A1 v -> ZN ^ | ND2D2     | 0.023 |   7.448 |  -14.826 | 
     | sfp_instance/div0/div_19/FE_RC_50516_0             | A1 ^ -> ZN v | ND2D2     | 0.036 |   7.484 |  -14.789 | 
     | sfp_instance/div0/div_19/FE_RC_51168_0             | A1 v -> ZN ^ | ND2D4     | 0.028 |   7.512 |  -14.761 | 
     | sfp_instance/div0/div_19/FE_RC_51167_0             | A1 ^ -> ZN v | ND2D4     | 0.025 |   7.537 |  -14.736 | 
     | sfp_instance/div0/div_19/FE_RC_7178_0              | B1 v -> ZN ^ | IND2D4    | 0.024 |   7.561 |  -14.712 | 
     | sfp_instance/div0/div_19/FE_RC_50270_0             | B1 ^ -> ZN v | IND2D4    | 0.024 |   7.585 |  -14.688 | 
     | sfp_instance/div0/div_19/FE_RC_50269_0             | A1 v -> ZN ^ | ND2D4     | 0.020 |   7.605 |  -14.668 | 
     | sfp_instance/div0/div_19/FE_RC_49329_0             | A1 ^ -> ZN v | ND2D4     | 0.025 |   7.630 |  -14.643 | 
     | sfp_instance/div0/div_19/FE_RC_45270_0             | A1 v -> ZN ^ | ND2D4     | 0.021 |   7.651 |  -14.622 | 
     | sfp_instance/div0/div_19/FE_RC_45269_0             | A1 ^ -> ZN v | CKND2D4   | 0.030 |   7.682 |  -14.591 | 
     | sfp_instance/div0/div_19/FE_RC_50554_0             | A1 v -> ZN ^ | OAI21D4   | 0.037 |   7.719 |  -14.554 | 
     | sfp_instance/div0/div_19/FE_RC_14813_0             | A1 ^ -> ZN v | ND2D4     | 0.037 |   7.755 |  -14.518 | 
     | sfp_instance/div0/div_19/FE_RC_48966_0             | A1 v -> ZN ^ | ND2D4     | 0.023 |   7.779 |  -14.494 | 
     | sfp_instance/div0/div_19/FE_RC_16207_0_dup         | A1 ^ -> ZN v | ND2D4     | 0.031 |   7.810 |  -14.463 | 
     | sfp_instance/div0/div_19/FE_RC_42732_0             | B1 v -> ZN ^ | IND2D4    | 0.026 |   7.836 |  -14.437 | 
     | sfp_instance/div0/div_19/FE_RC_57715_0             | B1 ^ -> ZN v | IND2D4    | 0.024 |   7.861 |  -14.412 | 
     | sfp_instance/div0/div_19/FE_RC_57714_0             | A1 v -> ZN ^ | ND2D4     | 0.022 |   7.883 |  -14.390 | 
     | sfp_instance/div0/div_19/FE_RC_57214_0             | B1 ^ -> ZN v | IND2D4    | 0.024 |   7.906 |  -14.367 | 
     | sfp_instance/div0/div_19/FE_RC_57213_0             | A1 v -> ZN ^ | ND2D4     | 0.022 |   7.928 |  -14.345 | 
     | sfp_instance/div0/div_19/FE_RC_14111_0             | A1 ^ -> ZN v | ND2D3     | 0.032 |   7.960 |  -14.313 | 
     | sfp_instance/div0/div_19/FE_RC_40117_0             | A1 v -> ZN ^ | CKND2D4   | 0.025 |   7.984 |  -14.289 | 
     | sfp_instance/div0/div_19/FE_RC_11000_0             | A1 ^ -> ZN v | ND2D2     | 0.023 |   8.008 |  -14.266 | 
     | sfp_instance/div0/div_19/FE_RC_11080_0             | A1 v -> ZN ^ | ND2D2     | 0.022 |   8.030 |  -14.244 | 
     | sfp_instance/div0/div_19/FE_RC_40367_0             | A1 ^ -> ZN v | ND2D2     | 0.029 |   8.058 |  -14.215 | 
     | sfp_instance/div0/div_19/FE_RC_41406_0             | A1 v -> ZN ^ | ND2D3     | 0.025 |   8.083 |  -14.190 | 
     | sfp_instance/div0/div_19/FE_RC_42768_0             | A1 ^ -> ZN v | ND2D2     | 0.026 |   8.109 |  -14.164 | 
     | sfp_instance/div0/div_19/FE_RC_45164_0             | B v -> ZN ^  | IOA21D2   | 0.023 |   8.132 |  -14.141 | 
     | sfp_instance/div0/div_19/u_div_u_fa_PartRem_0_17_6 | CI ^ -> CO ^ | FA1D1     | 0.069 |   8.201 |  -14.072 | 
     | sfp_instance/div0/div_19/u_div_u_fa_PartRem_0_17_7 | CI ^ -> CO ^ | FA1D1     | 0.067 |   8.268 |  -14.005 | 
     | sfp_instance/div0/div_19/u_div_u_fa_PartRem_0_17_8 | CI ^ -> CO ^ | FA1D2     | 0.074 |   8.342 |  -13.932 | 
     | sfp_instance/div0/div_19/FE_RC_15393_0             | B1 ^ -> ZN v | IND2D4    | 0.034 |   8.376 |  -13.897 | 
     | sfp_instance/div0/div_19/FE_RC_15481_0             | A1 v -> ZN ^ | CKND2D8   | 0.034 |   8.410 |  -13.863 | 
     | sfp_instance/div0/div_19/FE_RC_22959_0_dup         | A1 ^ -> ZN v | ND2D3     | 0.030 |   8.440 |  -13.833 | 
     | sfp_instance/div0/div_19/FE_RC_50626_0             | B1 v -> ZN ^ | IND2D4    | 0.028 |   8.468 |  -13.805 | 
     | sfp_instance/div0/div_19/FE_RC_58026_0             | A1 ^ -> ZN v | CKND2D4   | 0.026 |   8.494 |  -13.779 | 
     | sfp_instance/div0/div_19/FE_RC_50698_0             | A1 v -> ZN ^ | ND2D3     | 0.024 |   8.517 |  -13.756 | 
     | sfp_instance/div0/div_19/FE_RC_50696_0             | A1 ^ -> ZN v | ND2D4     | 0.048 |   8.565 |  -13.708 | 
     | sfp_instance/div0/div_19/FE_RC_50697_0             | I v -> ZN ^  | INVD12    | 0.039 |   8.605 |  -13.669 | 
     | sfp_instance/div0/div_19/FE_RC_36979_0             | A1 ^ -> ZN v | ND2D2     | 0.031 |   8.636 |  -13.637 | 
     | sfp_instance/div0/div_19/FE_RC_36977_0             | A1 v -> ZN v | INR2XD4   | 0.062 |   8.698 |  -13.575 | 
     | sfp_instance/div0/div_19/FE_RC_36978_0             | I v -> ZN ^  | INVD8     | 0.025 |   8.723 |  -13.550 | 
     | sfp_instance/div0/div_19/FE_RC_47137_0             | A1 ^ -> ZN v | NR2XD4    | 0.018 |   8.742 |  -13.531 | 
     | sfp_instance/div0/div_19/FE_RC_47138_0             | I v -> ZN ^  | CKND4     | 0.028 |   8.770 |  -13.504 | 
     | sfp_instance/div0/div_19/FE_RC_45767_0             | A2 ^ -> ZN v | ND2D2     | 0.026 |   8.796 |  -13.477 | 
     | sfp_instance/div0/div_19/FE_RC_45766_0             | A1 v -> ZN ^ | CKND2D2   | 0.028 |   8.823 |  -13.450 | 
     | sfp_instance/div0/div_19/u_div_u_fa_PartRem_0_16_6 | CI ^ -> CO ^ | FA1D2     | 0.081 |   8.904 |  -13.369 | 
     | sfp_instance/div0/div_19/FE_RC_58135_0             | A1 ^ -> ZN v | ND2D2     | 0.033 |   8.938 |  -13.335 | 
     | sfp_instance/div0/div_19/FE_RC_58127_0             | A1 v -> ZN ^ | CKND2D2   | 0.026 |   8.964 |  -13.309 | 
     | sfp_instance/div0/div_19/FE_RC_50912_0             | A1 ^ -> ZN v | ND2D2     | 0.023 |   8.986 |  -13.287 | 
     | sfp_instance/div0/div_19/FE_RC_50721_0             | A1 v -> ZN ^ | CKND2D2   | 0.025 |   9.012 |  -13.262 | 
     | sfp_instance/div0/div_19/u_div_u_fa_PartRem_0_16_1 | CI ^ -> CO ^ | FA1D2     | 0.066 |   9.077 |  -13.196 | 
     | 0                                                  |              |           |       |         |          | 
     | sfp_instance/div0/div_19/u_div_u_fa_PartRem_0_16_1 | CI ^ -> CO ^ | FA1D1     | 0.067 |   9.144 |  -13.129 | 
     | 1                                                  |              |           |       |         |          | 
     | sfp_instance/div0/div_19/u_div_u_fa_PartRem_0_16_1 | CI ^ -> CO ^ | FA1D1     | 0.066 |   9.211 |  -13.062 | 
     | 2                                                  |              |           |       |         |          | 
     | sfp_instance/div0/div_19/u_div_u_fa_PartRem_0_16_1 | CI ^ -> CO ^ | FA1D2     | 0.074 |   9.285 |  -12.988 | 
     | 3                                                  |              |           |       |         |          | 
     | sfp_instance/div0/div_19/FE_RC_19778_0             | B1 ^ -> ZN v | IND2D4    | 0.048 |   9.333 |  -12.941 | 
     | sfp_instance/div0/div_19/FE_RC_19312_0_dup         | A1 v -> ZN ^ | CKND2D8   | 0.038 |   9.371 |  -12.903 | 
     | sfp_instance/div0/div_19/FE_RC_639_0               | B1 ^ -> ZN v | IND2D4    | 0.031 |   9.401 |  -12.872 | 
     | sfp_instance/div0/div_19/FE_RC_41390_0             | I v -> ZN ^  | INVD4     | 0.019 |   9.420 |  -12.853 | 
     | sfp_instance/div0/div_19/FE_RC_41389_0             | A1 ^ -> ZN v | OAI21D4   | 0.023 |   9.443 |  -12.830 | 
     | sfp_instance/div0/div_19/FE_RC_13977_0             | A1 v -> ZN ^ | CKND2D4   | 0.030 |   9.473 |  -12.800 | 
     | sfp_instance/div0/div_19/FE_RC_21097_0             | A1 ^ -> ZN v | ND2D4     | 0.028 |   9.501 |  -12.772 | 
     | sfp_instance/div0/div_19/FE_RC_21096_0             | A1 v -> ZN ^ | CKND2D4   | 0.026 |   9.527 |  -12.746 | 
     | sfp_instance/div0/div_19/FE_RC_31834_0             | A1 ^ -> ZN v | ND2D4     | 0.025 |   9.552 |  -12.721 | 
     | sfp_instance/div0/div_19/FE_RC_35685_0             | A1 v -> ZN ^ | ND2D4     | 0.024 |   9.576 |  -12.697 | 
     | sfp_instance/div0/div_19/FE_RC_45279_0             | A1 ^ -> ZN v | ND2D4     | 0.023 |   9.599 |  -12.674 | 
     | sfp_instance/div0/div_19/FE_RC_47399_0             | A1 v -> ZN ^ | CKND2D4   | 0.025 |   9.624 |  -12.649 | 
     | sfp_instance/div0/div_19/FE_RC_5759_0              | B1 ^ -> ZN v | IND2D4    | 0.029 |   9.653 |  -12.620 | 
     | sfp_instance/div0/div_19/FE_RC_5758_0              | A1 v -> ZN ^ | ND2D4     | 0.024 |   9.677 |  -12.596 | 
     | sfp_instance/div0/div_19/FE_RC_5716_0              | B1 ^ -> ZN v | IND2D4    | 0.029 |   9.706 |  -12.567 | 
     | sfp_instance/div0/div_19/FE_RC_5715_0              | A1 v -> ZN ^ | CKND2D4   | 0.022 |   9.728 |  -12.545 | 
     | sfp_instance/div0/div_19/FE_RC_47845_0             | A1 ^ -> ZN v | ND2D2     | 0.027 |   9.756 |  -12.517 | 
     | sfp_instance/div0/div_19/FE_RC_47844_0             | A1 v -> ZN ^ | CKND2D2   | 0.024 |   9.780 |  -12.493 | 
     | sfp_instance/div0/div_19/u_div_u_fa_PartRem_0_15_8 | CI ^ -> CO ^ | FA1D2     | 0.068 |   9.848 |  -12.425 | 
     | sfp_instance/div0/div_19/FE_RC_50510_0             | A1 ^ -> ZN v | ND2D2     | 0.028 |   9.876 |  -12.397 | 
     | sfp_instance/div0/div_19/FE_RC_50509_0             | A1 v -> ZN ^ | ND2D2     | 0.025 |   9.901 |  -12.372 | 
     | sfp_instance/div0/div_19/FE_RC_50444_0             | A1 ^ -> ZN v | ND2D2     | 0.026 |   9.927 |  -12.346 | 
     | sfp_instance/div0/div_19/FE_RC_50443_0             | A1 v -> ZN ^ | CKND2D2   | 0.024 |   9.952 |  -12.321 | 
     | sfp_instance/div0/div_19/u_div_u_fa_PartRem_0_15_1 | CI ^ -> CO ^ | FA1D2     | 0.064 |  10.016 |  -12.257 | 
     | 1                                                  |              |           |       |         |          | 
     | sfp_instance/div0/div_19/u_div_u_fa_PartRem_0_15_1 | CI ^ -> CO ^ | FA1D2     | 0.084 |  10.099 |  -12.174 | 
     | 2                                                  |              |           |       |         |          | 
     | sfp_instance/div0/div_19/FE_RC_28228_0             | B1 ^ -> ZN v | IND2D4    | 0.055 |  10.154 |  -12.119 | 
     | sfp_instance/div0/div_19/FE_RC_38228_0_dup         | A1 v -> ZN ^ | OAI21D4   | 0.037 |  10.191 |  -12.082 | 
     | sfp_instance/div0/div_19/FE_RC_31234_0             | A1 ^ -> ZN v | ND2D2     | 0.032 |  10.224 |  -12.049 | 
     | sfp_instance/div0/div_19/FE_RC_48961_0             | B v -> ZN ^  | OAI21D4   | 0.032 |  10.256 |  -12.017 | 
     | sfp_instance/div0/div_19/u_div_u_fa_PartRem_0_14_2 | A ^ -> CO ^  | FA1D1     | 0.143 |  10.399 |  -11.874 | 
     | sfp_instance/div0/div_19/u_div_u_fa_PartRem_0_14_3 | CI ^ -> CO ^ | FA1D1     | 0.070 |  10.469 |  -11.804 | 
     | sfp_instance/div0/div_19/u_div_u_fa_PartRem_0_14_4 | CI ^ -> CO ^ | FA1D2     | 0.066 |  10.535 |  -11.738 | 
     | sfp_instance/div0/div_19/u_div_u_fa_PartRem_0_14_5 | CI ^ -> CO ^ | FA1D1     | 0.071 |  10.606 |  -11.667 | 
     | sfp_instance/div0/div_19/FE_RC_9576_0              | B1 ^ -> ZN v | IND2D2    | 0.037 |  10.644 |  -11.630 | 
     | sfp_instance/div0/div_19/FE_RC_9575_0              | A1 v -> ZN ^ | ND2D3     | 0.028 |  10.671 |  -11.602 | 
     | sfp_instance/div0/div_19/FE_RC_16845_0             | B1 ^ -> ZN v | IND2D4    | 0.031 |  10.702 |  -11.571 | 
     | sfp_instance/div0/div_19/FE_RC_16844_0             | A1 v -> ZN ^ | ND2D4     | 0.026 |  10.727 |  -11.546 | 
     | sfp_instance/div0/div_19/FE_RC_41596_0_dup         | A2 ^ -> ZN v | OAI211D4  | 0.040 |  10.768 |  -11.506 | 
     | sfp_instance/div0/div_19/FE_RC_45793_0             | A2 v -> ZN ^ | OAI211D4  | 0.047 |  10.815 |  -11.458 | 
     | sfp_instance/div0/div_19/FE_RC_50918_0             | A1 ^ -> ZN v | ND2D2     | 0.036 |  10.851 |  -11.422 | 
     | sfp_instance/div0/div_19/FE_RC_50917_0             | A1 v -> ZN ^ | ND2D4     | 0.024 |  10.876 |  -11.397 | 
     | sfp_instance/div0/div_19/FE_RC_49652_0             | A1 ^ -> ZN v | AOI21D4   | 0.027 |  10.903 |  -11.370 | 
     | sfp_instance/div0/div_19/FE_RC_49651_0             | A1 v -> ZN ^ | OAI21D4   | 0.062 |  10.966 |  -11.308 | 
     | sfp_instance/div0/div_19/U598                      | A1 ^ -> Z ^  | AN2D8     | 0.084 |  11.050 |  -11.223 | 
     | sfp_instance/div0/div_19/FE_RC_530_0               | A1 ^ -> ZN v | OAI21D4   | 0.030 |  11.080 |  -11.194 | 
     | sfp_instance/div0/div_19/FE_RC_13981_0             | A1 v -> ZN ^ | ND2D2     | 0.022 |  11.102 |  -11.172 | 
     | sfp_instance/div0/div_19/FE_RC_13980_0             | A1 ^ -> ZN v | ND2D2     | 0.027 |  11.128 |  -11.145 | 
     | sfp_instance/div0/div_19/FE_RC_20714_0             | A1 v -> ZN ^ | ND2D2     | 0.026 |  11.154 |  -11.119 | 
     | sfp_instance/div0/div_19/FE_RC_20713_0             | A1 ^ -> ZN v | ND2D2     | 0.027 |  11.181 |  -11.092 | 
     | sfp_instance/div0/div_19/FE_RC_30961_0             | A1 v -> ZN ^ | ND2D2     | 0.023 |  11.204 |  -11.069 | 
     | sfp_instance/div0/div_19/FE_RC_34621_0             | A1 ^ -> ZN v | ND2D2     | 0.024 |  11.228 |  -11.045 | 
     | sfp_instance/div0/div_19/u_div_u_fa_PartRem_0_13_4 | CI v -> CO v | FA1D1     | 0.073 |  11.301 |  -10.972 | 
     | sfp_instance/div0/div_19/FE_RC_48690_0             | A1 v -> ZN ^ | ND2D2     | 0.030 |  11.331 |  -10.942 | 
     | sfp_instance/div0/div_19/FE_RC_41509_0             | A1 ^ -> ZN v | ND2D4     | 0.029 |  11.361 |  -10.912 | 
     | sfp_instance/div0/div_19/FE_RC_50214_0             | B1 v -> ZN ^ | IND2D4    | 0.025 |  11.385 |  -10.888 | 
     | sfp_instance/div0/div_19/FE_RC_50212_0             | B1 ^ -> ZN v | IND2D4    | 0.021 |  11.406 |  -10.867 | 
     | sfp_instance/div0/div_19/u_div_u_fa_PartRem_0_13_7 | CI v -> CO v | FA1D1     | 0.067 |  11.473 |  -10.800 | 
     | sfp_instance/div0/div_19/u_div_u_fa_PartRem_0_13_8 | CI v -> CO v | FA1D1     | 0.074 |  11.547 |  -10.726 | 
     | sfp_instance/div0/div_19/u_div_u_fa_PartRem_0_13_9 | CI v -> CO v | FA1D2     | 0.087 |  11.634 |  -10.640 | 
     | sfp_instance/div0/div_19/FE_RC_39454_0             | A1 v -> ZN ^ | OAI21D4   | 0.043 |  11.677 |  -10.597 | 
     | sfp_instance/div0/div_19/FE_RC_34623_0             | A1 ^ -> ZN v | CKND2D4   | 0.030 |  11.706 |  -10.567 | 
     | sfp_instance/div0/div_19/FE_RC_57529_0             | B1 v -> ZN ^ | IND2D4    | 0.025 |  11.732 |  -10.541 | 
     | sfp_instance/div0/div_19/FE_RC_57802_0             | B1 ^ -> ZN v | IND2D4    | 0.024 |  11.755 |  -10.518 | 
     | sfp_instance/div0/div_19/FE_RC_57801_0             | A1 v -> ZN ^ | ND2D4     | 0.022 |  11.777 |  -10.496 | 
     | sfp_instance/div0/div_19/FE_RC_58115_0             | A1 ^ -> ZN v | ND2D4     | 0.025 |  11.803 |  -10.470 | 
     | sfp_instance/div0/div_19/FE_RC_33016_0             | A1 v -> ZN ^ | ND2D4     | 0.024 |  11.827 |  -10.446 | 
     | sfp_instance/div0/div_19/FE_RC_33191_0             | A1 ^ -> ZN v | CKND2D8   | 0.045 |  11.872 |  -10.401 | 
     | sfp_instance/div0/div_19/FE_RC_9797_0              | A1 v -> ZN ^ | ND2D3     | 0.033 |  11.904 |  -10.369 | 
     | sfp_instance/div0/div_19/FE_RC_9803_0_dup          | B1 ^ -> ZN v | IND2D4    | 0.029 |  11.934 |  -10.340 | 
     | sfp_instance/div0/div_19/FE_RC_50920_0             | B1 v -> ZN ^ | INR2XD2   | 0.024 |  11.958 |  -10.316 | 
     | sfp_instance/div0/div_19/FE_RC_50921_0             | I ^ -> ZN v  | INVD2     | 0.023 |  11.980 |  -10.293 | 
     | sfp_instance/div0/div_19/FE_RC_37248_0             | A2 v -> ZN ^ | ND2D4     | 0.022 |  12.002 |  -10.271 | 
     | sfp_instance/div0/div_19/FE_RC_37247_0             | A1 ^ -> ZN v | ND2D4     | 0.024 |  12.027 |  -10.247 | 
     | sfp_instance/div0/div_19/FE_RC_38147_0             | A1 v -> ZN ^ | CKND2D4   | 0.023 |  12.050 |  -10.223 | 
     | sfp_instance/div0/div_19/FE_RC_38146_0             | A1 ^ -> ZN v | ND2D4     | 0.025 |  12.075 |  -10.198 | 
     | sfp_instance/div0/div_19/FE_RC_51088_0             | A1 v -> ZN ^ | ND2D2     | 0.022 |  12.097 |  -10.176 | 
     | sfp_instance/div0/div_19/FE_RC_51087_0             | A1 ^ -> ZN v | ND2D2     | 0.027 |  12.124 |  -10.149 | 
     | sfp_instance/div0/div_19/u_div_u_fa_PartRem_0_12_5 | CI v -> CO v | FA1D2     | 0.083 |  12.207 |  -10.067 | 
     | sfp_instance/div0/div_19/FE_RC_5971_0              | B1 v -> ZN ^ | IND2D4    | 0.030 |  12.237 |  -10.036 | 
     | sfp_instance/div0/div_19/FE_RC_57840_0             | B1 ^ -> ZN v | IND2D4    | 0.024 |  12.261 |  -10.012 | 
     | sfp_instance/div0/div_19/FE_RC_57839_0             | A1 v -> ZN ^ | CKND2D4   | 0.026 |  12.287 |   -9.986 | 
     | sfp_instance/div0/div_19/FE_RC_30681_0             | A1 ^ -> ZN v | OAI21D4   | 0.030 |  12.316 |   -9.957 | 
     | sfp_instance/div0/div_19/FE_RC_57896_0             | A1 v -> ZN ^ | ND2D2     | 0.024 |  12.341 |   -9.932 | 
     | sfp_instance/div0/div_19/FE_RC_57895_0             | A1 ^ -> ZN v | ND2D2     | 0.026 |  12.367 |   -9.906 | 
     | sfp_instance/div0/div_19/u_div_u_fa_PartRem_0_12_1 | CI v -> CO v | FA1D2     | 0.076 |  12.443 |   -9.830 | 
     | 0                                                  |              |           |       |         |          | 
     | sfp_instance/div0/div_19/u_div_u_fa_PartRem_0_12_1 | CI v -> CO v | FA1D2     | 0.078 |  12.521 |   -9.752 | 
     | 1                                                  |              |           |       |         |          | 
     | sfp_instance/div0/div_19/u_div_u_fa_PartRem_0_12_1 | CI v -> CO v | FA1D2     | 0.088 |  12.610 |   -9.664 | 
     | 2                                                  |              |           |       |         |          | 
     | sfp_instance/div0/div_19/FE_RC_31081_0             | A2 v -> ZN ^ | OAI211D4  | 0.055 |  12.664 |   -9.609 | 
     | sfp_instance/div0/div_19/FE_RC_31080_0             | A1 ^ -> ZN v | CKND2D8   | 0.050 |  12.714 |   -9.559 | 
     | sfp_instance/div0/div_19/FE_RC_12229_0             | A1 v -> ZN ^ | ND2D4     | 0.029 |  12.742 |   -9.531 | 
     | sfp_instance/div0/div_19/FE_RC_12255_0             | A2 ^ -> ZN v | CKND2D4   | 0.027 |  12.770 |   -9.503 | 
     | sfp_instance/div0/div_19/FE_RC_35346_0             | A1 v -> Z v  | OR2D4     | 0.061 |  12.831 |   -9.443 | 
     | sfp_instance/div0/div_19/FE_RC_35388_0             | A1 v -> ZN ^ | ND2D4     | 0.022 |  12.853 |   -9.420 | 
     | sfp_instance/div0/div_19/FE_RC_41425_0             | A1 ^ -> ZN v | CKND2D4   | 0.022 |  12.875 |   -9.399 | 
     | sfp_instance/div0/div_19/FE_RC_35205_0             | A1 v -> ZN ^ | ND2D2     | 0.023 |  12.898 |   -9.375 | 
     | sfp_instance/div0/div_19/FE_RC_35204_0             | A1 ^ -> ZN v | ND2D2     | 0.026 |  12.924 |   -9.350 | 
     | sfp_instance/div0/div_19/u_div_u_fa_PartRem_0_11_4 | CI v -> CO v | FA1D1     | 0.070 |  12.994 |   -9.279 | 
     | sfp_instance/div0/div_19/u_div_u_fa_PartRem_0_11_5 | CI v -> CO v | FA1D1     | 0.074 |  13.067 |   -9.206 | 
     | sfp_instance/div0/div_19/u_div_u_fa_PartRem_0_11_6 | CI v -> CO v | FA1D1     | 0.074 |  13.142 |   -9.132 | 
     | sfp_instance/div0/div_19/u_div_u_fa_PartRem_0_11_7 | CI v -> CO v | FA1D1     | 0.074 |  13.215 |   -9.058 | 
     | sfp_instance/div0/div_19/u_div_u_fa_PartRem_0_11_8 | CI v -> CO v | FA1D2     | 0.085 |  13.300 |   -8.973 | 
     | sfp_instance/div0/div_19/FE_RC_16854_0             | B1 v -> ZN ^ | IND2D4    | 0.030 |  13.329 |   -8.944 | 
     | sfp_instance/div0/div_19/FE_RC_48593_0             | A1 ^ -> ZN v | OAI21D4   | 0.025 |  13.354 |   -8.919 | 
     | sfp_instance/div0/div_19/u_div_u_fa_PartRem_0_11_1 | CI v -> CO v | FA1D1     | 0.070 |  13.424 |   -8.849 | 
     | 1                                                  |              |           |       |         |          | 
     | sfp_instance/div0/div_19/u_div_u_fa_PartRem_0_11_1 | CI v -> CO v | FA1D1     | 0.074 |  13.498 |   -8.775 | 
     | 2                                                  |              |           |       |         |          | 
     | sfp_instance/div0/div_19/u_div_u_fa_PartRem_0_11_1 | CI v -> CO v | FA1D2     | 0.090 |  13.588 |   -8.685 | 
     | 3                                                  |              |           |       |         |          | 
     | sfp_instance/div0/div_19/FE_RC_29260_0             | A1 v -> ZN ^ | OAI21D4   | 0.045 |  13.633 |   -8.640 | 
     | sfp_instance/div0/div_19/FE_RC_28571_0             | B1 ^ -> ZN v | IND2D4    | 0.034 |  13.668 |   -8.605 | 
     | sfp_instance/div0/div_19/U592                      | A1 v -> Z v  | AN2D8     | 0.058 |  13.726 |   -8.547 | 
     | sfp_instance/div0/div_19/FE_RC_47163_0             | A1 v -> ZN ^ | ND2D4     | 0.025 |  13.751 |   -8.522 | 
     | sfp_instance/div0/div_19/FE_RC_33738_0             | I ^ -> ZN v  | INVD4     | 0.017 |  13.768 |   -8.505 | 
     | sfp_instance/div0/div_19/FE_RC_33737_0             | A1 v -> ZN ^ | NR2XD4    | 0.020 |  13.788 |   -8.485 | 
     | sfp_instance/div0/div_19/FE_RC_30793_0             | A1 ^ -> ZN v | OAI21D4   | 0.024 |  13.813 |   -8.460 | 
     | sfp_instance/div0/div_19/FE_RC_47317_0             | B1 v -> ZN ^ | IND2D2    | 0.029 |  13.842 |   -8.431 | 
     | sfp_instance/div0/div_19/FE_RC_47316_0             | A1 ^ -> ZN v | CKND2D4   | 0.024 |  13.866 |   -8.407 | 
     | sfp_instance/div0/div_19/FE_RC_37113_0             | A1 v -> ZN ^ | ND2D2     | 0.023 |  13.889 |   -8.384 | 
     | sfp_instance/div0/div_19/FE_RC_37112_0             | A1 ^ -> ZN v | ND2D2     | 0.025 |  13.914 |   -8.359 | 
     | sfp_instance/div0/div_19/FE_RC_40774_0             | A1 v -> ZN ^ | ND2D2     | 0.022 |  13.936 |   -8.337 | 
     | sfp_instance/div0/div_19/FE_RC_40773_0             | A1 ^ -> ZN v | CKND2D2   | 0.022 |  13.958 |   -8.315 | 
     | sfp_instance/div0/div_19/u_div_u_fa_PartRem_0_10_5 | CI v -> CO v | FA1D2     | 0.075 |  14.033 |   -8.240 | 
     | sfp_instance/div0/div_19/FE_RC_37384_0             | A1 v -> ZN ^ | ND2D2     | 0.026 |  14.059 |   -8.214 | 
     | sfp_instance/div0/div_19/FE_RC_37383_0             | A1 ^ -> ZN v | ND2D2     | 0.028 |  14.087 |   -8.186 | 
     | sfp_instance/div0/div_19/u_div_u_fa_PartRem_0_10_7 | CI v -> CO v | FA1D1     | 0.076 |  14.163 |   -8.111 | 
     | sfp_instance/div0/div_19/u_div_u_fa_PartRem_0_10_8 | CI v -> CO v | FA1D1     | 0.072 |  14.234 |   -8.039 | 
     | sfp_instance/div0/div_19/u_div_u_fa_PartRem_0_10_9 | CI v -> CO v | FA1D1     | 0.072 |  14.307 |   -7.966 | 
     | sfp_instance/div0/div_19/u_div_u_fa_PartRem_0_10_1 | CI v -> CO v | FA1D1     | 0.077 |  14.384 |   -7.889 | 
     | 0                                                  |              |           |       |         |          | 
     | sfp_instance/div0/div_19/u_div_u_fa_PartRem_0_10_1 | CI v -> CO v | FA1D1     | 0.075 |  14.459 |   -7.814 | 
     | 1                                                  |              |           |       |         |          | 
     | sfp_instance/div0/div_19/u_div_u_fa_PartRem_0_10_1 | CI v -> CO v | FA1D1     | 0.075 |  14.534 |   -7.739 | 
     | 2                                                  |              |           |       |         |          | 
     | sfp_instance/div0/div_19/u_div_u_fa_PartRem_0_10_1 | CI v -> CO v | FA1D1     | 0.072 |  14.606 |   -7.667 | 
     | 3                                                  |              |           |       |         |          | 
     | sfp_instance/div0/div_19/u_div_u_fa_PartRem_0_10_1 | CI v -> CO v | FA1D1     | 0.072 |  14.678 |   -7.595 | 
     | 4                                                  |              |           |       |         |          | 
     | sfp_instance/div0/div_19/u_div_u_fa_PartRem_0_10_1 | CI v -> CO v | FA1D1     | 0.075 |  14.753 |   -7.520 | 
     | 5                                                  |              |           |       |         |          | 
     | sfp_instance/div0/div_19/u_div_u_fa_PartRem_0_10_1 | CI v -> CO v | FA1D1     | 0.072 |  14.824 |   -7.449 | 
     | 6                                                  |              |           |       |         |          | 
     | sfp_instance/div0/div_19/u_div_u_fa_PartRem_0_10_1 | CI v -> CO v | FA1D2     | 0.083 |  14.908 |   -7.366 | 
     | 7                                                  |              |           |       |         |          | 
     | sfp_instance/div0/div_19/FE_RC_2645_0              | B1 v -> ZN ^ | IND2D4    | 0.035 |  14.942 |   -7.331 | 
     | sfp_instance/div0/div_19/FE_RC_32644_0             | B1 ^ -> ZN v | IND2D4    | 0.027 |  14.969 |   -7.304 | 
     | sfp_instance/div0/div_19/FE_RC_32643_0             | A1 v -> ZN ^ | ND2D4     | 0.024 |  14.993 |   -7.280 | 
     | sfp_instance/div0/div_19/FE_RC_20236_0             | A1 ^ -> ZN v | CKND2D8   | 0.042 |  15.036 |   -7.237 | 
     | sfp_instance/div0/div_19/FE_RC_41398_0             | B1 v -> ZN ^ | IND2D4    | 0.031 |  15.067 |   -7.206 | 
     | sfp_instance/div0/div_19/FE_RC_1196_0_dup          | A1 ^ -> ZN v | CKND2D4   | 0.021 |  15.088 |   -7.185 | 
     | sfp_instance/div0/div_19/FE_RC_13809_0             | A1 v -> ZN ^ | ND2D3     | 0.021 |  15.109 |   -7.164 | 
     | sfp_instance/div0/div_19/FE_RC_30708_0             | A1 ^ -> ZN v | CKND2D4   | 0.026 |  15.134 |   -7.139 | 
     | sfp_instance/div0/div_19/FE_RC_35821_0             | A1 v -> ZN ^ | ND2D2     | 0.021 |  15.156 |   -7.118 | 
     | sfp_instance/div0/div_19/FE_RC_35820_0             | A1 ^ -> ZN v | CKND2D2   | 0.024 |  15.180 |   -7.094 | 
     | sfp_instance/div0/div_19/u_div_u_fa_PartRem_0_9_3  | CI v -> CO v | FA1D1     | 0.072 |  15.251 |   -7.022 | 
     | sfp_instance/div0/div_19/u_div_u_fa_PartRem_0_9_4  | CI v -> CO v | FA1D1     | 0.072 |  15.324 |   -6.950 | 
     | sfp_instance/div0/div_19/u_div_u_fa_PartRem_0_9_5  | CI v -> CO v | FA1D1     | 0.075 |  15.398 |   -6.875 | 
     | sfp_instance/div0/div_19/u_div_u_fa_PartRem_0_9_6  | CI v -> CO v | FA1D1     | 0.073 |  15.471 |   -6.802 | 
     | sfp_instance/div0/div_19/u_div_u_fa_PartRem_0_9_7  | CI v -> CO v | FA1D1     | 0.076 |  15.548 |   -6.725 | 
     | sfp_instance/div0/div_19/u_div_u_fa_PartRem_0_9_8  | CI v -> CO v | FA1D2     | 0.076 |  15.624 |   -6.649 | 
     | sfp_instance/div0/div_19/u_div_u_fa_PartRem_0_9_9  | CI v -> CO v | FA1D1     | 0.074 |  15.698 |   -6.576 | 
     | sfp_instance/div0/div_19/u_div_u_fa_PartRem_0_9_10 | CI v -> CO v | FA1D1     | 0.071 |  15.768 |   -6.505 | 
     | sfp_instance/div0/div_19/u_div_u_fa_PartRem_0_9_11 | CI v -> CO v | FA1D2     | 0.078 |  15.846 |   -6.427 | 
     | sfp_instance/div0/div_19/FE_RC_19527_0             | A1 v -> ZN ^ | ND2D2     | 0.031 |  15.877 |   -6.397 | 
     | sfp_instance/div0/div_19/FE_RC_19526_0             | A1 ^ -> ZN v | CKND2D4   | 0.033 |  15.909 |   -6.364 | 
     | sfp_instance/div0/div_19/FE_RC_46304_0             | A2 v -> ZN ^ | OAI211D4  | 0.042 |  15.951 |   -6.322 | 
     | sfp_instance/div0/div_19/FE_RC_46303_0             | A1 ^ -> ZN v | CKND2D4   | 0.037 |  15.988 |   -6.285 | 
     | sfp_instance/div0/div_19/FE_RC_50549_0             | A2 v -> ZN ^ | ND2D8     | 0.029 |  16.018 |   -6.255 | 
     | sfp_instance/div0/div_19/FE_RC_19666_0             | A1 ^ -> ZN v | CKND2D8   | 0.049 |  16.067 |   -6.206 | 
     | sfp_instance/div0/div_19/FE_RC_867_0               | A1 v -> ZN ^ | ND2D4     | 0.031 |  16.098 |   -6.175 | 
     | sfp_instance/div0/div_19/FE_RC_1416_0_dup          | A2 ^ -> ZN v | ND2D2     | 0.027 |  16.125 |   -6.148 | 
     | sfp_instance/div0/div_19/FE_RC_13952_0             | A1 v -> ZN ^ | ND2D2     | 0.019 |  16.145 |   -6.128 | 
     | sfp_instance/div0/div_19/FE_RC_39008_0             | A1 ^ -> ZN v | CKND2D2   | 0.026 |  16.170 |   -6.103 | 
     | sfp_instance/div0/div_19/FE_RC_35229_0             | A1 v -> ZN ^ | ND2D2     | 0.023 |  16.193 |   -6.080 | 
     | sfp_instance/div0/div_19/FE_RC_42025_0             | B ^ -> ZN v  | IOA21D2   | 0.029 |  16.222 |   -6.051 | 
     | sfp_instance/div0/div_19/FE_RC_40218_0             | A1 v -> ZN ^ | ND2D2     | 0.025 |  16.247 |   -6.026 | 
     | sfp_instance/div0/div_19/FE_RC_41451_0             | B ^ -> ZN v  | IOA21D2   | 0.027 |  16.274 |   -5.999 | 
     | sfp_instance/div0/div_19/u_div_u_fa_PartRem_0_8_4  | CI v -> CO v | FA1D2     | 0.080 |  16.355 |   -5.919 | 
     | sfp_instance/div0/div_19/FE_RC_45813_0             | A1 v -> ZN ^ | ND2D2     | 0.027 |  16.381 |   -5.892 | 
     | sfp_instance/div0/div_19/FE_RC_45812_0             | A1 ^ -> ZN v | CKND2D2   | 0.029 |  16.410 |   -5.863 | 
     | sfp_instance/div0/div_19/FE_RC_34427_0             | A1 v -> ZN ^ | ND2D2     | 0.026 |  16.436 |   -5.838 | 
     | sfp_instance/div0/div_19/FE_RC_34426_0_dup         | A1 ^ -> ZN v | CKND2D2   | 0.023 |  16.459 |   -5.814 | 
     | sfp_instance/div0/div_19/FE_RC_45223_0             | A1 v -> ZN ^ | ND2D2     | 0.022 |  16.481 |   -5.792 | 
     | sfp_instance/div0/div_19/FE_RC_45222_0             | A1 ^ -> ZN v | CKND2D2   | 0.023 |  16.504 |   -5.769 | 
     | sfp_instance/div0/div_19/u_div_u_fa_PartRem_0_8_8  | CI v -> CO v | FA1D1     | 0.073 |  16.577 |   -5.696 | 
     | sfp_instance/div0/div_19/u_div_u_fa_PartRem_0_8_9  | CI v -> CO v | FA1D1     | 0.071 |  16.648 |   -5.625 | 
     | sfp_instance/div0/div_19/u_div_u_fa_PartRem_0_8_10 | CI v -> CO v | FA1D2     | 0.077 |  16.725 |   -5.548 | 
     | sfp_instance/div0/div_19/u_div_u_fa_PartRem_0_8_11 | CI v -> CO v | FA1D1     | 0.074 |  16.799 |   -5.474 | 
     | sfp_instance/div0/div_19/u_div_u_fa_PartRem_0_8_12 | CI v -> CO v | FA1D1     | 0.076 |  16.875 |   -5.398 | 
     | sfp_instance/div0/div_19/FE_RC_27626_0             | A1 v -> ZN ^ | ND2D2     | 0.029 |  16.904 |   -5.369 | 
     | sfp_instance/div0/div_19/FE_RC_27625_0             | A1 ^ -> ZN v | CKND2D4   | 0.027 |  16.930 |   -5.343 | 
     | sfp_instance/div0/div_19/FE_RC_27385_0             | B1 v -> ZN ^ | IND2D4    | 0.026 |  16.956 |   -5.317 | 
     | sfp_instance/div0/div_19/FE_RC_27670_0             | B1 ^ -> ZN v | IND2D4    | 0.025 |  16.981 |   -5.292 | 
     | sfp_instance/div0/div_19/FE_RC_27843_0             | A1 v -> ZN ^ | ND2D4     | 0.023 |  17.004 |   -5.269 | 
     | sfp_instance/div0/div_19/FE_RC_21805_0             | A1 ^ -> ZN v | CKND2D8   | 0.042 |  17.046 |   -5.227 | 
     | sfp_instance/div0/div_19/FE_OCPC9947_n88           | I v -> Z v   | CKBD4     | 0.052 |  17.099 |   -5.174 | 
     | sfp_instance/div0/div_19/FE_RC_29632_0             | A1 v -> ZN ^ | ND2D4     | 0.023 |  17.122 |   -5.151 | 
     | sfp_instance/div0/div_19/FE_RC_38284_0             | A1 ^ -> ZN v | ND2D3     | 0.033 |  17.155 |   -5.118 | 
     | sfp_instance/div0/div_19/FE_RC_38198_0             | A1 v -> ZN ^ | ND2D2     | 0.022 |  17.177 |   -5.096 | 
     | sfp_instance/div0/div_19/FE_RC_38197_0             | A2 ^ -> ZN v | ND2D2     | 0.039 |  17.216 |   -5.057 | 
     | sfp_instance/div0/div_19/u_div_u_fa_PartRem_0_7_3  | CI v -> CO v | FA1D1     | 0.075 |  17.291 |   -4.982 | 
     | sfp_instance/div0/div_19/u_div_u_fa_PartRem_0_7_4  | CI v -> CO v | FA1D2     | 0.088 |  17.379 |   -4.894 | 
     | sfp_instance/div0/div_19/FE_RC_5583_0              | B1 v -> ZN ^ | IND2D4    | 0.030 |  17.410 |   -4.864 | 
     | sfp_instance/div0/div_19/FE_RC_45973_0             | B1 ^ -> ZN v | IND2D4    | 0.027 |  17.436 |   -4.837 | 
     | sfp_instance/div0/div_19/FE_RC_35727_0             | B1 v -> ZN ^ | IND2D4    | 0.023 |  17.460 |   -4.814 | 
     | sfp_instance/div0/div_19/FE_RC_57965_0             | B1 ^ -> ZN v | IND2D4    | 0.023 |  17.483 |   -4.791 | 
     | sfp_instance/div0/div_19/FE_RC_57964_0             | A1 v -> ZN ^ | CKND2D4   | 0.026 |  17.508 |   -4.765 | 
     | sfp_instance/div0/div_19/FE_RC_58046_0             | B1 ^ -> ZN v | IND2D4    | 0.025 |  17.534 |   -4.739 | 
     | sfp_instance/div0/div_19/FE_RC_57877_0             | A1 v -> ZN ^ | ND2D4     | 0.024 |  17.558 |   -4.715 | 
     | sfp_instance/div0/div_19/FE_RC_39352_0             | A1 ^ -> ZN v | OAI21D4   | 0.026 |  17.584 |   -4.689 | 
     | sfp_instance/div0/div_19/FE_RC_35336_0             | A1 v -> ZN ^ | ND2D2     | 0.022 |  17.606 |   -4.667 | 
     | sfp_instance/div0/div_19/FE_RC_35335_0             | A1 ^ -> ZN v | ND2D2     | 0.028 |  17.634 |   -4.639 | 
     | sfp_instance/div0/div_19/FE_RC_51015_0             | A1 v -> ZN ^ | CKND2D2   | 0.028 |  17.662 |   -4.611 | 
     | sfp_instance/div0/div_19/FE_RC_51014_0             | A1 ^ -> ZN v | ND2D2     | 0.032 |  17.695 |   -4.578 | 
     | sfp_instance/div0/div_19/FE_RC_51203_0             | A2 v -> ZN ^ | CKND2D3   | 0.036 |  17.731 |   -4.543 | 
     | sfp_instance/div0/div_19/FE_RC_51202_0             | A1 ^ -> ZN v | ND2D4     | 0.030 |  17.761 |   -4.512 | 
     | sfp_instance/div0/div_19/FE_RC_41821_0             | A2 v -> ZN ^ | OAI211D4  | 0.044 |  17.805 |   -4.468 | 
     | sfp_instance/div0/div_19/FE_RC_40639_0             | B1 ^ -> ZN v | IND2D4    | 0.032 |  17.837 |   -4.436 | 
     | sfp_instance/div0/div_19/FE_RC_48773_0             | B1 v -> ZN ^ | IND2D4    | 0.022 |  17.860 |   -4.413 | 
     | sfp_instance/div0/div_19/FE_RC_48896_0             | A2 ^ -> ZN v | OAI211D4  | 0.039 |  17.898 |   -4.375 | 
     | sfp_instance/div0/div_19/FE_RC_40496_0             | A1 v -> ZN ^ | ND2D4     | 0.029 |  17.928 |   -4.345 | 
     | sfp_instance/div0/div_19/FE_RC_57800_0             | B1 ^ -> ZN v | IND2D4    | 0.024 |  17.952 |   -4.321 | 
     | sfp_instance/div0/div_19/FE_RC_57799_0             | A1 v -> ZN ^ | ND2D4     | 0.025 |  17.977 |   -4.296 | 
     | sfp_instance/div0/div_19/FE_RC_19507_0             | A1 ^ -> ZN v | ND2D8     | 0.046 |  18.023 |   -4.250 | 
     | sfp_instance/div0/div_19/FE_RC_31722_0             | B1 v -> ZN ^ | IND2D2    | 0.045 |  18.068 |   -4.205 | 
     | sfp_instance/div0/div_19/FE_RC_1072_0_dup          | A2 ^ -> ZN v | ND2D2     | 0.030 |  18.097 |   -4.176 | 
     | sfp_instance/div0/div_19/FE_RC_4468_0              | A1 v -> ZN ^ | ND2D2     | 0.020 |  18.117 |   -4.156 | 
     | sfp_instance/div0/div_19/FE_RC_4467_0              | B ^ -> ZN v  | IOA21D2   | 0.031 |  18.148 |   -4.125 | 
     | sfp_instance/div0/div_19/FE_RC_20805_0             | A2 v -> ZN ^ | ND2D2     | 0.026 |  18.174 |   -4.099 | 
     | sfp_instance/div0/div_19/FE_RC_51079_0             | A1 ^ -> ZN v | CKND2D2   | 0.024 |  18.198 |   -4.075 | 
     | sfp_instance/div0/div_19/u_div_u_fa_PartRem_0_6_3  | CI v -> CO v | FA1D2     | 0.072 |  18.270 |   -4.003 | 
     | sfp_instance/div0/div_19/u_div_u_fa_PartRem_0_6_4  | CI v -> CO v | FA1D2     | 0.086 |  18.356 |   -3.917 | 
     | sfp_instance/div0/div_19/FE_RC_3970_0              | B1 v -> ZN ^ | IND2D4    | 0.028 |  18.384 |   -3.889 | 
     | sfp_instance/div0/div_19/FE_RC_3969_0              | A1 ^ -> ZN v | ND2D4     | 0.026 |  18.410 |   -3.863 | 
     | sfp_instance/div0/div_19/FE_RC_45751_0             | A1 v -> ZN ^ | ND2D4     | 0.023 |  18.433 |   -3.840 | 
     | sfp_instance/div0/div_19/FE_RC_45750_0             | A1 ^ -> ZN v | CKND2D4   | 0.023 |  18.455 |   -3.818 | 
     | sfp_instance/div0/div_19/FE_RC_3848_0              | B1 v -> ZN ^ | IND2D4    | 0.025 |  18.481 |   -3.792 | 
     | sfp_instance/div0/div_19/FE_RC_19870_0             | A1 ^ -> ZN v | OAI21D4   | 0.025 |  18.506 |   -3.767 | 
     | sfp_instance/div0/div_19/FE_RC_47851_0             | A1 v -> ZN ^ | ND2D2     | 0.023 |  18.529 |   -3.744 | 
     | sfp_instance/div0/div_19/FE_RC_47850_0             | A1 ^ -> ZN v | CKND2D2   | 0.024 |  18.552 |   -3.721 | 
     | sfp_instance/div0/div_19/u_div_u_fa_PartRem_0_6_10 | CI v -> CO v | FA1D1     | 0.071 |  18.624 |   -3.649 | 
     | sfp_instance/div0/div_19/u_div_u_fa_PartRem_0_6_11 | CI v -> CO v | FA1D1     | 0.072 |  18.696 |   -3.577 | 
     | sfp_instance/div0/div_19/u_div_u_fa_PartRem_0_6_12 | CI v -> CO v | FA1D2     | 0.086 |  18.782 |   -3.491 | 
     | sfp_instance/div0/div_19/FE_RC_46053_0             | B1 v -> ZN ^ | IND2D4    | 0.032 |  18.814 |   -3.459 | 
     | sfp_instance/div0/div_19/FE_RC_30058_0             | A2 ^ -> ZN v | OAI211D4  | 0.041 |  18.856 |   -3.417 | 
     | sfp_instance/div0/div_19/FE_RC_31110_0             | A1 v -> ZN ^ | ND2D4     | 0.030 |  18.886 |   -3.387 | 
     | sfp_instance/div0/div_19/FE_RC_39409_0             | B1 ^ -> ZN v | IND2D4    | 0.031 |  18.917 |   -3.356 | 
     | sfp_instance/div0/div_19/FE_RC_39408_0             | A1 v -> ZN ^ | ND2D8     | 0.029 |  18.946 |   -3.327 | 
     | sfp_instance/div0/div_19/FE_RC_38577_0_dup         | A1 ^ -> ZN v | ND2D8     | 0.032 |  18.979 |   -3.294 | 
     | sfp_instance/div0/div_19/FE_RC_16154_0             | A1 v -> ZN ^ | ND2D4     | 0.028 |  19.006 |   -3.267 | 
     | sfp_instance/div0/div_19/FE_RC_16153_0             | B ^ -> ZN v  | OAI21D4   | 0.035 |  19.042 |   -3.231 | 
     | sfp_instance/div0/div_19/u_div_u_fa_PartRem_0_5_2  | A v -> CO v  | FA1D1     | 0.146 |  19.187 |   -3.086 | 
     | sfp_instance/div0/div_19/u_div_u_fa_PartRem_0_5_3  | CI v -> CO v | FA1D2     | 0.088 |  19.275 |   -2.998 | 
     | sfp_instance/div0/div_19/FE_RC_45755_0             | A1 v -> ZN ^ | ND2D4     | 0.032 |  19.307 |   -2.966 | 
     | sfp_instance/div0/div_19/FE_RC_46418_0             | B1 ^ -> ZN v | IND2D4    | 0.024 |  19.332 |   -2.941 | 
     | sfp_instance/div0/div_19/FE_RC_46417_0             | A1 v -> ZN ^ | AOI21D4   | 0.037 |  19.369 |   -2.904 | 
     | sfp_instance/div0/div_19/FE_RC_33609_0             | A1 ^ -> ZN v | OAI21D4   | 0.036 |  19.405 |   -2.868 | 
     | sfp_instance/div0/div_19/FE_RC_3356_0              | B1 v -> ZN ^ | IND2D4    | 0.029 |  19.433 |   -2.840 | 
     | sfp_instance/div0/div_19/FE_RC_19776_0             | A1 ^ -> ZN v | OAI21D4   | 0.026 |  19.460 |   -2.813 | 
     | sfp_instance/div0/div_19/FE_RC_3222_0              | B1 v -> ZN ^ | IND2D4    | 0.022 |  19.482 |   -2.791 | 
     | sfp_instance/div0/div_19/FE_RC_3221_0              | A1 ^ -> ZN v | ND2D4     | 0.027 |  19.509 |   -2.764 | 
     | sfp_instance/div0/div_19/FE_RC_47031_0             | B1 v -> ZN ^ | IND2D4    | 0.025 |  19.535 |   -2.738 | 
     | sfp_instance/div0/div_19/FE_RC_25834_0             | A1 ^ -> ZN v | CKND2D4   | 0.029 |  19.563 |   -2.710 | 
     | sfp_instance/div0/div_19/FE_RC_37375_0             | A1 v -> ZN ^ | AOI21D4   | 0.041 |  19.604 |   -2.669 | 
     | sfp_instance/div0/div_19/FE_RC_37374_0             | A1 ^ -> ZN v | OAI21D4   | 0.032 |  19.636 |   -2.637 | 
     | sfp_instance/div0/div_19/FE_RC_39657_0             | A1 v -> ZN ^ | ND2D2     | 0.027 |  19.663 |   -2.610 | 
     | sfp_instance/div0/div_19/FE_RC_39656_0             | A1 ^ -> ZN v | CKND2D4   | 0.027 |  19.690 |   -2.583 | 
     | sfp_instance/div0/div_19/FE_RC_39793_0             | A1 v -> ZN ^ | ND2D4     | 0.028 |  19.718 |   -2.555 | 
     | sfp_instance/div0/div_19/FE_RC_46641_0             | A2 ^ -> ZN v | OAI211D4  | 0.045 |  19.763 |   -2.510 | 
     | sfp_instance/div0/div_19/FE_RC_33743_0             | B1 v -> ZN ^ | IND2D4    | 0.036 |  19.799 |   -2.474 | 
     | sfp_instance/div0/div_19/FE_RC_33814_0             | A1 ^ -> ZN v | ND2D8     | 0.045 |  19.844 |   -2.429 | 
     | sfp_instance/div0/div_19/FE_RC_39567_0             | B1 v -> ZN ^ | IND2D4    | 0.030 |  19.875 |   -2.398 | 
     | sfp_instance/div0/div_19/FE_RC_58056_0             | B ^ -> ZN v  | OAI21D4   | 0.032 |  19.906 |   -2.367 | 
     | sfp_instance/div0/div_19/u_div_u_fa_PartRem_0_4_2  | A v -> CO v  | FA1D1     | 0.147 |  20.053 |   -2.220 | 
     | sfp_instance/div0/div_19/u_div_u_fa_PartRem_0_4_3  | CI v -> CO v | FA1D2     | 0.082 |  20.135 |   -2.138 | 
     | sfp_instance/div0/div_19/FE_RC_9520_0              | A1 v -> ZN ^ | ND2D2     | 0.026 |  20.161 |   -2.112 | 
     | sfp_instance/div0/div_19/FE_RC_9519_0              | A1 ^ -> ZN v | ND2D2     | 0.033 |  20.194 |   -2.079 | 
     | sfp_instance/div0/div_19/FE_RC_2591_0              | B1 v -> ZN ^ | IND2D4    | 0.025 |  20.219 |   -2.054 | 
     | sfp_instance/div0/div_19/FE_RC_2590_0              | A1 ^ -> ZN v | CKND2D4   | 0.023 |  20.242 |   -2.031 | 
     | sfp_instance/div0/div_19/FE_RC_2561_0              | B1 v -> ZN ^ | IND2D4    | 0.024 |  20.265 |   -2.008 | 
     | sfp_instance/div0/div_19/FE_RC_2560_0              | A1 ^ -> ZN v | CKND2D4   | 0.027 |  20.292 |   -1.981 | 
     | sfp_instance/div0/div_19/FE_RC_57871_0             | B1 v -> ZN ^ | IND2D4    | 0.026 |  20.318 |   -1.955 | 
     | sfp_instance/div0/div_19/FE_RC_57869_0             | B1 ^ -> ZN v | IND2D4    | 0.027 |  20.344 |   -1.929 | 
     | sfp_instance/div0/div_19/FE_RC_41453_0             | A1 v -> ZN ^ | ND2D3     | 0.023 |  20.368 |   -1.905 | 
     | sfp_instance/div0/div_19/FE_RC_45507_0             | A1 ^ -> ZN v | CKND2D4   | 0.028 |  20.396 |   -1.877 | 
     | sfp_instance/div0/div_19/FE_RC_45443_0             | A1 v -> ZN ^ | ND2D4     | 0.024 |  20.420 |   -1.853 | 
     | sfp_instance/div0/div_19/FE_RC_46740_0             | B1 ^ -> ZN v | IND2D4    | 0.024 |  20.443 |   -1.830 | 
     | sfp_instance/div0/div_19/FE_RC_14502_0             | B1 v -> ZN ^ | IND2D4    | 0.024 |  20.468 |   -1.805 | 
     | sfp_instance/div0/div_19/FE_RC_28547_0             | A1 ^ -> ZN v | CKND2D4   | 0.027 |  20.495 |   -1.778 | 
     | sfp_instance/div0/div_19/FE_RC_40735_0             | B1 v -> ZN ^ | IND2D4    | 0.025 |  20.519 |   -1.754 | 
     | sfp_instance/div0/div_19/FE_RC_40734_0             | A1 ^ -> ZN v | ND2D4     | 0.026 |  20.545 |   -1.728 | 
     | sfp_instance/div0/div_19/FE_RC_48775_0             | B1 v -> ZN ^ | IND2D4    | 0.022 |  20.567 |   -1.706 | 
     | sfp_instance/div0/div_19/FE_RC_48774_0             | A1 ^ -> ZN v | ND2D4     | 0.025 |  20.592 |   -1.681 | 
     | sfp_instance/div0/div_19/FE_RC_34945_0             | B1 v -> ZN ^ | IND2D4    | 0.025 |  20.617 |   -1.656 | 
     | sfp_instance/div0/div_19/FE_RC_34944_0             | A1 ^ -> ZN v | ND2D8     | 0.045 |  20.662 |   -1.611 | 
     | sfp_instance/div0/div_19/FE_RC_35735_0             | B1 v -> ZN ^ | IND2D4    | 0.034 |  20.696 |   -1.577 | 
     | sfp_instance/div0/div_19/FE_RC_35734_0             | B ^ -> ZN v  | OAI21D4   | 0.039 |  20.735 |   -1.538 | 
     | sfp_instance/div0/div_19/FE_RC_20412_0             | A1 v -> Z v  | OR2D4     | 0.064 |  20.799 |   -1.474 | 
     | sfp_instance/div0/div_19/FE_RC_20411_0             | A1 v -> ZN ^ | ND2D4     | 0.023 |  20.822 |   -1.451 | 
     | sfp_instance/div0/div_19/FE_RC_24455_0             | A1 ^ -> ZN v | CKND2D4   | 0.019 |  20.841 |   -1.432 | 
     | sfp_instance/div0/div_19/u_div_u_fa_PartRem_0_3_3  | CI v -> CO v | FA1D1     | 0.072 |  20.913 |   -1.360 | 
     | sfp_instance/div0/div_19/u_div_u_fa_PartRem_0_3_4  | CI v -> CO v | FA1D2     | 0.087 |  21.000 |   -1.273 | 
     | sfp_instance/div0/div_19/FE_RC_16414_0             | B1 v -> ZN ^ | IND2D4    | 0.028 |  21.028 |   -1.245 | 
     | sfp_instance/div0/div_19/FE_RC_16413_0             | A1 ^ -> ZN v | CKND2D4   | 0.024 |  21.052 |   -1.221 | 
     | sfp_instance/div0/div_19/FE_RC_17303_0             | A1 v -> ZN ^ | ND2D3     | 0.024 |  21.076 |   -1.197 | 
     | sfp_instance/div0/div_19/FE_RC_17302_0             | A1 ^ -> ZN v | CKND2D4   | 0.020 |  21.097 |   -1.176 | 
     | sfp_instance/div0/div_19/FE_RC_42781_0             | A1 v -> ZN ^ | ND2D2     | 0.025 |  21.122 |   -1.151 | 
     | sfp_instance/div0/div_19/FE_RC_46023_0             | A1 ^ -> ZN v | ND2D3     | 0.029 |  21.151 |   -1.122 | 
     | sfp_instance/div0/div_19/FE_RC_45176_0             | A1 v -> ZN ^ | ND2D2     | 0.024 |  21.175 |   -1.098 | 
     | sfp_instance/div0/div_19/FE_RC_45175_0             | A1 ^ -> ZN v | ND2D2     | 0.025 |  21.200 |   -1.073 | 
     | sfp_instance/div0/div_19/u_div_u_fa_PartRem_0_3_9  | CI v -> CO v | FA1D1     | 0.071 |  21.271 |   -1.002 | 
     | sfp_instance/div0/div_19/u_div_u_fa_PartRem_0_3_10 | CI v -> CO v | FA1D2     | 0.089 |  21.360 |   -0.913 | 
     | sfp_instance/div0/div_19/FE_RC_19113_0             | A2 v -> ZN ^ | OAI211D4  | 0.054 |  21.414 |   -0.859 | 
     | sfp_instance/div0/div_19/FE_RC_34349_0             | A1 ^ -> ZN v | OAI21D4   | 0.042 |  21.456 |   -0.817 | 
     | sfp_instance/div0/div_19/FE_RC_48322_0             | A1 v -> ZN ^ | OAI21D4   | 0.047 |  21.503 |   -0.770 | 
     | sfp_instance/div0/div_19/FE_RC_47486_0             | A1 ^ -> ZN v | AOI21D4   | 0.037 |  21.540 |   -0.733 | 
     | sfp_instance/div0/div_19/FE_OCPC14804_FE_RN_34548_ | I v -> ZN ^  | INVD6     | 0.029 |  21.569 |   -0.704 | 
     | 0                                                  |              |           |       |         |          | 
     | sfp_instance/div0/div_19/U103_dup                  | A1 ^ -> ZN v | ND2D8     | 0.038 |  21.607 |   -0.666 | 
     | sfp_instance/div0/div_19/FE_RC_12400_0             | A1 v -> ZN ^ | ND2D4     | 0.034 |  21.640 |   -0.633 | 
     | sfp_instance/div0/div_19/FE_RC_12399_0_dup         | B ^ -> ZN v  | OAI21D4   | 0.044 |  21.684 |   -0.589 | 
     | sfp_instance/div0/div_19/FE_RC_15600_0             | A1 v -> ZN ^ | ND2D4     | 0.025 |  21.710 |   -0.563 | 
     | sfp_instance/div0/div_19/FE_RC_45235_0             | B ^ -> ZN v  | OAI21D4   | 0.050 |  21.759 |   -0.514 | 
     | sfp_instance/div0/div_19/FE_RC_20356_0             | A1 v -> ZN ^ | ND2D4     | 0.023 |  21.783 |   -0.490 | 
     | sfp_instance/div0/div_19/FE_RC_20355_0             | A1 ^ -> ZN v | CKND2D4   | 0.022 |  21.805 |   -0.468 | 
     | sfp_instance/div0/div_19/FE_RC_42888_0             | A1 v -> ZN ^ | ND2D4     | 0.020 |  21.825 |   -0.448 | 
     | sfp_instance/div0/div_19/FE_RC_42887_0             | A1 ^ -> ZN v | CKND2D4   | 0.026 |  21.851 |   -0.422 | 
     | sfp_instance/div0/div_19/FE_RC_27060_0             | A1 v -> ZN ^ | ND2D4     | 0.022 |  21.873 |   -0.400 | 
     | sfp_instance/div0/div_19/FE_RC_14953_0             | A1 ^ -> ZN v | ND2D4     | 0.027 |  21.900 |   -0.373 | 
     | sfp_instance/div0/div_19/FE_RC_2749_0              | B1 v -> ZN ^ | IND2D4    | 0.026 |  21.926 |   -0.347 | 
     | sfp_instance/div0/div_19/FE_RC_57150_0             | B1 ^ -> ZN v | IND2D4    | 0.023 |  21.949 |   -0.324 | 
     | sfp_instance/div0/div_19/FE_RC_57149_0             | A1 v -> ZN ^ | ND2D4     | 0.023 |  21.972 |   -0.301 | 
     | sfp_instance/div0/div_19/FE_RC_19437_0             | A1 ^ -> ZN v | OAI21D4   | 0.029 |  22.001 |   -0.272 | 
     | sfp_instance/div0/div_19/FE_RC_57832_0             | B1 v -> ZN ^ | IND2D4    | 0.023 |  22.024 |   -0.249 | 
     | sfp_instance/div0/div_19/FE_RC_57831_0             | A1 ^ -> ZN v | CKND2D4   | 0.019 |  22.043 |   -0.230 | 
     | sfp_instance/div0/div_19/u_div_u_fa_PartRem_0_2_11 | CI v -> CO v | FA1D2     | 0.084 |  22.126 |   -0.147 | 
     | sfp_instance/div0/div_19/FE_RC_50006_0             | A1 v -> ZN ^ | AOI21D4   | 0.048 |  22.175 |   -0.098 | 
     | sfp_instance/div0/div_19/FE_RC_50005_0             | A1 ^ -> ZN v | OAI21D4   | 0.040 |  22.215 |   -0.058 | 
     | sfp_instance/div0/div_19/FE_RC_34473_0             | A1 v -> ZN ^ | ND2D4     | 0.026 |  22.241 |   -0.032 | 
     | sfp_instance/div0/div_19/FE_RC_34562_0             | A1 ^ -> ZN v | ND2D4     | 0.026 |  22.267 |   -0.006 | 
     | sfp_instance/div0/div_19/FE_RC_46007_0             | A1 v -> ZN ^ | ND2D4     | 0.022 |  22.289 |    0.016 | 
     | sfp_instance/div0/div_19/FE_RC_34420_0             | B1 ^ -> ZN v | IND2D4    | 0.024 |  22.313 |    0.040 | 
     | sfp_instance/div0/div_19/FE_RC_48588_0             | B1 v -> ZN ^ | IND2D4    | 0.025 |  22.337 |    0.064 | 
     | sfp_instance/div0/div_19/FE_RC_27971_0             | A1 ^ -> ZN v | ND2D8     | 0.049 |  22.386 |    0.113 | 
     | sfp_instance/div0/div_19/FE_RC_35732_0             | B1 v -> ZN ^ | IND2D4    | 0.036 |  22.422 |    0.149 | 
     | sfp_instance/div0/div_19/FE_RC_35730_0             | B ^ -> ZN v  | OAI21D4   | 0.035 |  22.458 |    0.185 | 
     | sfp_instance/div0/div_19/FE_RC_20630_0             | A1 v -> Z v  | OR2D4     | 0.066 |  22.523 |    0.250 | 
     | sfp_instance/div0/div_19/FE_RC_20629_0             | A1 v -> ZN ^ | ND2D4     | 0.024 |  22.547 |    0.274 | 
     | sfp_instance/div0/div_19/FE_RC_39862_0             | A1 ^ -> ZN v | ND2D4     | 0.022 |  22.569 |    0.296 | 
     | sfp_instance/div0/div_19/u_div_u_fa_PartRem_0_1_3  | CI v -> CO v | FA1D1     | 0.073 |  22.642 |    0.369 | 
     | sfp_instance/div0/div_19/u_div_u_fa_PartRem_0_1_4  | CI v -> CO v | FA1D2     | 0.091 |  22.733 |    0.460 | 
     | sfp_instance/div0/div_19/FE_RC_2106_0              | B1 v -> ZN ^ | IND2D4    | 0.031 |  22.764 |    0.491 | 
     | sfp_instance/div0/div_19/FE_RC_57711_0             | B1 ^ -> ZN v | IND2D4    | 0.025 |  22.789 |    0.516 | 
     | sfp_instance/div0/div_19/FE_RC_57710_0             | B1 v -> ZN ^ | IND2D4    | 0.022 |  22.810 |    0.537 | 
     | sfp_instance/div0/div_19/FE_RC_45769_0             | A2 ^ -> ZN v | OAI211D4  | 0.042 |  22.853 |    0.580 | 
     | sfp_instance/div0/div_19/FE_RC_2338_0              | A1 v -> ZN ^ | ND2D4     | 0.032 |  22.884 |    0.611 | 
     | sfp_instance/div0/div_19/FE_RC_46032_0             | A2 ^ -> ZN v | OAI211D4  | 0.040 |  22.925 |    0.651 | 
     | sfp_instance/div0/div_19/FE_RC_20392_0             | A1 v -> ZN ^ | ND2D4     | 0.032 |  22.957 |    0.684 | 
     | sfp_instance/div0/div_19/FE_RC_57246_0             | B1 ^ -> ZN v | IND2D4    | 0.023 |  22.980 |    0.707 | 
     | sfp_instance/div0/div_19/FE_RC_57498_0             | A1 v -> ZN ^ | ND2D2     | 0.020 |  23.000 |    0.727 | 
     | sfp_instance/div0/div_19/FE_RC_57366_0             | B ^ -> ZN v  | IOA21D2   | 0.038 |  23.038 |    0.765 | 
     | sfp_instance/div0/div_19/FE_RC_57956_0             | B1 v -> ZN ^ | IND2D2    | 0.030 |  23.068 |    0.795 | 
     | sfp_instance/div0/div_19/FE_RC_57955_0             | A1 ^ -> ZN v | CKND2D2   | 0.024 |  23.092 |    0.819 | 
     | sfp_instance/div0/div_19/u_div_u_fa_PartRem_0_1_14 | CI v -> CO v | FA1D2     | 0.085 |  23.177 |    0.904 | 
     | sfp_instance/div0/div_19/FE_RC_45577_0             | A1 v -> ZN ^ | AOI21D4   | 0.042 |  23.219 |    0.946 | 
     | sfp_instance/div0/div_19/FE_RC_45576_0             | A1 ^ -> ZN v | CKND2D4   | 0.037 |  23.256 |    0.983 | 
     | sfp_instance/div0/div_19/FE_RC_4339_0              | B1 v -> ZN ^ | IND2D4    | 0.027 |  23.282 |    1.009 | 
     | sfp_instance/div0/div_19/FE_RC_27070_0             | B1 ^ -> ZN v | IND2D4    | 0.026 |  23.308 |    1.035 | 
     | sfp_instance/div0/div_19/FE_RC_4259_0_dup          | B1 v -> ZN ^ | IND2D4    | 0.023 |  23.331 |    1.058 | 
     | sfp_instance/div0/div_19/FE_RC_57136_0             | B1 ^ -> ZN v | IND2D4    | 0.029 |  23.360 |    1.087 | 
     | sfp_instance/div0/div_19/FE_RC_57135_0             | A1 v -> ZN ^ | ND2D8     | 0.029 |  23.389 |    1.116 | 
     | sfp_instance/div0/div_19/FE_OCPC4649_div_out0_1_   | I ^ -> ZN v  | INVD16    | 0.023 |  23.411 |    1.138 | 
     | sfp_instance/div0/div_19/FE_RC_17364_0             | A1 v -> ZN ^ | ND2D4     | 0.027 |  23.438 |    1.165 | 
     | sfp_instance/div0/div_19/FE_RC_17362_0             | B ^ -> ZN v  | OAI21D4   | 0.041 |  23.478 |    1.205 | 
     | sfp_instance/div0/div_19/FE_RC_13351_0             | A1 v -> ZN ^ | ND2D2     | 0.024 |  23.502 |    1.229 | 
     | sfp_instance/div0/div_19/FE_RC_23904_0             | B ^ -> ZN v  | OAI21D2   | 0.048 |  23.551 |    1.277 | 
     | sfp_instance/div0/div_19/FE_RC_23903_0             | A1 v -> ZN ^ | ND2D2     | 0.022 |  23.573 |    1.300 | 
     | sfp_instance/div0/div_19/FE_RC_23902_0             | A1 ^ -> ZN v | ND2D2     | 0.024 |  23.597 |    1.324 | 
     | sfp_instance/div0/div_19/FE_RC_9446_0              | A1 v -> ZN ^ | ND2D2     | 0.027 |  23.623 |    1.350 | 
     | sfp_instance/div0/div_19/FE_RC_9270_0              | A1 ^ -> ZN v | CKND2D4   | 0.025 |  23.648 |    1.375 | 
     | sfp_instance/div0/div_19/FE_RC_57132_0             | B1 v -> ZN ^ | IND2D4    | 0.024 |  23.672 |    1.398 | 
     | sfp_instance/div0/div_19/FE_RC_57131_0             | A1 ^ -> ZN v | ND2D4     | 0.024 |  23.696 |    1.423 | 
     | sfp_instance/div0/div_19/FE_RC_39471_0             | A1 v -> ZN ^ | AOI21D4   | 0.037 |  23.733 |    1.460 | 
     | sfp_instance/div0/div_19/FE_RC_20057_0             | A1 ^ -> ZN v | OAI21D4   | 0.033 |  23.766 |    1.493 | 
     | sfp_instance/div0/div_19/FE_RC_42020_0             | B1 v -> ZN ^ | IND2D4    | 0.026 |  23.792 |    1.519 | 
     | sfp_instance/div0/div_19/FE_RC_42019_0             | A1 ^ -> ZN v | ND2D4     | 0.023 |  23.815 |    1.542 | 
     | sfp_instance/div0/div_19/FE_RC_41726_0             | A1 v -> ZN ^ | ND2D4     | 0.022 |  23.837 |    1.564 | 
     | sfp_instance/div0/div_19/FE_RC_27846_0             | A1 ^ -> ZN v | ND2D4     | 0.026 |  23.863 |    1.590 | 
     | sfp_instance/div0/div_19/FE_RC_57803_0             | A1 v -> ZN ^ | ND2D4     | 0.019 |  23.882 |    1.609 | 
     | sfp_instance/div0/div_19/FE_RC_57797_0             | A1 ^ -> ZN v | CKND2D4   | 0.024 |  23.906 |    1.633 | 
     | sfp_instance/div0/div_19/FE_RC_41730_0             | B1 v -> ZN ^ | IND2D4    | 0.021 |  23.927 |    1.654 | 
     | sfp_instance/div0/div_19/FE_RC_41729_0             | A1 ^ -> ZN v | ND2D4     | 0.024 |  23.952 |    1.679 | 
     | sfp_instance/div0/div_19/FE_RC_41997_0             | B1 v -> ZN ^ | IND2D4    | 0.021 |  23.973 |    1.700 | 
     | sfp_instance/div0/div_19/FE_RC_41996_0             | A1 ^ -> ZN v | ND2D4     | 0.024 |  23.997 |    1.724 | 
     | sfp_instance/div0/div_19/FE_RC_41692_0             | A1 v -> ZN ^ | ND2D4     | 0.026 |  24.023 |    1.750 | 
     | sfp_instance/div0/div_19/FE_RC_17775_0             | A1 ^ -> ZN v | ND2D8     | 0.050 |  24.073 |    1.800 | 
     | sfp_instance/sfp_out_sign0_reg_0_                  | D v          | EDFKCNQD1 | 0.010 |  24.083 |    1.810 | 
     +------------------------------------------------------------------------------------------------------------+ 
Path 3: VIOLATED Setup Check with Pin sfp_instance/sfp_out_sign6_reg_0_/CP 
Endpoint:   sfp_instance/sfp_out_sign6_reg_0_/D     (v) checked with  leading 
edge of 'clk'
Beginpoint: sfp_instance/fifo_inst_int/q15_reg_3_/Q (v) triggered by  leading 
edge of 'clk'
Path Groups: {clk}
Analysis View: WC_VIEW
Other End Arrival Time          0.965
- Setup                         0.164
+ Phase Shift                   1.000
+ CPPR Adjustment               0.000
= Required Time                 1.800
- Arrival Time                 23.978
= Slack Time                  -22.178
     Clock Rise Edge                 0.000
     + Clock Network Latency (Prop)  0.725
     = Beginpoint Arrival Time       0.725
     +------------------------------------------------------------------------------------------------------------+ 
     |                      Instance                      |     Arc      |   Cell    | Delay | Arrival | Required | 
     |                                                    |              |           |       |  Time   |   Time   | 
     |----------------------------------------------------+--------------+-----------+-------+---------+----------| 
     | sfp_instance/fifo_inst_int/q15_reg_3_              | CP ^         |           |       |   0.725 |  -21.453 | 
     | sfp_instance/fifo_inst_int/q15_reg_3_              | CP ^ -> Q v  | DFQD4     | 0.140 |   0.865 |  -21.313 | 
     | sfp_instance/fifo_inst_int/fifo_mux_16_1a/mux_8_1b | A1 v -> ZN ^ | ND2D2     | 0.021 |   0.886 |  -21.292 | 
     | /fifo_mux_2_1d/FE_RC_46917_0                       |              |           |       |         |          | 
     | sfp_instance/fifo_inst_int/fifo_mux_16_1a/mux_8_1b | A1 ^ -> ZN v | ND2D2     | 0.023 |   0.910 |  -21.268 | 
     | /fifo_mux_2_1d/FE_RC_46915_0                       |              |           |       |         |          | 
     | sfp_instance/fifo_inst_int/fifo_mux_16_1a/mux_8_1b | A1 v -> ZN ^ | ND2D2     | 0.025 |   0.935 |  -21.243 | 
     | /fifo_mux_2_1f/FE_RC_7124_0                        |              |           |       |         |          | 
     | sfp_instance/fifo_inst_int/fifo_mux_16_1a/mux_8_1b | A1 ^ -> ZN v | CKND2D4   | 0.025 |   0.960 |  -21.218 | 
     | /fifo_mux_2_1f/FE_RC_46902_0                       |              |           |       |         |          | 
     | sfp_instance/fifo_inst_int/fifo_mux_16_1a/mux_8_1b | A1 v -> ZN ^ | ND2D4     | 0.020 |   0.980 |  -21.198 | 
     | /fifo_mux_2_1g/FE_RC_7371_0                        |              |           |       |         |          | 
     | sfp_instance/fifo_inst_int/fifo_mux_16_1a/mux_8_1b | A1 ^ -> ZN v | CKND2D4   | 0.022 |   1.002 |  -21.176 | 
     | /fifo_mux_2_1g/FE_RC_7370_0                        |              |           |       |         |          | 
     | sfp_instance/fifo_inst_int/fifo_mux_16_1a/mux_2_1a | B1 v -> ZN ^ | IND2D4    | 0.020 |   1.022 |  -21.156 | 
     | /FE_RC_42698_0                                     |              |           |       |         |          | 
     | sfp_instance/fifo_inst_int/fifo_mux_16_1a/mux_2_1a | A1 ^ -> ZN v | ND2D4     | 0.028 |   1.050 |  -21.128 | 
     | /FE_RC_7103_0                                      |              |           |       |         |          | 
     | sfp_instance/add_88/FE_RC_22209_0                  | A1 v -> ZN ^ | NR2XD2    | 0.028 |   1.077 |  -21.101 | 
     | sfp_instance/add_88/FE_RC_22210_0                  | I ^ -> ZN v  | CKND4     | 0.020 |   1.098 |  -21.080 | 
     | sfp_instance/add_88/FE_RC_21464_0                  | A1 v -> ZN ^ | ND2D4     | 0.017 |   1.115 |  -21.063 | 
     | sfp_instance/add_88/FE_RC_21463_0                  | A1 ^ -> ZN v | CKND2D4   | 0.023 |   1.137 |  -21.041 | 
     | sfp_instance/add_88/FE_RC_31222_0                  | A1 v -> ZN ^ | ND2D4     | 0.020 |   1.158 |  -21.020 | 
     | sfp_instance/add_88/FE_RC_31221_0                  | A1 ^ -> ZN v | ND2D4     | 0.027 |   1.185 |  -20.993 | 
     | sfp_instance/add_88/FE_RC_35028_0                  | A1 v -> ZN ^ | ND2D4     | 0.021 |   1.206 |  -20.972 | 
     | sfp_instance/add_88/FE_RC_35027_0                  | A1 ^ -> ZN v | ND2D4     | 0.026 |   1.232 |  -20.946 | 
     | sfp_instance/add_88/FE_RC_41927_0                  | A1 v -> ZN ^ | ND2D4     | 0.021 |   1.253 |  -20.925 | 
     | sfp_instance/add_88/FE_RC_41926_0                  | A1 ^ -> ZN v | CKND2D4   | 0.023 |   1.276 |  -20.902 | 
     | sfp_instance/add_88/FE_RC_39061_0                  | A1 v -> ZN ^ | ND2D4     | 0.023 |   1.300 |  -20.878 | 
     | sfp_instance/add_88/FE_RC_49937_0                  | A1 ^ -> ZN v | OAI21D4   | 0.023 |   1.323 |  -20.855 | 
     | sfp_instance/add_88/U1_9                           | CI v -> CO v | FA1D1     | 0.069 |   1.391 |  -20.787 | 
     | sfp_instance/add_88/U1_10                          | CI v -> CO v | FA1D2     | 0.082 |   1.474 |  -20.704 | 
     | sfp_instance/add_88/FE_RC_7041_0                   | A1 v -> ZN ^ | ND2D4     | 0.031 |   1.504 |  -20.674 | 
     | sfp_instance/add_88/FE_RC_16170_0                  | A1 ^ -> ZN v | OAI21D4   | 0.028 |   1.533 |  -20.645 | 
     | sfp_instance/add_88/FE_RC_31285_0                  | A1 v -> ZN ^ | OAI21D4   | 0.042 |   1.574 |  -20.604 | 
     | sfp_instance/add_88/FE_RC_9417_0                   | B1 ^ -> ZN v | IND2D4    | 0.030 |   1.604 |  -20.574 | 
     | sfp_instance/add_88/FE_RC_9416_0                   | A1 v -> ZN ^ | ND2D4     | 0.027 |   1.631 |  -20.547 | 
     | sfp_instance/add_88/FE_RC_58113_0                  | A1 ^ -> ZN v | OAI21D4   | 0.024 |   1.655 |  -20.523 | 
     | sfp_instance/add_88/U1_18                          | CI v -> CO v | FA1D2     | 0.080 |   1.735 |  -20.443 | 
     | sfp_instance/add_88/U1_19                          | CI v -> CO v | FA1D1     | 0.079 |   1.814 |  -20.364 | 
     | sfp_instance/add_88/U1_20                          | CI v -> CO v | FA1D1     | 0.075 |   1.889 |  -20.289 | 
     | sfp_instance/add_88/U1_21                          | CI v -> CO v | FA1D1     | 0.073 |   1.962 |  -20.216 | 
     | sfp_instance/add_88/U1_22                          | CI v -> CO v | FA1D1     | 0.079 |   2.041 |  -20.137 | 
     | sfp_instance/add_88/FE_RC_16841_0                  | A1 v -> ZN v | IND2D2    | 0.063 |   2.104 |  -20.074 | 
     | sfp_instance/add_88/FE_RC_16840_0                  | A1 v -> ZN ^ | ND2D4     | 0.034 |   2.138 |  -20.040 | 
     | sfp_instance/FE_OCPC13318_sum_2core_23_            | I ^ -> Z ^   | BUFFD16   | 0.103 |   2.240 |  -19.938 | 
     | sfp_instance/FE_OCPC14319_sum_2core_23_            | I ^ -> Z ^   | BUFFD8    | 0.063 |   2.304 |  -19.874 | 
     | sfp_instance/FE_OCPC13243_sum_2core_23_            | I ^ -> ZN v  | INVD6     | 0.020 |   2.324 |  -19.854 | 
     | sfp_instance/FE_OCPC13167_sum_2core_23_            | I v -> ZN ^  | CKND16    | 0.020 |   2.344 |  -19.834 | 
     | sfp_instance/div6/div_19/FE_RC_40372_0             | A1 ^ -> ZN v | NR2D3     | 0.021 |   2.365 |  -19.813 | 
     | sfp_instance/div6/div_19/U410                      | S v -> Z v   | MUX2D4    | 0.082 |   2.448 |  -19.730 | 
     | sfp_instance/div6/div_19/FE_RC_31197_0             | A1 v -> ZN ^ | AOI21D4   | 0.051 |   2.499 |  -19.679 | 
     | sfp_instance/div6/div_19/FE_RC_31196_0             | A1 ^ -> ZN v | NR2D8     | 0.027 |   2.526 |  -19.652 | 
     | sfp_instance/div6/div_19/FE_RC_20401_0             | A1 v -> ZN ^ | ND2D2     | 0.024 |   2.550 |  -19.628 | 
     | sfp_instance/div6/div_19/FE_RC_20399_0             | B ^ -> ZN v  | OAI21D4   | 0.043 |   2.594 |  -19.584 | 
     | sfp_instance/div6/div_19/FE_RC_45786_0             | B1 v -> ZN ^ | INR2XD2   | 0.027 |   2.621 |  -19.557 | 
     | sfp_instance/div6/div_19/FE_RC_45787_0             | I ^ -> ZN v  | CKND2     | 0.023 |   2.644 |  -19.534 | 
     | sfp_instance/div6/div_19/FE_RC_31838_0             | A2 v -> ZN ^ | ND2D3     | 0.026 |   2.670 |  -19.508 | 
     | sfp_instance/div6/div_19/FE_RC_41160_0             | A1 ^ -> ZN v | AOI21D4   | 0.029 |   2.699 |  -19.479 | 
     | sfp_instance/div6/div_19/U452                      | S v -> Z v   | MUX2D2    | 0.076 |   2.775 |  -19.403 | 
     | sfp_instance/div6/div_19/FE_RC_12837_0             | A1 v -> ZN ^ | CKND2D2   | 0.029 |   2.804 |  -19.374 | 
     | sfp_instance/div6/div_19/FE_RC_20987_0             | A1 ^ -> ZN v | CKND2D3   | 0.031 |   2.835 |  -19.343 | 
     | sfp_instance/div6/div_19/FE_RC_32669_0             | A1 v -> ZN ^ | ND2D4     | 0.023 |   2.858 |  -19.320 | 
     | sfp_instance/div6/div_19/FE_RC_32668_0             | A1 ^ -> ZN v | ND2D4     | 0.024 |   2.883 |  -19.295 | 
     | sfp_instance/div6/div_19/FE_RC_31921_0             | A1 v -> ZN ^ | ND2D4     | 0.027 |   2.910 |  -19.268 | 
     | sfp_instance/div6/div_19/FE_RC_32657_0_dup         | A1 ^ -> ZN v | AOI21D4   | 0.029 |   2.939 |  -19.239 | 
     | sfp_instance/div6/div_19/U472                      | S v -> Z v   | MUX2D4    | 0.088 |   3.027 |  -19.151 | 
     | sfp_instance/div6/div_19/FE_RC_13560_0             | A1 v -> ZN ^ | CKND2D4   | 0.030 |   3.056 |  -19.122 | 
     | sfp_instance/div6/div_19/FE_RC_13559_0             | A1 ^ -> ZN v | ND2D4     | 0.026 |   3.083 |  -19.095 | 
     | sfp_instance/div6/div_19/FE_RC_47837_0             | A1 v -> ZN ^ | CKND2D4   | 0.027 |   3.109 |  -19.069 | 
     | sfp_instance/div6/div_19/FE_RC_47836_0             | A1 ^ -> ZN v | ND2D4     | 0.026 |   3.136 |  -19.042 | 
     | sfp_instance/div6/div_19/FE_RC_6145_0              | A1 v -> ZN ^ | CKND2D4   | 0.024 |   3.160 |  -19.018 | 
     | sfp_instance/div6/div_19/FE_RC_14060_0             | B1 ^ -> ZN v | IND2D4    | 0.026 |   3.186 |  -18.992 | 
     | sfp_instance/div6/div_19/FE_RC_14059_0             | A1 v -> ZN ^ | ND2D4     | 0.026 |   3.212 |  -18.966 | 
     | sfp_instance/div6/div_19/FE_RC_14058_0_dup         | A1 ^ -> ZN v | AOI21D4   | 0.034 |   3.246 |  -18.932 | 
     | sfp_instance/div6/div_19/FE_RC_13899_0             | A1 v -> ZN ^ | ND2D2     | 0.028 |   3.274 |  -18.904 | 
     | sfp_instance/div6/div_19/FE_RC_13897_0             | B ^ -> ZN v  | OAI21D4   | 0.039 |   3.313 |  -18.865 | 
     | sfp_instance/div6/div_19/FE_RC_12593_0             | I v -> ZN ^  | CKND2     | 0.022 |   3.335 |  -18.843 | 
     | sfp_instance/div6/div_19/FE_RC_12591_0             | A1 ^ -> ZN v | ND2D2     | 0.026 |   3.362 |  -18.816 | 
     | sfp_instance/div6/div_19/FE_RC_12590_0             | A2 v -> ZN ^ | ND2D2     | 0.026 |   3.387 |  -18.791 | 
     | sfp_instance/div6/div_19/FE_RC_50220_0             | B ^ -> ZN v  | IOA21D2   | 0.024 |   3.411 |  -18.767 | 
     | sfp_instance/div6/div_19/u_div_u_fa_PartRem_0_25_3 | CI v -> CO v | FA1D1     | 0.070 |   3.481 |  -18.697 | 
     | sfp_instance/div6/div_19/u_div_u_fa_PartRem_0_25_4 | CI v -> CO v | FA1D2     | 0.084 |   3.565 |  -18.613 | 
     | sfp_instance/div6/div_19/FE_RC_16459_0             | A1 v -> ZN ^ | ND2D4     | 0.039 |   3.604 |  -18.574 | 
     | sfp_instance/div6/div_19/FE_RC_19484_0             | A1 ^ -> ZN v | AOI21D4   | 0.037 |   3.641 |  -18.537 | 
     | sfp_instance/div6/div_19/FE_RC_47705_0             | A1 v -> ZN v | IND2D2    | 0.059 |   3.701 |  -18.477 | 
     | sfp_instance/div6/div_19/FE_RC_47704_0             | A1 v -> ZN ^ | CKND2D2   | 0.028 |   3.728 |  -18.450 | 
     | sfp_instance/div6/div_19/u_div_u_fa_PartRem_0_24_3 | A ^ -> CO ^  | FA1D2     | 0.155 |   3.883 |  -18.295 | 
     | sfp_instance/div6/div_19/FE_RC_16262_0             | A1 ^ -> ZN v | ND2D4     | 0.032 |   3.916 |  -18.262 | 
     | sfp_instance/div6/div_19/FE_RC_33563_0             | A2 v -> ZN ^ | OAI211D4  | 0.040 |   3.956 |  -18.222 | 
     | sfp_instance/div6/div_19/FE_RC_49564_0             | A1 ^ -> ZN v | CKND2D2   | 0.029 |   3.985 |  -18.193 | 
     | sfp_instance/div6/div_19/FE_RC_49679_0             | B v -> ZN ^  | IOA21D2   | 0.027 |   4.012 |  -18.166 | 
     | sfp_instance/div6/div_19/U525_dup_dup              | A1 ^ -> Z ^  | AN2D4     | 0.067 |   4.078 |  -18.100 | 
     | sfp_instance/div6/div_19/FE_RC_18635_0             | A1 ^ -> ZN v | ND2D4     | 0.026 |   4.105 |  -18.073 | 
     | sfp_instance/div6/div_19/FE_RC_36448_0             | B v -> ZN ^  | OAI21D4   | 0.031 |   4.136 |  -18.042 | 
     | sfp_instance/div6/div_19/FE_RC_6667_0              | B1 ^ -> ZN v | IND2D4    | 0.030 |   4.166 |  -18.012 | 
     | sfp_instance/div6/div_19/FE_RC_6666_0              | A1 v -> ZN ^ | ND2D4     | 0.024 |   4.190 |  -17.988 | 
     | sfp_instance/div6/div_19/FE_RC_7631_0              | A1 ^ -> ZN v | ND2D4     | 0.029 |   4.219 |  -17.959 | 
     | sfp_instance/div6/div_19/FE_RC_7630_0              | A1 v -> ZN ^ | ND2D4     | 0.023 |   4.242 |  -17.936 | 
     | sfp_instance/div6/div_19/FE_RC_6777_0              | A1 ^ -> ZN v | CKND2D4   | 0.023 |   4.265 |  -17.913 | 
     | sfp_instance/div6/div_19/FE_RC_6776_0              | A1 v -> ZN ^ | ND2D4     | 0.020 |   4.285 |  -17.893 | 
     | sfp_instance/div6/div_19/FE_RC_43565_0             | A1 ^ -> ZN v | ND2D2     | 0.023 |   4.308 |  -17.870 | 
     | sfp_instance/div6/div_19/FE_RC_43564_0             | B v -> ZN ^  | IOA21D2   | 0.026 |   4.334 |  -17.844 | 
     | sfp_instance/div6/div_19/FE_RC_43527_0             | A1 ^ -> ZN v | ND2D2     | 0.027 |   4.361 |  -17.817 | 
     | sfp_instance/div6/div_19/FE_RC_43526_0             | A1 v -> ZN ^ | ND2D2     | 0.023 |   4.385 |  -17.793 | 
     | sfp_instance/div6/div_19/FE_RC_50599_0             | A1 ^ -> ZN v | ND2D2     | 0.026 |   4.410 |  -17.768 | 
     | sfp_instance/div6/div_19/FE_RC_50598_0             | B v -> ZN ^  | IOA21D2   | 0.028 |   4.438 |  -17.740 | 
     | sfp_instance/div6/div_19/FE_RC_12549_0             | B1 ^ -> ZN v | IND2D4    | 0.029 |   4.468 |  -17.710 | 
     | sfp_instance/div6/div_19/FE_RC_12548_0             | A1 v -> ZN ^ | ND2D4     | 0.027 |   4.495 |  -17.683 | 
     | sfp_instance/div6/div_19/U541                      | A1 ^ -> Z ^  | AN2D8     | 0.072 |   4.567 |  -17.611 | 
     | sfp_instance/div6/div_19/FE_RC_22885_0             | A1 ^ -> ZN v | OAI21D4   | 0.034 |   4.601 |  -17.577 | 
     | sfp_instance/div6/div_19/FE_RC_7801_0              | B1 v -> ZN ^ | IND2D4    | 0.026 |   4.627 |  -17.551 | 
     | sfp_instance/div6/div_19/FE_RC_7800_0              | A1 ^ -> ZN v | ND2D4     | 0.024 |   4.651 |  -17.527 | 
     | sfp_instance/div6/div_19/FE_RC_11563_0             | A1 v -> ZN ^ | ND2D4     | 0.023 |   4.674 |  -17.504 | 
     | sfp_instance/div6/div_19/FE_RC_14199_0             | A1 ^ -> ZN v | CKND2D4   | 0.021 |   4.696 |  -17.482 | 
     | sfp_instance/div6/div_19/FE_RC_31741_0             | A1 v -> ZN ^ | ND2D2     | 0.019 |   4.715 |  -17.463 | 
     | sfp_instance/div6/div_19/FE_RC_31740_0             | A1 ^ -> ZN v | CKND2D2   | 0.026 |   4.741 |  -17.437 | 
     | sfp_instance/div6/div_19/u_div_u_fa_PartRem_0_22_4 | CI v -> CO v | FA1D1     | 0.073 |   4.814 |  -17.364 | 
     | sfp_instance/div6/div_19/u_div_u_fa_PartRem_0_22_5 | CI v -> CO v | FA1D2     | 0.074 |   4.888 |  -17.290 | 
     | sfp_instance/div6/div_19/u_div_u_fa_PartRem_0_22_6 | CI v -> CO v | FA1D2     | 0.085 |   4.973 |  -17.205 | 
     | sfp_instance/div6/div_19/FE_RC_47732_0             | A2 v -> ZN ^ | OAI211D4  | 0.054 |   5.027 |  -17.151 | 
     | sfp_instance/div6/div_19/FE_RC_47716_0             | A1 ^ -> ZN v | CKND2D8   | 0.041 |   5.068 |  -17.110 | 
     | sfp_instance/div6/div_19/FE_RC_10719_0             | A1 v -> ZN ^ | ND2D4     | 0.024 |   5.092 |  -17.086 | 
     | sfp_instance/div6/div_19/FE_RC_10859_0             | B ^ -> ZN v  | OAI21D4   | 0.038 |   5.130 |  -17.048 | 
     | sfp_instance/div6/div_19/u_div_u_fa_PartRem_0_21_2 | A v -> CO v  | FA1D1     | 0.146 |   5.276 |  -16.902 | 
     | sfp_instance/div6/div_19/u_div_u_fa_PartRem_0_21_3 | CI v -> CO v | FA1D1     | 0.074 |   5.350 |  -16.828 | 
     | sfp_instance/div6/div_19/u_div_u_fa_PartRem_0_21_4 | CI v -> CO v | FA1D2     | 0.081 |   5.431 |  -16.747 | 
     | sfp_instance/div6/div_19/FE_RC_6290_0              | A1 v -> ZN ^ | ND2D3     | 0.032 |   5.463 |  -16.715 | 
     | sfp_instance/div6/div_19/FE_RC_47386_0             | A2 ^ -> ZN v | OAI211D4  | 0.034 |   5.497 |  -16.681 | 
     | sfp_instance/div6/div_19/u_div_u_fa_PartRem_0_21_7 | CI v -> CO v | FA1D2     | 0.086 |   5.583 |  -16.595 | 
     | sfp_instance/div6/div_19/FE_RC_23676_0             | A2 v -> ZN ^ | OAI211D4  | 0.044 |   5.627 |  -16.551 | 
     | sfp_instance/div6/div_19/FE_RC_23252_0             | A1 ^ -> ZN v | CKND2D4   | 0.043 |   5.670 |  -16.508 | 
     | sfp_instance/div6/div_19/U569                      | S v -> Z ^   | MUX2D4    | 0.095 |   5.765 |  -16.413 | 
     | sfp_instance/div6/div_19/FE_RC_7071_0              | B1 ^ -> ZN v | IND2D4    | 0.026 |   5.791 |  -16.387 | 
     | sfp_instance/div6/div_19/FE_RC_7070_0              | A1 v -> ZN ^ | CKND2D4   | 0.023 |   5.814 |  -16.364 | 
     | sfp_instance/div6/div_19/FE_RC_47840_0             | A1 ^ -> ZN v | ND2D2     | 0.028 |   5.842 |  -16.336 | 
     | sfp_instance/div6/div_19/FE_RC_47839_0             | A1 v -> ZN ^ | CKND2D2   | 0.025 |   5.867 |  -16.311 | 
     | sfp_instance/div6/div_19/u_div_u_fa_PartRem_0_20_3 | CI ^ -> CO ^ | FA1D1     | 0.066 |   5.933 |  -16.245 | 
     | sfp_instance/div6/div_19/u_div_u_fa_PartRem_0_20_4 | CI ^ -> CO ^ | FA1D1     | 0.068 |   6.001 |  -16.177 | 
     | sfp_instance/div6/div_19/u_div_u_fa_PartRem_0_20_5 | CI ^ -> CO ^ | FA1D1     | 0.067 |   6.068 |  -16.110 | 
     | sfp_instance/div6/div_19/u_div_u_fa_PartRem_0_20_6 | CI ^ -> CO ^ | FA1D2     | 0.078 |   6.147 |  -16.031 | 
     | sfp_instance/div6/div_19/FE_RC_41311_0             | A2 ^ -> ZN v | OAI211D4  | 0.045 |   6.192 |  -15.986 | 
     | sfp_instance/div6/div_19/FE_RC_17449_0             | A1 v -> ZN ^ | ND2D4     | 0.034 |   6.226 |  -15.952 | 
     | sfp_instance/div6/div_19/FE_RC_9720_0              | A1 ^ -> ZN v | ND2D4     | 0.028 |   6.254 |  -15.924 | 
     | sfp_instance/div6/div_19/FE_RC_9719_0_dup          | A1 v -> ZN ^ | CKND2D8   | 0.041 |   6.295 |  -15.883 | 
     | sfp_instance/div6/div_19/FE_RC_10223_0             | A1 ^ -> ZN ^ | IND2D4    | 0.056 |   6.351 |  -15.827 | 
     | sfp_instance/div6/div_19/FE_RC_10222_0             | A1 ^ -> ZN v | ND2D4     | 0.034 |   6.385 |  -15.793 | 
     | sfp_instance/div6/div_19/FE_RC_47521_0             | B1 v -> ZN ^ | INR2D4    | 0.031 |   6.416 |  -15.762 | 
     | sfp_instance/div6/div_19/FE_RC_47522_0             | I ^ -> ZN v  | CKND3     | 0.020 |   6.436 |  -15.742 | 
     | sfp_instance/div6/div_19/FE_RC_43615_0             | A2 v -> ZN ^ | ND2D2     | 0.020 |   6.457 |  -15.721 | 
     | sfp_instance/div6/div_19/FE_RC_43614_0             | A1 ^ -> ZN v | ND2D2     | 0.029 |   6.485 |  -15.692 | 
     | sfp_instance/div6/div_19/FE_RC_50757_0             | A1 v -> ZN ^ | ND2D2     | 0.024 |   6.509 |  -15.669 | 
     | sfp_instance/div6/div_19/FE_RC_50756_0             | B ^ -> ZN v  | IOA21D2   | 0.028 |   6.537 |  -15.641 | 
     | sfp_instance/div6/div_19/u_div_u_fa_PartRem_0_19_4 | CI v -> CO v | FA1D1     | 0.075 |   6.612 |  -15.566 | 
     | sfp_instance/div6/div_19/u_div_u_fa_PartRem_0_19_5 | CI v -> CO v | FA1D1     | 0.073 |   6.685 |  -15.493 | 
     | sfp_instance/div6/div_19/u_div_u_fa_PartRem_0_19_6 | CI v -> CO v | FA1D2     | 0.090 |   6.775 |  -15.403 | 
     | sfp_instance/div6/div_19/FE_RC_51377_0             | A2 v -> ZN ^ | OAI211D4  | 0.056 |   6.831 |  -15.347 | 
     | sfp_instance/div6/div_19/FE_RC_51405_0             | A2 ^ -> ZN v | OAI211D4  | 0.050 |   6.881 |  -15.297 | 
     | sfp_instance/div6/div_19/u_div_u_fa_PartRem_0_19_1 | CI v -> CO v | FA1D1     | 0.078 |   6.959 |  -15.219 | 
     | 0                                                  |              |           |       |         |          | 
     | sfp_instance/div6/div_19/u_div_u_fa_PartRem_0_19_1 | CI v -> CO v | FA1D1     | 0.077 |   7.036 |  -15.142 | 
     | 1                                                  |              |           |       |         |          | 
     | sfp_instance/div6/div_19/FE_RC_17423_0             | I v -> ZN ^  | CKND3     | 0.031 |   7.067 |  -15.111 | 
     | sfp_instance/div6/div_19/FE_RC_17422_0             | A1 ^ -> ZN v | NR2D8     | 0.026 |   7.093 |  -15.085 | 
     | sfp_instance/div6/div_19/FE_RC_10195_0             | A1 v -> ZN ^ | ND2D4     | 0.030 |   7.122 |  -15.056 | 
     | sfp_instance/div6/div_19/FE_RC_10193_0             | B ^ -> ZN v  | OAI21D4   | 0.035 |   7.157 |  -15.021 | 
     | sfp_instance/div6/div_19/FE_RC_48346_0             | A1 v -> ZN ^ | ND2D3     | 0.026 |   7.183 |  -14.994 | 
     | sfp_instance/div6/div_19/FE_RC_49529_0             | A1 ^ -> ZN v | ND2D3     | 0.029 |   7.212 |  -14.966 | 
     | sfp_instance/div6/div_19/FE_RC_45499_0             | A1 v -> ZN ^ | ND2D2     | 0.022 |   7.234 |  -14.944 | 
     | sfp_instance/div6/div_19/FE_RC_8327_0              | A1 ^ -> ZN v | CKND2D2   | 0.023 |   7.257 |  -14.921 | 
     | sfp_instance/div6/div_19/u_div_u_fa_PartRem_0_18_3 | CI v -> CO v | FA1D1     | 0.073 |   7.329 |  -14.848 | 
     | sfp_instance/div6/div_19/u_div_u_fa_PartRem_0_18_4 | CI v -> CO v | FA1D1     | 0.074 |   7.403 |  -14.775 | 
     | sfp_instance/div6/div_19/u_div_u_fa_PartRem_0_18_5 | CI v -> CO v | FA1D1     | 0.074 |   7.477 |  -14.701 | 
     | sfp_instance/div6/div_19/u_div_u_fa_PartRem_0_18_6 | CI v -> CO v | FA1D2     | 0.085 |   7.562 |  -14.616 | 
     | sfp_instance/div6/div_19/FE_RC_41325_0             | A2 v -> ZN ^ | OAI211D4  | 0.049 |   7.610 |  -14.568 | 
     | sfp_instance/div6/div_19/FE_RC_15443_0             | A1 ^ -> ZN v | CKND2D4   | 0.032 |   7.642 |  -14.536 | 
     | sfp_instance/div6/div_19/FE_RC_5592_0              | A1 v -> ZN ^ | ND2D4     | 0.023 |   7.665 |  -14.513 | 
     | sfp_instance/div6/div_19/FE_RC_9901_0              | A1 ^ -> ZN v | CKND2D4   | 0.023 |   7.688 |  -14.490 | 
     | sfp_instance/div6/div_19/FE_RC_33635_0             | A1 v -> ZN ^ | ND2D3     | 0.025 |   7.713 |  -14.465 | 
     | sfp_instance/div6/div_19/FE_RC_33811_0             | A1 ^ -> ZN v | CKND2D4   | 0.034 |   7.747 |  -14.431 | 
     | sfp_instance/div6/div_19/U601_dup_dup              | A1 v -> Z v  | AN2D8     | 0.053 |   7.799 |  -14.379 | 
     | sfp_instance/div6/div_19/FE_OCPC4347_n94_dup       | I v -> Z v   | CKBD4     | 0.040 |   7.839 |  -14.339 | 
     | sfp_instance/div6/div_19/FE_RC_37020_0             | A1 v -> ZN ^ | ND2D3     | 0.019 |   7.858 |  -14.320 | 
     | sfp_instance/div6/div_19/FE_RC_29182_0             | B ^ -> ZN v  | OAI21D4   | 0.037 |   7.895 |  -14.283 | 
     | sfp_instance/div6/div_19/u_div_u_fa_PartRem_0_17_3 | A v -> CO v  | FA1D2     | 0.164 |   8.059 |  -14.119 | 
     | sfp_instance/div6/div_19/u_div_u_fa_PartRem_0_17_4 | CI v -> CO v | FA1D1     | 0.077 |   8.136 |  -14.042 | 
     | sfp_instance/div6/div_19/u_div_u_fa_PartRem_0_17_5 | CI v -> CO v | FA1D1     | 0.074 |   8.210 |  -13.968 | 
     | sfp_instance/div6/div_19/u_div_u_fa_PartRem_0_17_6 | CI v -> CO v | FA1D2     | 0.090 |   8.300 |  -13.878 | 
     | sfp_instance/div6/div_19/FE_RC_24571_0             | A2 v -> ZN ^ | OAI211D4  | 0.053 |   8.353 |  -13.825 | 
     | sfp_instance/div6/div_19/FE_RC_26019_0             | A1 ^ -> ZN v | ND2D4     | 0.036 |   8.389 |  -13.789 | 
     | sfp_instance/div6/div_19/FE_RC_31263_0             | B1 v -> ZN ^ | IND2D4    | 0.025 |   8.413 |  -13.765 | 
     | sfp_instance/div6/div_19/FE_RC_50590_0             | A1 ^ -> ZN v | AOI21D4   | 0.030 |   8.443 |  -13.735 | 
     | sfp_instance/div6/div_19/FE_RC_50588_0             | A1 v -> ZN ^ | NR2XD3    | 0.031 |   8.474 |  -13.704 | 
     | sfp_instance/div6/div_19/FE_RC_50589_0             | I ^ -> ZN v  | INVD6     | 0.028 |   8.503 |  -13.675 | 
     | sfp_instance/div6/div_19/FE_OCPC6687_n93           | I v -> Z v   | CKBD4     | 0.041 |   8.544 |  -13.634 | 
     | sfp_instance/div6/div_19/FE_RC_47569_0             | I v -> ZN ^  | CKND2     | 0.016 |   8.560 |  -13.618 | 
     | sfp_instance/div6/div_19/FE_RC_47568_0             | A1 ^ -> ZN v | OAI22D2   | 0.029 |   8.589 |  -13.589 | 
     | sfp_instance/div6/div_19/u_div_u_fa_PartRem_0_16_3 | A v -> CO v  | FA1D1     | 0.148 |   8.737 |  -13.441 | 
     | sfp_instance/div6/div_19/u_div_u_fa_PartRem_0_16_4 | CI v -> CO v | FA1D1     | 0.073 |   8.809 |  -13.369 | 
     | sfp_instance/div6/div_19/u_div_u_fa_PartRem_0_16_5 | CI v -> CO v | FA1D1     | 0.074 |   8.883 |  -13.295 | 
     | sfp_instance/div6/div_19/u_div_u_fa_PartRem_0_16_6 | CI v -> CO v | FA1D1     | 0.076 |   8.959 |  -13.219 | 
     | sfp_instance/div6/div_19/u_div_u_fa_PartRem_0_16_7 | CI v -> CO v | FA1D2     | 0.089 |   9.048 |  -13.130 | 
     | sfp_instance/div6/div_19/FE_RC_50970_0             | A2 v -> ZN ^ | OAI211D4  | 0.051 |   9.099 |  -13.079 | 
     | sfp_instance/div6/div_19/FE_RC_28677_0             | B1 ^ -> ZN v | IND2D4    | 0.034 |   9.133 |  -13.045 | 
     | sfp_instance/div6/div_19/FE_RC_25859_0             | B1 v -> ZN ^ | IND2D4    | 0.027 |   9.160 |  -13.018 | 
     | sfp_instance/div6/div_19/FE_RC_25973_0             | A1 ^ -> ZN v | ND2D8     | 0.035 |   9.195 |  -12.983 | 
     | sfp_instance/div6/div_19/FE_RC_7621_0_dup          | B1 v -> ZN ^ | IND2D4    | 0.024 |   9.220 |  -12.958 | 
     | sfp_instance/div6/div_19/FE_RC_19522_0_dup         | A1 ^ -> ZN v | AOI21D4   | 0.042 |   9.262 |  -12.916 | 
     | sfp_instance/div6/div_19/FE_RC_30688_0             | A1 v -> ZN ^ | ND2D2     | 0.032 |   9.294 |  -12.884 | 
     | sfp_instance/div6/div_19/FE_RC_30686_0             | B ^ -> ZN v  | OAI21D2   | 0.043 |   9.337 |  -12.841 | 
     | sfp_instance/div6/div_19/FE_RC_50659_0             | A1 v -> ZN ^ | CKND2D2   | 0.034 |   9.371 |  -12.807 | 
     | sfp_instance/div6/div_19/FE_RC_50658_0             | B ^ -> ZN v  | IOA21D2   | 0.029 |   9.400 |  -12.778 | 
     | sfp_instance/div6/div_19/u_div_u_fa_PartRem_0_15_2 | CI v -> CO v | FA1D1     | 0.075 |   9.475 |  -12.703 | 
     | sfp_instance/div6/div_19/u_div_u_fa_PartRem_0_15_3 | CI v -> CO v | FA1D1     | 0.075 |   9.550 |  -12.628 | 
     | sfp_instance/div6/div_19/u_div_u_fa_PartRem_0_15_4 | CI v -> CO v | FA1D1     | 0.076 |   9.626 |  -12.552 | 
     | sfp_instance/div6/div_19/FE_RC_22246_0             | A1 v -> ZN ^ | ND2D2     | 0.029 |   9.655 |  -12.523 | 
     | sfp_instance/div6/div_19/FE_RC_2707_0              | A1 ^ -> ZN v | CKND2D4   | 0.028 |   9.684 |  -12.494 | 
     | sfp_instance/div6/div_19/FE_RC_2666_0              | B1 v -> ZN ^ | IND2D4    | 0.026 |   9.710 |  -12.468 | 
     | sfp_instance/div6/div_19/FE_RC_29010_0             | A1 ^ -> ZN v | OAI21D4   | 0.029 |   9.739 |  -12.439 | 
     | sfp_instance/div6/div_19/FE_RC_22360_0             | A1 v -> ZN ^ | ND2D4     | 0.026 |   9.764 |  -12.414 | 
     | sfp_instance/div6/div_19/FE_RC_23380_0             | A2 ^ -> ZN v | OAI211D4  | 0.034 |   9.799 |  -12.379 | 
     | sfp_instance/div6/div_19/u_div_u_fa_PartRem_0_15_1 | CI v -> CO v | FA1D1     | 0.078 |   9.877 |  -12.301 | 
     | 0                                                  |              |           |       |         |          | 
     | sfp_instance/div6/div_19/u_div_u_fa_PartRem_0_15_1 | CI v -> CO v | FA1D1     | 0.074 |   9.950 |  -12.228 | 
     | 1                                                  |              |           |       |         |          | 
     | sfp_instance/div6/div_19/u_div_u_fa_PartRem_0_15_1 | CI v -> CO v | FA1D1     | 0.075 |  10.025 |  -12.153 | 
     | 2                                                  |              |           |       |         |          | 
     | sfp_instance/div6/div_19/u_div_u_fa_PartRem_0_15_1 | CI v -> CO v | FA1D1     | 0.075 |  10.100 |  -12.078 | 
     | 3                                                  |              |           |       |         |          | 
     | sfp_instance/div6/div_19/u_div_u_fa_PartRem_0_15_1 | CI v -> CO v | FA1D1     | 0.075 |  10.175 |  -12.003 | 
     | 4                                                  |              |           |       |         |          | 
     | sfp_instance/div6/div_19/u_div_u_fa_PartRem_0_15_1 | CI v -> CO v | FA1D2     | 0.088 |  10.264 |  -11.914 | 
     | 5                                                  |              |           |       |         |          | 
     | sfp_instance/div6/div_19/U595                      | A1 v -> Z v  | AN2D8     | 0.065 |  10.329 |  -11.849 | 
     | sfp_instance/div6/div_19/FE_OCPC10412_n91          | I v -> Z v   | BUFFD12   | 0.053 |  10.383 |  -11.795 | 
     | sfp_instance/div6/div_19/FE_RC_35658_0             | A1 v -> ZN ^ | OAI21D4   | 0.045 |  10.427 |  -11.751 | 
     | sfp_instance/div6/div_19/FE_RC_43297_0             | A2 ^ -> ZN v | CKND2D1   | 0.055 |  10.482 |  -11.696 | 
     | sfp_instance/div6/div_19/FE_RC_43292_0             | A2 v -> ZN ^ | CKND2D3   | 0.064 |  10.545 |  -11.633 | 
     | sfp_instance/div6/div_19/FE_RC_22255_0             | A1 ^ -> ZN v | ND2D3     | 0.034 |  10.579 |  -11.599 | 
     | sfp_instance/div6/div_19/FE_RC_20135_0             | A1 v -> ZN ^ | CKND2D4   | 0.027 |  10.606 |  -11.572 | 
     | sfp_instance/div6/div_19/FE_RC_5949_0              | A1 ^ -> ZN v | ND2D4     | 0.029 |  10.635 |  -11.543 | 
     | sfp_instance/div6/div_19/FE_RC_47498_0             | A2 v -> ZN ^ | OAI211D4  | 0.043 |  10.678 |  -11.500 | 
     | sfp_instance/div6/div_19/FE_RC_20757_0             | A1 ^ -> ZN v | CKND2D4   | 0.035 |  10.713 |  -11.465 | 
     | sfp_instance/div6/div_19/FE_RC_51455_0             | A2 v -> ZN ^ | OAI211D4  | 0.040 |  10.753 |  -11.425 | 
     | sfp_instance/div6/div_19/u_div_u_fa_PartRem_0_14_9 | CI ^ -> CO ^ | FA1D1     | 0.073 |  10.826 |  -11.352 | 
     | sfp_instance/div6/div_19/u_div_u_fa_PartRem_0_14_1 | CI ^ -> CO ^ | FA1D1     | 0.070 |  10.896 |  -11.282 | 
     | 0                                                  |              |           |       |         |          | 
     | sfp_instance/div6/div_19/u_div_u_fa_PartRem_0_14_1 | CI ^ -> CO ^ | FA1D1     | 0.069 |  10.965 |  -11.213 | 
     | 1                                                  |              |           |       |         |          | 
     | sfp_instance/div6/div_19/u_div_u_fa_PartRem_0_14_1 | CI ^ -> CO ^ | FA1D1     | 0.070 |  11.034 |  -11.144 | 
     | 2                                                  |              |           |       |         |          | 
     | sfp_instance/div6/div_19/u_div_u_fa_PartRem_0_14_1 | CI ^ -> CO ^ | FA1D1     | 0.071 |  11.105 |  -11.073 | 
     | 3                                                  |              |           |       |         |          | 
     | sfp_instance/div6/div_19/u_div_u_fa_PartRem_0_14_1 | CI ^ -> CO ^ | FA1D2     | 0.081 |  11.186 |  -10.992 | 
     | 4                                                  |              |           |       |         |          | 
     | sfp_instance/div6/div_19/FE_RC_47997_0             | B1 ^ -> ZN v | IND2D4    | 0.031 |  11.217 |  -10.961 | 
     | sfp_instance/div6/div_19/FE_RC_48384_0             | A1 v -> ZN ^ | CKND2D3   | 0.027 |  11.243 |  -10.935 | 
     | sfp_instance/div6/div_19/FE_RC_37452_0             | A1 ^ -> Z ^  | AN2D8     | 0.081 |  11.324 |  -10.854 | 
     | sfp_instance/div6/div_19/FE_RC_8173_0              | A1 ^ -> ZN v | ND2D4     | 0.036 |  11.360 |  -10.818 | 
     | sfp_instance/div6/div_19/FE_RC_40075_0             | I v -> ZN ^  | CKND4     | 0.019 |  11.379 |  -10.799 | 
     | sfp_instance/div6/div_19/FE_RC_40385_0             | A1 ^ -> ZN v | OAI21D4   | 0.023 |  11.402 |  -10.776 | 
     | sfp_instance/div6/div_19/FE_RC_14331_0             | A1 v -> ZN ^ | CKND2D4   | 0.029 |  11.431 |  -10.747 | 
     | sfp_instance/div6/div_19/FE_RC_11422_0             | A1 ^ -> ZN v | ND2D2     | 0.030 |  11.461 |  -10.717 | 
     | sfp_instance/div6/div_19/FE_RC_11421_0             | B v -> ZN ^  | IOA21D2   | 0.021 |  11.482 |  -10.696 | 
     | sfp_instance/div6/div_19/u_div_u_fa_PartRem_0_13_3 | CI ^ -> CO ^ | FA1D2     | 0.075 |  11.557 |  -10.621 | 
     | sfp_instance/div6/div_19/FE_RC_43505_0             | A1 ^ -> ZN v | ND2D2     | 0.029 |  11.586 |  -10.592 | 
     | sfp_instance/div6/div_19/FE_RC_43504_0             | A1 v -> ZN ^ | CKND2D2   | 0.027 |  11.613 |  -10.565 | 
     | sfp_instance/div6/div_19/u_div_u_fa_PartRem_0_13_5 | CI ^ -> CO ^ | FA1D1     | 0.069 |  11.682 |  -10.496 | 
     | sfp_instance/div6/div_19/u_div_u_fa_PartRem_0_13_6 | CI ^ -> CO ^ | FA1D1     | 0.071 |  11.753 |  -10.425 | 
     | sfp_instance/div6/div_19/u_div_u_fa_PartRem_0_13_7 | CI ^ -> CO ^ | FA1D1     | 0.069 |  11.822 |  -10.356 | 
     | sfp_instance/div6/div_19/u_div_u_fa_PartRem_0_13_8 | CI ^ -> CO ^ | FA1D2     | 0.073 |  11.895 |  -10.283 | 
     | sfp_instance/div6/div_19/FE_RC_19867_0             | A1 ^ -> ZN v | ND2D2     | 0.036 |  11.932 |  -10.246 | 
     | sfp_instance/div6/div_19/FE_RC_19866_0             | B1 v -> ZN ^ | IND2D4    | 0.028 |  11.960 |  -10.218 | 
     | sfp_instance/div6/div_19/FE_RC_30692_0             | B1 ^ -> ZN v | IND2D4    | 0.030 |  11.989 |  -10.189 | 
     | sfp_instance/div6/div_19/FE_RC_30393_0             | A1 v -> ZN ^ | OAI21D4   | 0.039 |  12.028 |  -10.150 | 
     | sfp_instance/div6/div_19/FE_RC_30055_0             | A2 ^ -> ZN v | OAI211D4  | 0.042 |  12.070 |  -10.108 | 
     | sfp_instance/div6/div_19/FE_RC_32985_0             | B1 v -> ZN ^ | IND2D4    | 0.030 |  12.100 |  -10.078 | 
     | sfp_instance/div6/div_19/FE_RC_29549_0             | B1 ^ -> ZN v | IND2D4    | 0.035 |  12.135 |  -10.043 | 
     | sfp_instance/div6/div_19/FE_OCPC10952_FE_RN_21736_ | I v -> ZN ^  | CKND12    | 0.034 |  12.169 |  -10.009 | 
     | 0                                                  |              |           |       |         |          | 
     | sfp_instance/div6/div_19/FE_RC_14303_0             | A1 ^ -> Z ^  | OR2D4     | 0.055 |  12.224 |   -9.954 | 
     | sfp_instance/div6/div_19/FE_RC_14302_0             | A1 ^ -> ZN v | CKND2D4   | 0.023 |  12.247 |   -9.931 | 
     | sfp_instance/div6/div_19/FE_RC_43105_0             | A1 v -> ZN v | IND2D4    | 0.052 |  12.299 |   -9.879 | 
     | sfp_instance/div6/div_19/FE_RC_43104_0             | A1 v -> ZN ^ | ND2D2     | 0.025 |  12.324 |   -9.854 | 
     | sfp_instance/div6/div_19/FE_RC_43103_0             | A1 ^ -> ZN v | ND2D2     | 0.027 |  12.351 |   -9.827 | 
     | sfp_instance/div6/div_19/u_div_u_fa_PartRem_0_12_3 | CI v -> CO v | FA1D1     | 0.074 |  12.425 |   -9.753 | 
     | sfp_instance/div6/div_19/u_div_u_fa_PartRem_0_12_4 | CI v -> CO v | FA1D1     | 0.075 |  12.500 |   -9.678 | 
     | sfp_instance/div6/div_19/u_div_u_fa_PartRem_0_12_5 | CI v -> CO v | FA1D2     | 0.076 |  12.576 |   -9.602 | 
     | sfp_instance/div6/div_19/u_div_u_fa_PartRem_0_12_6 | CI v -> CO v | FA1D2     | 0.078 |  12.654 |   -9.524 | 
     | sfp_instance/div6/div_19/u_div_u_fa_PartRem_0_12_7 | CI v -> CO v | FA1D1     | 0.075 |  12.729 |   -9.449 | 
     | sfp_instance/div6/div_19/u_div_u_fa_PartRem_0_12_8 | CI v -> CO v | FA1D2     | 0.087 |  12.816 |   -9.362 | 
     | sfp_instance/div6/div_19/FE_RC_24245_0             | B1 v -> ZN ^ | IND2D4    | 0.029 |  12.846 |   -9.332 | 
     | sfp_instance/div6/div_19/FE_RC_26087_0             | A1 ^ -> ZN v | ND2D4     | 0.027 |  12.872 |   -9.306 | 
     | sfp_instance/div6/div_19/FE_RC_31135_0             | A1 v -> ZN ^ | CKND2D4   | 0.030 |  12.902 |   -9.276 | 
     | sfp_instance/div6/div_19/FE_RC_33327_0             | A1 ^ -> ZN v | OAI21D4   | 0.033 |  12.935 |   -9.243 | 
     | sfp_instance/div6/div_19/FE_RC_36225_0             | A1 v -> ZN ^ | CKND2D4   | 0.033 |  12.968 |   -9.210 | 
     | sfp_instance/div6/div_19/FE_RC_38074_0             | A1 ^ -> ZN v | OAI21D4   | 0.031 |  13.000 |   -9.178 | 
     | sfp_instance/div6/div_19/FE_RC_28496_0             | B1 v -> ZN ^ | IND2D4    | 0.026 |  13.025 |   -9.153 | 
     | sfp_instance/div6/div_19/FE_RC_28695_0             | B1 ^ -> ZN v | IND2D4    | 0.024 |  13.049 |   -9.129 | 
     | sfp_instance/div6/div_19/FE_RC_21313_0             | A1 v -> ZN ^ | ND2D4     | 0.029 |  13.077 |   -9.101 | 
     | sfp_instance/div6/div_19/FE_RC_21314_0             | I ^ -> ZN v  | CKND12    | 0.031 |  13.108 |   -9.070 | 
     | sfp_instance/div6/div_19/FE_RC_37462_0             | A1 v -> ZN ^ | ND2D4     | 0.026 |  13.134 |   -9.044 | 
     | sfp_instance/div6/div_19/FE_RC_37460_0             | B ^ -> ZN v  | OAI21D4   | 0.044 |  13.177 |   -9.001 | 
     | sfp_instance/div6/div_19/FE_RC_4373_0              | A1 v -> ZN ^ | ND2D4     | 0.026 |  13.203 |   -8.975 | 
     | sfp_instance/div6/div_19/FE_RC_4372_0              | A1 ^ -> ZN v | ND2D4     | 0.026 |  13.230 |   -8.948 | 
     | sfp_instance/div6/div_19/FE_RC_5612_0              | A1 v -> ZN ^ | ND2D3     | 0.025 |  13.255 |   -8.923 | 
     | sfp_instance/div6/div_19/FE_RC_5611_0              | A1 ^ -> ZN v | ND2D4     | 0.024 |  13.279 |   -8.899 | 
     | sfp_instance/div6/div_19/FE_RC_49860_0             | A1 v -> ZN ^ | ND2D2     | 0.021 |  13.299 |   -8.879 | 
     | sfp_instance/div6/div_19/FE_RC_38241_0             | A1 ^ -> ZN v | CKND2D2   | 0.021 |  13.321 |   -8.857 | 
     | sfp_instance/div6/div_19/u_div_u_fa_PartRem_0_11_4 | CI v -> CO v | FA1D2     | 0.079 |  13.400 |   -8.778 | 
     | sfp_instance/div6/div_19/FE_RC_16309_0             | A1 v -> ZN ^ | ND2D2     | 0.026 |  13.426 |   -8.752 | 
     | sfp_instance/div6/div_19/FE_RC_16308_0             | A1 ^ -> ZN v | ND2D2     | 0.025 |  13.451 |   -8.727 | 
     | sfp_instance/div6/div_19/u_div_u_fa_PartRem_0_11_6 | CI v -> CO v | FA1D2     | 0.073 |  13.524 |   -8.654 | 
     | sfp_instance/div6/div_19/u_div_u_fa_PartRem_0_11_7 | CI v -> CO v | FA1D2     | 0.090 |  13.614 |   -8.564 | 
     | sfp_instance/div6/div_19/FE_RC_29466_0             | B1 v -> ZN ^ | IND2D4    | 0.030 |  13.644 |   -8.534 | 
     | sfp_instance/div6/div_19/FE_RC_32487_0             | A2 ^ -> ZN v | OAI211D4  | 0.042 |  13.686 |   -8.492 | 
     | sfp_instance/div6/div_19/FE_RC_43163_0             | A1 v -> ZN ^ | CKND2D4   | 0.039 |  13.725 |   -8.453 | 
     | sfp_instance/div6/div_19/FE_RC_51083_0             | B1 ^ -> ZN v | IND2D4    | 0.028 |  13.752 |   -8.426 | 
     | sfp_instance/div6/div_19/FE_RC_51177_0             | A1 v -> ZN ^ | ND2D4     | 0.022 |  13.774 |   -8.404 | 
     | sfp_instance/div6/div_19/FE_RC_34533_0             | A1 ^ -> ZN v | OAI21D4   | 0.031 |  13.806 |   -8.372 | 
     | sfp_instance/div6/div_19/FE_RC_22593_0             | A1 v -> Z v  | AN2D8     | 0.061 |  13.866 |   -8.312 | 
     | sfp_instance/div6/div_19/FE_RC_488_0               | B1 v -> ZN ^ | IND2D4    | 0.025 |  13.891 |   -8.287 | 
     | sfp_instance/div6/div_19/FE_RC_1012_0              | B1 ^ -> ZN v | IND2D4    | 0.026 |  13.917 |   -8.261 | 
     | sfp_instance/div6/div_19/FE_RC_14011_0             | A1 v -> ZN ^ | CKND2D4   | 0.025 |  13.942 |   -8.236 | 
     | sfp_instance/div6/div_19/FE_RC_14042_0             | A1 ^ -> ZN v | ND2D4     | 0.027 |  13.970 |   -8.208 | 
     | sfp_instance/div6/div_19/FE_RC_8365_0              | A1 v -> ZN ^ | ND2D2     | 0.021 |  13.991 |   -8.187 | 
     | sfp_instance/div6/div_19/FE_RC_8364_0              | A1 ^ -> ZN v | ND2D2     | 0.027 |  14.018 |   -8.160 | 
     | sfp_instance/div6/div_19/FE_RC_8276_0              | A1 v -> ZN ^ | ND2D2     | 0.023 |  14.040 |   -8.138 | 
     | sfp_instance/div6/div_19/FE_RC_8275_0              | A1 ^ -> ZN v | CKND2D2   | 0.021 |  14.062 |   -8.116 | 
     | sfp_instance/div6/div_19/u_div_u_fa_PartRem_0_10_4 | CI v -> CO v | FA1D2     | 0.085 |  14.147 |   -8.031 | 
     | sfp_instance/div6/div_19/FE_RC_22254_0             | A1 v -> ZN ^ | ND2D4     | 0.028 |  14.175 |   -8.003 | 
     | sfp_instance/div6/div_19/FE_RC_4615_0              | A1 ^ -> ZN v | ND2D4     | 0.027 |  14.202 |   -7.976 | 
     | sfp_instance/div6/div_19/FE_RC_4582_0              | B1 v -> ZN ^ | IND2D4    | 0.025 |  14.226 |   -7.952 | 
     | sfp_instance/div6/div_19/FE_RC_4581_0              | A1 ^ -> ZN v | ND2D4     | 0.027 |  14.253 |   -7.925 | 
     | sfp_instance/div6/div_19/FE_RC_5060_0              | A1 v -> ZN ^ | ND2D4     | 0.028 |  14.281 |   -7.897 | 
     | sfp_instance/div6/div_19/FE_RC_47217_0             | A2 ^ -> ZN v | OAI211D4  | 0.039 |  14.320 |   -7.858 | 
     | sfp_instance/div6/div_19/FE_RC_30627_0             | A1 v -> ZN ^ | ND2D4     | 0.030 |  14.350 |   -7.828 | 
     | sfp_instance/div6/div_19/FE_RC_30625_0             | B1 ^ -> ZN v | IND2D4    | 0.028 |  14.378 |   -7.800 | 
     | sfp_instance/div6/div_19/FE_RC_14520_0             | B1 v -> ZN ^ | IND2D4    | 0.021 |  14.399 |   -7.779 | 
     | sfp_instance/div6/div_19/FE_RC_14608_0             | A1 ^ -> ZN v | ND2D4     | 0.026 |  14.426 |   -7.752 | 
     | sfp_instance/div6/div_19/FE_RC_22327_0             | A1 v -> ZN ^ | ND2D4     | 0.026 |  14.452 |   -7.726 | 
     | sfp_instance/div6/div_19/FE_RC_41277_0             | B1 ^ -> ZN v | IND2D4    | 0.026 |  14.478 |   -7.700 | 
     | sfp_instance/div6/div_19/FE_RC_41276_0             | A1 v -> ZN ^ | CKND2D4   | 0.028 |  14.506 |   -7.672 | 
     | sfp_instance/div6/div_19/FE_RC_47868_0             | A2 ^ -> ZN v | OAI211D4  | 0.043 |  14.549 |   -7.629 | 
     | sfp_instance/div6/div_19/FE_RC_40725_0             | A1 v -> ZN ^ | ND2D4     | 0.030 |  14.578 |   -7.600 | 
     | sfp_instance/div6/div_19/FE_RC_40724_0             | A1 ^ -> ZN v | ND2D4     | 0.033 |  14.611 |   -7.567 | 
     | sfp_instance/div6/div_19/FE_RC_45726_0             | A1 v -> ZN ^ | AOI211XD4 | 0.056 |  14.667 |   -7.511 | 
     | sfp_instance/div6/div_19/FE_RC_45725_0             | A1 ^ -> ZN v | NR2XD8    | 0.047 |  14.714 |   -7.464 | 
     | sfp_instance/div6/div_19/FE_RC_13868_0             | A1 v -> ZN ^ | ND2D4     | 0.030 |  14.744 |   -7.434 | 
     | sfp_instance/div6/div_19/FE_RC_13866_0             | B ^ -> ZN v  | OAI21D4   | 0.036 |  14.780 |   -7.398 | 
     | sfp_instance/div6/div_19/u_div_u_fa_PartRem_0_9_2  | A v -> CO v  | FA1D1     | 0.148 |  14.928 |   -7.250 | 
     | sfp_instance/div6/div_19/u_div_u_fa_PartRem_0_9_3  | CI v -> CO v | FA1D1     | 0.073 |  15.001 |   -7.177 | 
     | sfp_instance/div6/div_19/u_div_u_fa_PartRem_0_9_4  | CI v -> CO v | FA1D2     | 0.086 |  15.087 |   -7.091 | 
     | sfp_instance/div6/div_19/FE_RC_4033_0              | B1 v -> ZN ^ | IND2D4    | 0.028 |  15.114 |   -7.064 | 
     | sfp_instance/div6/div_19/FE_RC_4032_0              | A1 ^ -> ZN v | CKND2D4   | 0.026 |  15.141 |   -7.037 | 
     | sfp_instance/div6/div_19/FE_RC_3980_0              | B1 v -> ZN ^ | IND2D4    | 0.026 |  15.167 |   -7.011 | 
     | sfp_instance/div6/div_19/FE_RC_32918_0             | A1 ^ -> ZN v | OAI21D4   | 0.029 |  15.195 |   -6.983 | 
     | sfp_instance/div6/div_19/FE_RC_10694_0             | A1 v -> ZN ^ | ND2D4     | 0.027 |  15.223 |   -6.955 | 
     | sfp_instance/div6/div_19/FE_RC_32652_0             | A2 ^ -> ZN v | OAI211D4  | 0.038 |  15.261 |   -6.917 | 
     | sfp_instance/div6/div_19/u_div_u_fa_PartRem_0_9_11 | CI v -> CO v | FA1D2     | 0.085 |  15.346 |   -6.832 | 
     | sfp_instance/div6/div_19/FE_RC_40091_0             | A2 v -> ZN ^ | OAI211D4  | 0.055 |  15.401 |   -6.777 | 
     | sfp_instance/div6/div_19/FE_RC_50219_0             | B1 ^ -> ZN v | IND2D4    | 0.033 |  15.435 |   -6.743 | 
     | sfp_instance/div6/div_19/FE_RC_50218_0             | A1 v -> ZN ^ | ND2D4     | 0.028 |  15.463 |   -6.715 | 
     | sfp_instance/div6/div_19/FE_RC_38124_0             | A1 ^ -> ZN v | ND2D4     | 0.028 |  15.491 |   -6.687 | 
     | sfp_instance/div6/div_19/U345_dup_dup              | A1 v -> Z v  | AN2D8     | 0.056 |  15.546 |   -6.632 | 
     | sfp_instance/div6/div_19/FE_RC_12526_0             | A1 v -> ZN ^ | ND2D4     | 0.024 |  15.571 |   -6.607 | 
     | sfp_instance/div6/div_19/FE_RC_12524_0             | B ^ -> ZN v  | OAI21D4   | 0.033 |  15.604 |   -6.574 | 
     | sfp_instance/div6/div_19/FE_RC_15771_0             | A1 v -> ZN ^ | ND2D2     | 0.028 |  15.632 |   -6.546 | 
     | sfp_instance/div6/div_19/FE_RC_15770_0             | A1 ^ -> ZN v | ND2D2     | 0.033 |  15.665 |   -6.513 | 
     | sfp_instance/div6/div_19/FE_RC_43637_0             | A1 v -> ZN ^ | ND2D2     | 0.025 |  15.690 |   -6.488 | 
     | sfp_instance/div6/div_19/FE_RC_43636_0             | A1 ^ -> ZN v | ND2D2     | 0.026 |  15.716 |   -6.462 | 
     | sfp_instance/div6/div_19/u_div_u_fa_PartRem_0_8_3  | CI v -> CO v | FA1D1     | 0.075 |  15.791 |   -6.387 | 
     | sfp_instance/div6/div_19/FE_RC_28236_0             | A1 v -> ZN ^ | ND2D2     | 0.028 |  15.819 |   -6.359 | 
     | sfp_instance/div6/div_19/FE_RC_28235_0             | A1 ^ -> ZN v | ND2D3     | 0.029 |  15.848 |   -6.330 | 
     | sfp_instance/div6/div_19/FE_RC_1818_0              | B1 v -> ZN ^ | IND2D4    | 0.025 |  15.873 |   -6.305 | 
     | sfp_instance/div6/div_19/FE_RC_1817_0              | A1 ^ -> ZN v | ND2D4     | 0.025 |  15.897 |   -6.281 | 
     | sfp_instance/div6/div_19/FE_RC_1776_0              | B1 v -> ZN ^ | IND2D4    | 0.025 |  15.923 |   -6.255 | 
     | sfp_instance/div6/div_19/FE_RC_19473_0             | A1 ^ -> ZN v | OAI21D4   | 0.027 |  15.950 |   -6.228 | 
     | sfp_instance/div6/div_19/FE_RC_22554_0             | A1 v -> ZN ^ | CKND2D4   | 0.028 |  15.978 |   -6.200 | 
     | sfp_instance/div6/div_19/FE_RC_22553_0             | A1 ^ -> ZN v | ND2D4     | 0.029 |  16.007 |   -6.171 | 
     | sfp_instance/div6/div_19/FE_RC_23958_0             | A1 v -> ZN ^ | CKND2D4   | 0.028 |  16.035 |   -6.143 | 
     | sfp_instance/div6/div_19/FE_RC_26089_0             | B1 ^ -> ZN v | IND2D4    | 0.021 |  16.057 |   -6.121 | 
     | sfp_instance/div6/div_19/u_div_u_fa_PartRem_0_8_11 | CI v -> CO v | FA1D2     | 0.070 |  16.127 |   -6.051 | 
     | sfp_instance/div6/div_19/u_div_u_fa_PartRem_0_8_12 | CI v -> CO v | FA1D2     | 0.090 |  16.217 |   -5.961 | 
     | sfp_instance/div6/div_19/FE_RC_39469_0             | A1 v -> ZN ^ | OAI21D4   | 0.045 |  16.263 |   -5.915 | 
     | sfp_instance/div6/div_19/FE_RC_27344_0             | B1 ^ -> ZN v | IND2D4    | 0.036 |  16.299 |   -5.879 | 
     | sfp_instance/div6/div_19/FE_RC_20958_0             | A1 v -> ZN ^ | ND2D4     | 0.026 |  16.325 |   -5.853 | 
     | sfp_instance/div6/div_19/FE_RC_51367_0             | B1 ^ -> ZN v | IND2D4    | 0.026 |  16.351 |   -5.827 | 
     | sfp_instance/div6/div_19/FE_RC_51373_0             | A1 v -> ZN ^ | ND2D4     | 0.023 |  16.374 |   -5.804 | 
     | sfp_instance/div6/div_19/FE_RC_49573_0_dup         | A1 ^ -> ZN v | ND2D4     | 0.025 |  16.399 |   -5.779 | 
     | sfp_instance/div6/div_19/FE_RC_51230_0             | B1 v -> ZN ^ | IND2D4    | 0.023 |  16.422 |   -5.756 | 
     | sfp_instance/div6/div_19/FE_RC_51229_0             | A1 ^ -> ZN v | ND2D4     | 0.028 |  16.451 |   -5.727 | 
     | sfp_instance/div6/div_19/FE_RC_22556_0             | A1 v -> ZN ^ | ND2D8     | 0.030 |  16.481 |   -5.697 | 
     | sfp_instance/div6/div_19/FE_OCPC4335_n83           | I ^ -> ZN v  | INVD16    | 0.021 |  16.502 |   -5.676 | 
     | sfp_instance/div6/div_19/FE_RC_990_0               | A1 v -> Z v  | OR2D4     | 0.067 |  16.569 |   -5.609 | 
     | sfp_instance/div6/div_19/FE_RC_989_0               | A1 v -> ZN ^ | ND2D4     | 0.021 |  16.590 |   -5.588 | 
     | sfp_instance/div6/div_19/FE_RC_14742_0             | A1 ^ -> ZN v | ND2D2     | 0.021 |  16.611 |   -5.567 | 
     | sfp_instance/div6/div_19/FE_RC_14741_0             | A1 v -> ZN ^ | ND2D2     | 0.029 |  16.641 |   -5.537 | 
     | sfp_instance/div6/div_19/FE_RC_43226_0             | A1 ^ -> ZN v | CKND2D2   | 0.027 |  16.668 |   -5.510 | 
     | sfp_instance/div6/div_19/FE_RC_43225_0             | B v -> ZN ^  | IOA21D2   | 0.026 |  16.694 |   -5.484 | 
     | sfp_instance/div6/div_19/FE_RC_1328_0              | A1 ^ -> ZN v | ND2D2     | 0.034 |  16.728 |   -5.450 | 
     | sfp_instance/div6/div_19/FE_RC_1327_0              | A1 v -> ZN ^ | CKND2D4   | 0.029 |  16.757 |   -5.421 | 
     | sfp_instance/div6/div_19/FE_RC_1307_0              | B1 ^ -> ZN v | IND2D4    | 0.030 |  16.787 |   -5.391 | 
     | sfp_instance/div6/div_19/FE_RC_1306_0              | A1 v -> ZN ^ | CKND2D4   | 0.026 |  16.813 |   -5.365 | 
     | sfp_instance/div6/div_19/FE_RC_8487_0              | A1 ^ -> ZN v | ND2D4     | 0.029 |  16.842 |   -5.336 | 
     | sfp_instance/div6/div_19/FE_RC_9947_0              | A1 v -> ZN ^ | CKND2D4   | 0.026 |  16.868 |   -5.310 | 
     | sfp_instance/div6/div_19/FE_RC_39437_0             | A1 ^ -> ZN v | ND2D4     | 0.027 |  16.894 |   -5.284 | 
     | sfp_instance/div6/div_19/FE_RC_39436_0             | B1 v -> ZN ^ | IND2D4    | 0.022 |  16.916 |   -5.262 | 
     | sfp_instance/div6/div_19/FE_RC_2621_0              | B1 ^ -> ZN v | IND2D4    | 0.027 |  16.943 |   -5.235 | 
     | sfp_instance/div6/div_19/FE_RC_23402_0             | A2 v -> ZN ^ | OAI211D4  | 0.038 |  16.981 |   -5.197 | 
     | sfp_instance/div6/div_19/FE_RC_31027_0             | A1 ^ -> ZN v | ND2D2     | 0.029 |  17.010 |   -5.168 | 
     | sfp_instance/div6/div_19/FE_RC_31194_0             | A1 v -> ZN ^ | CKND2D2   | 0.026 |  17.036 |   -5.142 | 
     | sfp_instance/div6/div_19/u_div_u_fa_PartRem_0_7_11 | CI ^ -> CO ^ | FA1D1     | 0.067 |  17.103 |   -5.075 | 
     | sfp_instance/div6/div_19/u_div_u_fa_PartRem_0_7_12 | CI ^ -> CO ^ | FA1D1     | 0.070 |  17.173 |   -5.005 | 
     | sfp_instance/div6/div_19/u_div_u_fa_PartRem_0_7_13 | CI ^ -> CO ^ | FA1D1     | 0.070 |  17.244 |   -4.934 | 
     | sfp_instance/div6/div_19/u_div_u_fa_PartRem_0_7_14 | CI ^ -> CO ^ | FA1D2     | 0.067 |  17.311 |   -4.867 | 
     | sfp_instance/div6/div_19/u_div_u_fa_PartRem_0_7_15 | CI ^ -> CO ^ | FA1D1     | 0.070 |  17.381 |   -4.797 | 
     | sfp_instance/div6/div_19/u_div_u_fa_PartRem_0_7_16 | CI ^ -> CO ^ | FA1D1     | 0.069 |  17.450 |   -4.728 | 
     | sfp_instance/div6/div_19/u_div_u_fa_PartRem_0_7_17 | CI ^ -> CO ^ | FA1D2     | 0.071 |  17.521 |   -4.657 | 
     | sfp_instance/div6/div_19/FE_RC_28178_0             | A2 ^ -> ZN v | OAI211D4  | 0.042 |  17.563 |   -4.615 | 
     | sfp_instance/div6/div_19/FE_RC_28128_0             | A1 v -> ZN ^ | CKND2D4   | 0.043 |  17.605 |   -4.573 | 
     | sfp_instance/div6/div_19/FE_RC_46873_0             | A2 ^ -> ZN v | OAI211D4  | 0.046 |  17.652 |   -4.526 | 
     | sfp_instance/div6/div_19/FE_RC_19315_0             | A1 v -> ZN ^ | CKND2D8   | 0.067 |  17.719 |   -4.459 | 
     | sfp_instance/div6/div_19/FE_RC_39706_0             | B1 ^ -> ZN v | IND2D4    | 0.039 |  17.758 |   -4.420 | 
     | sfp_instance/div6/div_19/FE_RC_48008_0             | B v -> ZN ^  | OAI21D4   | 0.044 |  17.802 |   -4.376 | 
     | sfp_instance/div6/div_19/FE_RC_47643_0             | B1 ^ -> ZN v | INR2XD2   | 0.035 |  17.837 |   -4.341 | 
     | sfp_instance/div6/div_19/FE_RC_47644_0             | I v -> ZN ^  | CKND2     | 0.023 |  17.859 |   -4.318 | 
     | sfp_instance/div6/div_19/FE_RC_43334_0             | A2 ^ -> ZN v | ND2D2     | 0.030 |  17.890 |   -4.288 | 
     | sfp_instance/div6/div_19/FE_RC_43333_0             | A1 v -> ZN ^ | ND2D3     | 0.031 |  17.921 |   -4.257 | 
     | sfp_instance/div6/div_19/FE_RC_51463_0             | A1 ^ -> ZN v | ND2D3     | 0.034 |  17.955 |   -4.223 | 
     | sfp_instance/div6/div_19/FE_RC_51462_0             | A1 v -> ZN ^ | ND2D3     | 0.024 |  17.979 |   -4.199 | 
     | sfp_instance/div6/div_19/u_div_u_fa_PartRem_0_6_4  | CI ^ -> CO ^ | FA1D1     | 0.070 |  18.049 |   -4.129 | 
     | sfp_instance/div6/div_19/u_div_u_fa_PartRem_0_6_5  | CI ^ -> CO ^ | FA1D1     | 0.069 |  18.117 |   -4.061 | 
     | sfp_instance/div6/div_19/u_div_u_fa_PartRem_0_6_6  | CI ^ -> CO ^ | FA1D1     | 0.067 |  18.184 |   -3.994 | 
     | sfp_instance/div6/div_19/u_div_u_fa_PartRem_0_6_7  | CI ^ -> CO ^ | FA1D2     | 0.076 |  18.260 |   -3.918 | 
     | sfp_instance/div6/div_19/FE_RC_32410_0             | A1 ^ -> ZN v | ND2D4     | 0.031 |  18.291 |   -3.887 | 
     | sfp_instance/div6/div_19/FE_RC_32409_0             | A1 v -> ZN ^ | ND2D4     | 0.023 |  18.314 |   -3.864 | 
     | sfp_instance/div6/div_19/FE_RC_51430_0             | A1 ^ -> ZN v | ND2D2     | 0.026 |  18.340 |   -3.838 | 
     | sfp_instance/div6/div_19/FE_RC_51429_0             | A1 v -> ZN ^ | CKND2D2   | 0.027 |  18.367 |   -3.811 | 
     | sfp_instance/div6/div_19/u_div_u_fa_PartRem_0_6_12 | CI ^ -> CO ^ | FA1D2     | 0.081 |  18.448 |   -3.730 | 
     | sfp_instance/div6/div_19/FE_RC_47048_0             | A1 ^ -> ZN v | AOI211XD4 | 0.048 |  18.496 |   -3.682 | 
     | sfp_instance/div6/div_19/FE_RC_47049_0             | I v -> ZN ^  | INVD6     | 0.027 |  18.524 |   -3.654 | 
     | sfp_instance/div6/div_19/FE_RC_3346_0              | B1 ^ -> ZN v | IND2D4    | 0.026 |  18.549 |   -3.629 | 
     | sfp_instance/div6/div_19/FE_RC_40215_0             | B1 v -> ZN ^ | IND2D4    | 0.025 |  18.575 |   -3.603 | 
     | sfp_instance/div6/div_19/FE_RC_40214_0             | A1 ^ -> ZN v | ND2D8     | 0.035 |  18.610 |   -3.568 | 
     | sfp_instance/div6/div_19/FE_OCPC4510_div_out6_6_   | I v -> ZN ^  | INVD16    | 0.028 |  18.638 |   -3.540 | 
     | sfp_instance/div6/div_19/U195                      | A1 ^ -> ZN ^ | INR2XD4   | 0.054 |  18.691 |   -3.487 | 
     | sfp_instance/div6/div_19/FE_RC_21668_0             | A1 ^ -> ZN v | ND2D4     | 0.032 |  18.723 |   -3.455 | 
     | sfp_instance/div6/div_19/FE_RC_30839_0             | A1 v -> ZN ^ | ND2D4     | 0.025 |  18.748 |   -3.429 | 
     | sfp_instance/div6/div_19/FE_RC_17877_0             | A1 ^ -> ZN v | ND2D4     | 0.027 |  18.776 |   -3.402 | 
     | sfp_instance/div6/div_19/FE_RC_17876_0             | A1 v -> ZN ^ | CKND2D4   | 0.024 |  18.799 |   -3.378 | 
     | sfp_instance/div6/div_19/FE_RC_2137_0              | A1 ^ -> ZN v | ND2D2     | 0.030 |  18.830 |   -3.348 | 
     | sfp_instance/div6/div_19/FE_RC_30410_0             | A1 v -> ZN ^ | ND2D2     | 0.027 |  18.856 |   -3.322 | 
     | sfp_instance/div6/div_19/FE_RC_16211_0             | A1 ^ -> ZN v | ND2D2     | 0.027 |  18.883 |   -3.295 | 
     | sfp_instance/div6/div_19/FE_RC_16210_0             | A1 v -> ZN ^ | CKND2D2   | 0.027 |  18.909 |   -3.268 | 
     | sfp_instance/div6/div_19/FE_RC_8397_0              | A1 ^ -> ZN v | ND2D2     | 0.032 |  18.942 |   -3.236 | 
     | sfp_instance/div6/div_19/FE_RC_9965_0              | A1 v -> ZN ^ | CKND2D4   | 0.027 |  18.969 |   -3.209 | 
     | sfp_instance/div6/div_19/FE_RC_3052_0              | B1 ^ -> ZN v | IND2D4    | 0.026 |  18.995 |   -3.183 | 
     | sfp_instance/div6/div_19/FE_RC_3051_0              | A1 v -> ZN ^ | CKND2D4   | 0.028 |  19.023 |   -3.155 | 
     | sfp_instance/div6/div_19/FE_RC_33002_0             | B1 ^ -> ZN v | IND2D4    | 0.033 |  19.056 |   -3.122 | 
     | sfp_instance/div6/div_19/FE_RC_33000_0             | B1 v -> ZN ^ | IND2D4    | 0.023 |  19.079 |   -3.099 | 
     | sfp_instance/div6/div_19/FE_RC_2789_0              | B1 ^ -> ZN v | IND2D4    | 0.026 |  19.105 |   -3.073 | 
     | sfp_instance/div6/div_19/FE_RC_28803_0             | A1 v -> ZN ^ | OAI21D4   | 0.040 |  19.145 |   -3.033 | 
     | sfp_instance/div6/div_19/FE_RC_26730_0             | A2 ^ -> ZN v | OAI211D4  | 0.045 |  19.190 |   -2.988 | 
     | sfp_instance/div6/div_19/FE_RC_26729_0             | A1 v -> ZN ^ | ND2D4     | 0.030 |  19.220 |   -2.958 | 
     | sfp_instance/div6/div_19/FE_RC_2404_0              | B1 ^ -> ZN v | IND2D4    | 0.027 |  19.246 |   -2.932 | 
     | sfp_instance/div6/div_19/FE_RC_51434_0             | B1 v -> ZN ^ | IND2D4    | 0.022 |  19.268 |   -2.910 | 
     | sfp_instance/div6/div_19/FE_RC_51433_0             | A1 ^ -> ZN v | ND2D4     | 0.027 |  19.294 |   -2.884 | 
     | sfp_instance/div6/div_19/FE_RC_41213_0             | B1 v -> ZN ^ | IND2D4    | 0.022 |  19.316 |   -2.862 | 
     | sfp_instance/div6/div_19/FE_RC_41219_0             | B1 ^ -> ZN v | IND2D4    | 0.024 |  19.340 |   -2.838 | 
     | sfp_instance/div6/div_19/FE_RC_38998_0             | A1 v -> ZN ^ | ND2D4     | 0.024 |  19.364 |   -2.814 | 
     | sfp_instance/div6/div_19/FE_RC_48367_0             | A2 ^ -> ZN v | OAI211D4  | 0.047 |  19.411 |   -2.767 | 
     | sfp_instance/div6/div_19/FE_RC_48366_0             | A1 v -> ZN ^ | ND2D8     | 0.049 |  19.460 |   -2.718 | 
     | sfp_instance/div6/div_19/FE_RC_13742_0             | A1 ^ -> ZN ^ | IND2D4    | 0.055 |  19.515 |   -2.663 | 
     | sfp_instance/div6/div_19/FE_RC_40212_0             | B2 ^ -> ZN v | IND3D4    | 0.048 |  19.563 |   -2.615 | 
     | sfp_instance/div6/div_19/FE_RC_8647_0              | A1 v -> ZN ^ | ND2D3     | 0.030 |  19.593 |   -2.585 | 
     | sfp_instance/div6/div_19/FE_RC_8646_0              | A1 ^ -> ZN v | CKND2D4   | 0.024 |  19.616 |   -2.562 | 
     | sfp_instance/div6/div_19/FE_RC_8600_0              | A1 v -> ZN ^ | ND2D4     | 0.021 |  19.637 |   -2.541 | 
     | sfp_instance/div6/div_19/FE_RC_9949_0              | A1 ^ -> ZN v | CKND2D4   | 0.023 |  19.660 |   -2.518 | 
     | sfp_instance/div6/div_19/FE_RC_1248_0              | B1 v -> ZN ^ | IND2D4    | 0.022 |  19.682 |   -2.496 | 
     | sfp_instance/div6/div_19/FE_RC_1247_0              | A1 ^ -> ZN v | CKND2D4   | 0.025 |  19.708 |   -2.470 | 
     | sfp_instance/div6/div_19/FE_RC_1211_0              | B1 v -> ZN ^ | IND2D4    | 0.024 |  19.731 |   -2.446 | 
     | sfp_instance/div6/div_19/FE_RC_1210_0              | A1 ^ -> ZN v | ND2D4     | 0.023 |  19.755 |   -2.423 | 
     | sfp_instance/div6/div_19/FE_RC_1177_0              | B1 v -> ZN ^ | IND2D4    | 0.021 |  19.775 |   -2.403 | 
     | sfp_instance/div6/div_19/FE_RC_1176_0              | A1 ^ -> ZN v | CKND2D4   | 0.025 |  19.800 |   -2.377 | 
     | sfp_instance/div6/div_19/FE_RC_21595_0             | A1 v -> ZN ^ | CKND2D4   | 0.028 |  19.829 |   -2.349 | 
     | sfp_instance/div6/div_19/FE_RC_21594_0             | A1 ^ -> ZN v | CKND2D4   | 0.025 |  19.854 |   -2.324 | 
     | sfp_instance/div6/div_19/FE_RC_21932_0             | B1 v -> ZN ^ | IND2D4    | 0.025 |  19.878 |   -2.300 | 
     | sfp_instance/div6/div_19/FE_RC_36753_0             | A2 ^ -> ZN v | OAI211D4  | 0.043 |  19.921 |   -2.257 | 
     | sfp_instance/div6/div_19/FE_RC_35343_0             | A1 v -> ZN ^ | ND2D4     | 0.034 |  19.955 |   -2.223 | 
     | sfp_instance/div6/div_19/FE_RC_47017_0             | A2 ^ -> ZN v | OAI211D4  | 0.035 |  19.990 |   -2.187 | 
     | sfp_instance/div6/div_19/u_div_u_fa_PartRem_0_4_12 | CI v -> CO v | FA1D2     | 0.079 |  20.069 |   -2.109 | 
     | sfp_instance/div6/div_19/u_div_u_fa_PartRem_0_4_13 | CI v -> CO v | FA1D1     | 0.075 |  20.144 |   -2.034 | 
     | sfp_instance/div6/div_19/u_div_u_fa_PartRem_0_4_14 | CI v -> CO v | FA1D1     | 0.075 |  20.219 |   -1.959 | 
     | sfp_instance/div6/div_19/u_div_u_fa_PartRem_0_4_15 | CI v -> CO v | FA1D1     | 0.073 |  20.292 |   -1.886 | 
     | sfp_instance/div6/div_19/u_div_u_fa_PartRem_0_4_16 | CI v -> CO v | FA1D2     | 0.092 |  20.384 |   -1.794 | 
     | sfp_instance/div6/div_19/FE_RC_51294_0             | A2 v -> ZN ^ | OAI211D4  | 0.063 |  20.446 |   -1.731 | 
     | sfp_instance/div6/div_19/FE_RC_45977_0             | A1 ^ -> ZN v | ND2D4     | 0.033 |  20.480 |   -1.698 | 
     | sfp_instance/div6/div_19/FE_RC_45975_0             | A1 v -> ZN ^ | ND2D4     | 0.031 |  20.511 |   -1.667 | 
     | sfp_instance/div6/div_19/FE_RC_45976_0             | I ^ -> ZN v  | INVD12    | 0.028 |  20.539 |   -1.639 | 
     | sfp_instance/div6/div_19/FE_RC_45774_0             | A1 v -> ZN ^ | ND2D4     | 0.030 |  20.569 |   -1.609 | 
     | sfp_instance/div6/div_19/FE_RC_45772_0             | B ^ -> ZN v  | OAI21D4   | 0.038 |  20.607 |   -1.571 | 
     | sfp_instance/div6/div_19/u_div_u_fa_PartRem_0_3_2  | A v -> CO v  | FA1D4     | 0.157 |  20.764 |   -1.414 | 
     | sfp_instance/div6/div_19/FE_RC_3880_0              | B1 v -> ZN ^ | IND2D4    | 0.025 |  20.789 |   -1.389 | 
     | sfp_instance/div6/div_19/FE_RC_3879_0              | A1 ^ -> ZN v | CKND2D4   | 0.023 |  20.812 |   -1.366 | 
     | sfp_instance/div6/div_19/FE_RC_3838_0              | B1 v -> ZN ^ | IND2D4    | 0.024 |  20.836 |   -1.342 | 
     | sfp_instance/div6/div_19/FE_RC_3837_0              | A1 ^ -> ZN v | CKND2D4   | 0.023 |  20.859 |   -1.319 | 
     | sfp_instance/div6/div_19/FE_RC_47328_0             | A1 v -> ZN ^ | ND2D4     | 0.023 |  20.882 |   -1.296 | 
     | sfp_instance/div6/div_19/FE_RC_47327_0             | A1 ^ -> ZN v | CKND2D4   | 0.022 |  20.903 |   -1.274 | 
     | sfp_instance/div6/div_19/FE_RC_14448_0             | B1 v -> ZN ^ | IND2D4    | 0.021 |  20.924 |   -1.254 | 
     | sfp_instance/div6/div_19/FE_RC_14447_0             | A1 ^ -> ZN v | CKND2D4   | 0.023 |  20.947 |   -1.231 | 
     | sfp_instance/div6/div_19/FE_RC_3667_0              | B1 v -> ZN ^ | IND2D4    | 0.027 |  20.974 |   -1.204 | 
     | sfp_instance/div6/div_19/FE_RC_45732_0             | A1 ^ -> ZN v | OAI21D4   | 0.030 |  21.004 |   -1.173 | 
     | sfp_instance/div6/div_19/FE_RC_34127_0             | A2 v -> ZN ^ | OAI211D4  | 0.053 |  21.057 |   -1.121 | 
     | sfp_instance/div6/div_19/FE_RC_45553_0             | A2 ^ -> ZN v | OAI211D4  | 0.043 |  21.101 |   -1.077 | 
     | sfp_instance/div6/div_19/u_div_u_fa_PartRem_0_3_14 | CI v -> CO v | FA1D1     | 0.076 |  21.177 |   -1.001 | 
     | sfp_instance/div6/div_19/u_div_u_fa_PartRem_0_3_15 | CI v -> CO v | FA1D2     | 0.081 |  21.258 |   -0.920 | 
     | sfp_instance/div6/div_19/u_div_u_fa_PartRem_0_3_16 | CI v -> CO v | FA1D1     | 0.076 |  21.334 |   -0.844 | 
     | sfp_instance/div6/div_19/u_div_u_fa_PartRem_0_3_17 | CI v -> CO v | FA1D2     | 0.089 |  21.423 |   -0.755 | 
     | sfp_instance/div6/div_19/FE_RC_51232_0             | A2 v -> ZN ^ | OAI211D4  | 0.048 |  21.471 |   -0.707 | 
     | sfp_instance/div6/div_19/FE_RC_49325_0             | A1 ^ -> ZN v | ND2D4     | 0.034 |  21.505 |   -0.673 | 
     | sfp_instance/div6/div_19/FE_RC_51354_0             | B1 v -> ZN ^ | IND2D4    | 0.029 |  21.534 |   -0.644 | 
     | sfp_instance/div6/div_19/FE_RC_51353_0             | A1 ^ -> ZN v | ND2D8     | 0.059 |  21.593 |   -0.585 | 
     | sfp_instance/div6/div_19/FE_OCPC4612_div_out6_3_   | I v -> ZN ^  | INVD12    | 0.033 |  21.626 |   -0.552 | 
     | sfp_instance/div6/div_19/FE_OCPC4613_div_out6_3_   | I ^ -> ZN v  | CKND16    | 0.023 |  21.649 |   -0.529 | 
     | sfp_instance/div6/div_19/FE_RC_28393_0             | A1 v -> ZN ^ | CKND2D4   | 0.031 |  21.680 |   -0.498 | 
     | sfp_instance/div6/div_19/FE_RC_28391_0             | B ^ -> ZN v  | OAI21D4   | 0.038 |  21.718 |   -0.460 | 
     | sfp_instance/div6/div_19/FE_OCPC7746_u_div_PartRem | I v -> ZN ^  | INVD2     | 0.024 |  21.741 |   -0.436 | 
     | _3__3_                                             |              |           |       |         |          | 
     | sfp_instance/div6/div_19/FE_RC_49931_0             | A1 ^ -> ZN v | ND2D2     | 0.021 |  21.763 |   -0.415 | 
     | sfp_instance/div6/div_19/FE_RC_49930_0             | A2 v -> ZN ^ | CKND2D2   | 0.030 |  21.793 |   -0.385 | 
     | sfp_instance/div6/div_19/FE_RC_1913_0              | A1 ^ -> ZN v | ND2D2     | 0.034 |  21.827 |   -0.351 | 
     | sfp_instance/div6/div_19/FE_RC_1695_0              | B1 v -> ZN ^ | IND2D4    | 0.026 |  21.854 |   -0.324 | 
     | sfp_instance/div6/div_19/FE_RC_1694_0              | A1 ^ -> ZN v | ND2D4     | 0.026 |  21.880 |   -0.298 | 
     | sfp_instance/div6/div_19/FE_RC_1675_0              | B1 v -> ZN ^ | IND2D4    | 0.024 |  21.904 |   -0.274 | 
     | sfp_instance/div6/div_19/FE_RC_1674_0              | A1 ^ -> ZN v | ND2D4     | 0.024 |  21.928 |   -0.250 | 
     | sfp_instance/div6/div_19/FE_RC_1591_0              | B1 v -> ZN ^ | IND2D4    | 0.023 |  21.951 |   -0.227 | 
     | sfp_instance/div6/div_19/FE_RC_1590_0              | A1 ^ -> ZN v | ND2D4     | 0.025 |  21.977 |   -0.201 | 
     | sfp_instance/div6/div_19/FE_RC_1559_0              | B1 v -> ZN ^ | IND2D4    | 0.027 |  22.004 |   -0.174 | 
     | sfp_instance/div6/div_19/FE_RC_45679_0             | A2 ^ -> ZN v | OAI211D4  | 0.039 |  22.043 |   -0.135 | 
     | sfp_instance/div6/div_19/FE_RC_15899_0             | A1 v -> ZN ^ | CKND2D4   | 0.040 |  22.083 |   -0.095 | 
     | sfp_instance/div6/div_19/FE_RC_45736_0             | A2 ^ -> ZN v | OAI211D4  | 0.049 |  22.131 |   -0.047 | 
     | sfp_instance/div6/div_19/FE_RC_10427_0             | B1 v -> ZN ^ | IND2D4    | 0.036 |  22.168 |   -0.010 | 
     | sfp_instance/div6/div_19/FE_RC_50665_0             | A2 ^ -> ZN v | OAI211D4  | 0.041 |  22.209 |    0.031 | 
     | sfp_instance/div6/div_19/FE_RC_32221_0             | A1 v -> ZN ^ | ND2D4     | 0.034 |  22.243 |    0.066 | 
     | sfp_instance/div6/div_19/FE_RC_46363_0             | A1 ^ -> ZN v | OAI21D4   | 0.037 |  22.280 |    0.102 | 
     | sfp_instance/div6/div_19/FE_RC_49403_0             | A1 v -> ZN ^ | ND2D4     | 0.026 |  22.306 |    0.129 | 
     | sfp_instance/div6/div_19/FE_RC_49657_0             | A1 ^ -> ZN v | ND2D4     | 0.026 |  22.332 |    0.154 | 
     | sfp_instance/div6/div_19/FE_RC_38896_0             | B1 v -> ZN ^ | IND2D4    | 0.021 |  22.353 |    0.175 | 
     | sfp_instance/div6/div_19/FE_RC_39558_0             | A1 ^ -> ZN v | ND2D4     | 0.026 |  22.379 |    0.201 | 
     | sfp_instance/div6/div_19/FE_RC_39254_0             | A1 v -> ZN ^ | ND2D4     | 0.025 |  22.404 |    0.226 | 
     | sfp_instance/div6/div_19/FE_RC_45747_0             | B1 ^ -> ZN v | IND2D4    | 0.032 |  22.436 |    0.258 | 
     | sfp_instance/div6/div_19/FE_RC_45746_0             | A1 v -> ZN ^ | CKND2D8   | 0.034 |  22.470 |    0.292 | 
     | sfp_instance/div6/div_19/U95                       | A1 ^ -> ZN v | ND2D8     | 0.048 |  22.518 |    0.340 | 
     | sfp_instance/div6/div_19/FE_RC_15563_0             | A1 v -> ZN ^ | ND2D2     | 0.042 |  22.560 |    0.382 | 
     | sfp_instance/div6/div_19/FE_RC_15562_0             | A2 ^ -> ZN v | ND2D4     | 0.034 |  22.594 |    0.416 | 
     | sfp_instance/div6/div_19/FE_RC_4242_0              | A1 v -> Z v  | OR2D4     | 0.064 |  22.658 |    0.480 | 
     | sfp_instance/div6/div_19/FE_RC_34177_0             | A2 v -> ZN ^ | ND2D4     | 0.027 |  22.685 |    0.507 | 
     | sfp_instance/div6/div_19/FE_RC_14393_0             | B1 ^ -> ZN v | IND2D4    | 0.026 |  22.711 |    0.533 | 
     | sfp_instance/div6/div_19/FE_RC_14939_0             | A1 v -> ZN ^ | ND2D4     | 0.021 |  22.732 |    0.554 | 
     | sfp_instance/div6/div_19/FE_RC_14938_0             | A1 ^ -> ZN v | CKND2D4   | 0.023 |  22.755 |    0.577 | 
     | sfp_instance/div6/div_19/FE_RC_11134_0             | A1 v -> ZN ^ | ND2D4     | 0.022 |  22.777 |    0.599 | 
     | sfp_instance/div6/div_19/FE_RC_11133_0             | A1 ^ -> ZN v | CKND2D4   | 0.024 |  22.800 |    0.623 | 
     | sfp_instance/div6/div_19/FE_RC_28238_0             | A1 v -> ZN ^ | ND2D4     | 0.021 |  22.822 |    0.644 | 
     | sfp_instance/div6/div_19/FE_RC_28237_0             | A1 ^ -> ZN v | CKND2D4   | 0.024 |  22.845 |    0.668 | 
     | sfp_instance/div6/div_19/FE_RC_22300_0             | A1 v -> ZN ^ | ND2D4     | 0.024 |  22.869 |    0.691 | 
     | sfp_instance/div6/div_19/FE_RC_29552_0             | B1 ^ -> ZN v | IND2D4    | 0.028 |  22.897 |    0.719 | 
     | sfp_instance/div6/div_19/FE_RC_51291_0             | B1 v -> ZN ^ | IND2D4    | 0.021 |  22.919 |    0.741 | 
     | sfp_instance/div6/div_19/FE_RC_51290_0             | A1 ^ -> ZN v | ND2D4     | 0.025 |  22.944 |    0.766 | 
     | sfp_instance/div6/div_19/FE_RC_4841_0              | B1 v -> ZN ^ | IND2D4    | 0.021 |  22.965 |    0.787 | 
     | sfp_instance/div6/div_19/FE_RC_4840_0              | A1 ^ -> ZN v | ND2D4     | 0.027 |  22.992 |    0.814 | 
     | sfp_instance/div6/div_19/FE_RC_10575_0             | B1 v -> ZN ^ | IND2D4    | 0.028 |  23.019 |    0.842 | 
     | sfp_instance/div6/div_19/FE_RC_47211_0             | A2 ^ -> ZN v | OAI211D4  | 0.042 |  23.061 |    0.883 | 
     | sfp_instance/div6/div_19/FE_RC_48520_0             | A1 v -> ZN ^ | ND2D4     | 0.031 |  23.092 |    0.915 | 
     | sfp_instance/div6/div_19/FE_RC_48519_0             | A1 ^ -> ZN v | ND2D4     | 0.024 |  23.116 |    0.938 | 
     | sfp_instance/div6/div_19/FE_RC_36237_0             | A1 v -> ZN ^ | ND2D2     | 0.021 |  23.137 |    0.960 | 
     | sfp_instance/div6/div_19/FE_RC_36236_0             | A1 ^ -> ZN v | ND2D2     | 0.025 |  23.163 |    0.985 | 
     | sfp_instance/div6/div_19/u_div_u_fa_PartRem_0_1_18 | CI v -> CO v | FA1D1     | 0.071 |  23.233 |    1.055 | 
     | sfp_instance/div6/div_19/u_div_u_fa_PartRem_0_1_19 | CI v -> CO v | FA1D2     | 0.086 |  23.319 |    1.141 | 
     | sfp_instance/div6/div_19/FE_RC_33978_0             | B1 v -> ZN ^ | IND2D4    | 0.033 |  23.352 |    1.175 | 
     | sfp_instance/div6/div_19/FE_RC_34536_0             | A1 ^ -> ZN v | ND2D8     | 0.044 |  23.396 |    1.219 | 
     | sfp_instance/div6/div_19/FE_RC_19852_0             | A1 v -> ZN ^ | CKND2D4   | 0.029 |  23.425 |    1.248 | 
     | sfp_instance/div6/div_19/FE_RC_28351_0             | I ^ -> ZN v  | CKND2     | 0.016 |  23.441 |    1.263 | 
     | sfp_instance/div6/div_19/FE_RC_28350_0             | A1 v -> ZN ^ | NR2XD1    | 0.025 |  23.466 |    1.288 | 
     | sfp_instance/div6/div_19/FE_RC_19687_0             | B ^ -> CO ^  | FCICIND2  | 0.114 |  23.580 |    1.403 | 
     | sfp_instance/div6/div_19/FE_RC_30475_0             | A1 ^ -> ZN v | OAI21D4   | 0.034 |  23.614 |    1.436 | 
     | sfp_instance/div6/div_19/FE_RC_23428_0             | A1 v -> ZN ^ | AOI21D4   | 0.040 |  23.654 |    1.476 | 
     | sfp_instance/div6/div_19/FE_RC_23649_0             | A1 ^ -> ZN v | OAI21D4   | 0.033 |  23.687 |    1.509 | 
     | sfp_instance/div6/div_19/FE_RC_23426_0             | A1 v -> ZN ^ | AOI21D4   | 0.041 |  23.728 |    1.550 | 
     | sfp_instance/div6/div_19/FE_RC_23425_0             | A1 ^ -> ZN v | OAI21D4   | 0.038 |  23.766 |    1.588 | 
     | sfp_instance/div6/div_19/FE_RC_28322_0             | A1 v -> ZN ^ | OAI21D4   | 0.042 |  23.808 |    1.630 | 
     | sfp_instance/div6/div_19/FE_RC_29125_0             | A1 ^ -> ZN v | ND2D3     | 0.030 |  23.838 |    1.660 | 
     | sfp_instance/div6/div_19/FE_RC_39717_0             | B1 v -> ZN ^ | IND2D4    | 0.023 |  23.862 |    1.684 | 
     | sfp_instance/div6/div_19/FE_RC_39716_0             | A1 ^ -> ZN v | ND2D4     | 0.023 |  23.884 |    1.706 | 
     | sfp_instance/div6/div_19/FE_RC_26328_0             | A1 v -> ZN ^ | AOI21D4   | 0.053 |  23.937 |    1.759 | 
     | sfp_instance/div6/div_19/FE_RC_23419_0             | A1 ^ -> ZN v | OAI21D4   | 0.041 |  23.978 |    1.800 | 
     | sfp_instance/sfp_out_sign6_reg_0_                  | D v          | EDFKCNQD1 | 0.000 |  23.978 |    1.800 | 
     +------------------------------------------------------------------------------------------------------------+ 
Path 4: VIOLATED Setup Check with Pin sfp_instance/sfp_out_sign2_reg_1_/CP 
Endpoint:   sfp_instance/sfp_out_sign2_reg_1_/D     (^) checked with  leading 
edge of 'clk'
Beginpoint: sfp_instance/fifo_inst_int/q15_reg_3_/Q (v) triggered by  leading 
edge of 'clk'
Path Groups: {clk}
Analysis View: WC_VIEW
Other End Arrival Time          0.725
- Setup                         0.146
+ Phase Shift                   1.000
+ CPPR Adjustment               0.000
= Required Time                 1.579
- Arrival Time                 23.721
= Slack Time                  -22.142
     Clock Rise Edge                 0.000
     + Clock Network Latency (Prop)  0.725
     = Beginpoint Arrival Time       0.725
     +------------------------------------------------------------------------------------------------------------+ 
     |                      Instance                      |     Arc      |   Cell    | Delay | Arrival | Required | 
     |                                                    |              |           |       |  Time   |   Time   | 
     |----------------------------------------------------+--------------+-----------+-------+---------+----------| 
     | sfp_instance/fifo_inst_int/q15_reg_3_              | CP ^         |           |       |   0.725 |  -21.417 | 
     | sfp_instance/fifo_inst_int/q15_reg_3_              | CP ^ -> Q v  | DFQD4     | 0.140 |   0.865 |  -21.276 | 
     | sfp_instance/fifo_inst_int/fifo_mux_16_1a/mux_8_1b | A1 v -> ZN ^ | ND2D2     | 0.021 |   0.886 |  -21.255 | 
     | /fifo_mux_2_1d/FE_RC_46917_0                       |              |           |       |         |          | 
     | sfp_instance/fifo_inst_int/fifo_mux_16_1a/mux_8_1b | A1 ^ -> ZN v | ND2D2     | 0.023 |   0.910 |  -21.232 | 
     | /fifo_mux_2_1d/FE_RC_46915_0                       |              |           |       |         |          | 
     | sfp_instance/fifo_inst_int/fifo_mux_16_1a/mux_8_1b | A1 v -> ZN ^ | ND2D2     | 0.025 |   0.935 |  -21.207 | 
     | /fifo_mux_2_1f/FE_RC_7124_0                        |              |           |       |         |          | 
     | sfp_instance/fifo_inst_int/fifo_mux_16_1a/mux_8_1b | A1 ^ -> ZN v | CKND2D4   | 0.025 |   0.960 |  -21.182 | 
     | /fifo_mux_2_1f/FE_RC_46902_0                       |              |           |       |         |          | 
     | sfp_instance/fifo_inst_int/fifo_mux_16_1a/mux_8_1b | A1 v -> ZN ^ | ND2D4     | 0.020 |   0.980 |  -21.162 | 
     | /fifo_mux_2_1g/FE_RC_7371_0                        |              |           |       |         |          | 
     | sfp_instance/fifo_inst_int/fifo_mux_16_1a/mux_8_1b | A1 ^ -> ZN v | CKND2D4   | 0.022 |   1.002 |  -21.140 | 
     | /fifo_mux_2_1g/FE_RC_7370_0                        |              |           |       |         |          | 
     | sfp_instance/fifo_inst_int/fifo_mux_16_1a/mux_2_1a | B1 v -> ZN ^ | IND2D4    | 0.020 |   1.022 |  -21.120 | 
     | /FE_RC_42698_0                                     |              |           |       |         |          | 
     | sfp_instance/fifo_inst_int/fifo_mux_16_1a/mux_2_1a | A1 ^ -> ZN v | ND2D4     | 0.028 |   1.050 |  -21.092 | 
     | /FE_RC_7103_0                                      |              |           |       |         |          | 
     | sfp_instance/add_88/FE_RC_22209_0                  | A1 v -> ZN ^ | NR2XD2    | 0.028 |   1.077 |  -21.064 | 
     | sfp_instance/add_88/FE_RC_22210_0                  | I ^ -> ZN v  | CKND4     | 0.020 |   1.098 |  -21.044 | 
     | sfp_instance/add_88/FE_RC_21464_0                  | A1 v -> ZN ^ | ND2D4     | 0.017 |   1.115 |  -21.027 | 
     | sfp_instance/add_88/FE_RC_21463_0                  | A1 ^ -> ZN v | CKND2D4   | 0.023 |   1.137 |  -21.004 | 
     | sfp_instance/add_88/FE_RC_31222_0                  | A1 v -> ZN ^ | ND2D4     | 0.020 |   1.158 |  -20.984 | 
     | sfp_instance/add_88/FE_RC_31221_0                  | A1 ^ -> ZN v | ND2D4     | 0.027 |   1.185 |  -20.957 | 
     | sfp_instance/add_88/FE_RC_35028_0                  | A1 v -> ZN ^ | ND2D4     | 0.021 |   1.206 |  -20.936 | 
     | sfp_instance/add_88/FE_RC_35027_0                  | A1 ^ -> ZN v | ND2D4     | 0.026 |   1.232 |  -20.910 | 
     | sfp_instance/add_88/FE_RC_41927_0                  | A1 v -> ZN ^ | ND2D4     | 0.021 |   1.253 |  -20.889 | 
     | sfp_instance/add_88/FE_RC_41926_0                  | A1 ^ -> ZN v | CKND2D4   | 0.023 |   1.276 |  -20.866 | 
     | sfp_instance/add_88/FE_RC_39061_0                  | A1 v -> ZN ^ | ND2D4     | 0.023 |   1.300 |  -20.842 | 
     | sfp_instance/add_88/FE_RC_49937_0                  | A1 ^ -> ZN v | OAI21D4   | 0.023 |   1.323 |  -20.819 | 
     | sfp_instance/add_88/U1_9                           | CI v -> CO v | FA1D1     | 0.069 |   1.391 |  -20.751 | 
     | sfp_instance/add_88/U1_10                          | CI v -> CO v | FA1D2     | 0.082 |   1.474 |  -20.668 | 
     | sfp_instance/add_88/FE_RC_7041_0                   | A1 v -> ZN ^ | ND2D4     | 0.031 |   1.504 |  -20.638 | 
     | sfp_instance/add_88/FE_RC_16170_0                  | A1 ^ -> ZN v | OAI21D4   | 0.028 |   1.533 |  -20.609 | 
     | sfp_instance/add_88/FE_RC_31285_0                  | A1 v -> ZN ^ | OAI21D4   | 0.042 |   1.574 |  -20.568 | 
     | sfp_instance/add_88/FE_RC_9417_0                   | B1 ^ -> ZN v | IND2D4    | 0.030 |   1.604 |  -20.538 | 
     | sfp_instance/add_88/FE_RC_9416_0                   | A1 v -> ZN ^ | ND2D4     | 0.027 |   1.631 |  -20.511 | 
     | sfp_instance/add_88/FE_RC_58113_0                  | A1 ^ -> ZN v | OAI21D4   | 0.024 |   1.655 |  -20.487 | 
     | sfp_instance/add_88/U1_18                          | CI v -> CO v | FA1D2     | 0.080 |   1.735 |  -20.407 | 
     | sfp_instance/add_88/U1_19                          | CI v -> CO v | FA1D1     | 0.079 |   1.814 |  -20.328 | 
     | sfp_instance/add_88/U1_20                          | CI v -> CO v | FA1D1     | 0.075 |   1.889 |  -20.253 | 
     | sfp_instance/add_88/U1_21                          | CI v -> CO v | FA1D1     | 0.073 |   1.962 |  -20.180 | 
     | sfp_instance/add_88/U1_22                          | CI v -> S v  | FA1D1     | 0.090 |   2.052 |  -20.090 | 
     | sfp_instance/FE_OCPC10159_sum_2core_22_            | I v -> Z v   | BUFFD16   | 0.077 |   2.129 |  -20.013 | 
     | sfp_instance/FE_PSC15287_FE_OCPN10159_sum_2core_22 | I v -> Z v   | BUFFD16   | 0.059 |   2.188 |  -19.954 | 
     | _                                                  |              |           |       |         |          | 
     | sfp_instance/div2/div_19/FE_RC_48611_0             | A2 v -> ZN ^ | NR3D8     | 0.043 |   2.231 |  -19.911 | 
     | sfp_instance/div2/div_19/FE_RC_17896_0             | A1 ^ -> ZN v | ND2D8     | 0.037 |   2.268 |  -19.874 | 
     | sfp_instance/div2/div_19/FE_RC_17897_0             | I v -> ZN ^  | CKND16    | 0.028 |   2.296 |  -19.846 | 
     | sfp_instance/div2/div_19/FE_RC_26022_0             | A1 ^ -> ZN v | ND2D8     | 0.035 |   2.331 |  -19.811 | 
     | sfp_instance/div2/div_19/FE_RC_48262_0             | A2 v -> ZN ^ | OAI211D4  | 0.042 |   2.373 |  -19.769 | 
     | sfp_instance/div2/div_19/FE_RC_48260_0             | B2 ^ -> ZN v | IND3D4    | 0.044 |   2.417 |  -19.725 | 
     | sfp_instance/div2/div_19/FE_RC_34991_0             | A1 v -> ZN ^ | OAI22D4   | 0.042 |   2.459 |  -19.683 | 
     | sfp_instance/div2/div_19/u_div_u_fa_PartRem_0_28_2 | A ^ -> CO ^  | FA1D1     | 0.142 |   2.601 |  -19.541 | 
     | sfp_instance/div2/div_19/U458                      | A1 ^ -> Z ^  | AN2D4     | 0.064 |   2.665 |  -19.477 | 
     | sfp_instance/div2/div_19/FE_OCPC10919_n109         | I ^ -> ZN v  | INVD4     | 0.019 |   2.684 |  -19.458 | 
     | sfp_instance/div2/div_19/FE_RC_41462_0             | A1 v -> ZN ^ | OAI22D4   | 0.038 |   2.722 |  -19.420 | 
     | sfp_instance/div2/div_19/u_div_u_fa_PartRem_0_27_2 | A ^ -> CO ^  | FA1D4     | 0.163 |   2.885 |  -19.257 | 
     | sfp_instance/div2/div_19/FE_RC_28030_0_dup         | A2 ^ -> ZN v | OAI211D4  | 0.041 |   2.926 |  -19.216 | 
     | sfp_instance/div2/div_19/FE_OCPC13343_FE_RN_137    | I v -> ZN ^  | CKND4     | 0.031 |   2.957 |  -19.185 | 
     | sfp_instance/div2/div_19/FE_RC_49666_0             | A1 ^ -> ZN v | OAI22D4   | 0.032 |   2.989 |  -19.153 | 
     | sfp_instance/div2/div_19/u_div_u_fa_PartRem_0_26_2 | A v -> CO v  | FA1D1     | 0.147 |   3.136 |  -19.006 | 
     | sfp_instance/div2/div_19/u_div_u_fa_PartRem_0_26_3 | CI v -> CO v | FA1D1     | 0.073 |   3.209 |  -18.933 | 
     | sfp_instance/div2/div_19/u_div_u_fa_PartRem_0_26_4 | CI v -> CO v | FA1D2     | 0.090 |   3.299 |  -18.843 | 
     | sfp_instance/div2/div_19/FE_RC_46755_0             | A1 v -> Z v  | AN2D4     | 0.054 |   3.353 |  -18.789 | 
     | sfp_instance/div2/div_19/FE_RC_30751_0             | A1 v -> ZN ^ | OAI21D4   | 0.037 |   3.390 |  -18.752 | 
     | sfp_instance/div2/div_19/u_div_u_fa_PartRem_0_25_2 | A ^ -> CO ^  | FA1D1     | 0.140 |   3.530 |  -18.611 | 
     | sfp_instance/div2/div_19/u_div_u_fa_PartRem_0_25_3 | CI ^ -> CO ^ | FA1D2     | 0.065 |   3.595 |  -18.547 | 
     | sfp_instance/div2/div_19/u_div_u_fa_PartRem_0_25_4 | CI ^ -> CO ^ | FA1D2     | 0.075 |   3.670 |  -18.472 | 
     | sfp_instance/div2/div_19/FE_RC_19582_0             | A1 ^ -> ZN v | ND2D4     | 0.037 |   3.707 |  -18.435 | 
     | sfp_instance/div2/div_19/FE_RC_16426_0_dup         | A1 v -> ZN ^ | AOI21D4   | 0.052 |   3.759 |  -18.383 | 
     | sfp_instance/div2/div_19/FE_RC_13784_0             | A1 ^ -> ZN v | ND2D4     | 0.035 |   3.794 |  -18.348 | 
     | sfp_instance/div2/div_19/FE_RC_41581_0             | B v -> ZN ^  | OAI21D4   | 0.033 |   3.827 |  -18.315 | 
     | sfp_instance/div2/div_19/FE_RC_34462_0             | A1 ^ -> ZN v | ND2D4     | 0.030 |   3.857 |  -18.285 | 
     | sfp_instance/div2/div_19/FE_RC_34461_0             | B1 v -> ZN ^ | IND2D4    | 0.024 |   3.881 |  -18.261 | 
     | sfp_instance/div2/div_19/FE_RC_34340_0             | A1 ^ -> ZN v | ND2D4     | 0.023 |   3.904 |  -18.238 | 
     | sfp_instance/div2/div_19/FE_RC_34339_0             | A1 v -> ZN ^ | CKND2D4   | 0.025 |   3.929 |  -18.213 | 
     | sfp_instance/div2/div_19/FE_RC_50531_0             | A1 ^ -> ZN v | ND2D2     | 0.027 |   3.956 |  -18.186 | 
     | sfp_instance/div2/div_19/FE_RC_50530_0             | B v -> ZN ^  | IOA21D2   | 0.023 |   3.979 |  -18.163 | 
     | sfp_instance/div2/div_19/u_div_u_fa_PartRem_0_24_4 | CI ^ -> CO ^ | FA1D1     | 0.067 |   4.046 |  -18.096 | 
     | sfp_instance/div2/div_19/u_div_u_fa_PartRem_0_24_5 | CI ^ -> CO ^ | FA1D2     | 0.082 |   4.128 |  -18.014 | 
     | sfp_instance/div2/div_19/FE_RC_12246_0             | B1 ^ -> ZN v | IND2D4    | 0.045 |   4.173 |  -17.969 | 
     | sfp_instance/div2/div_19/FE_RC_17346_0             | A1 v -> ZN ^ | AOI21D4   | 0.055 |   4.228 |  -17.914 | 
     | sfp_instance/div2/div_19/FE_RC_35073_0             | A1 ^ -> ZN ^ | IND2D4    | 0.055 |   4.283 |  -17.859 | 
     | sfp_instance/div2/div_19/FE_RC_35072_0             | A1 ^ -> ZN v | ND2D4     | 0.024 |   4.308 |  -17.834 | 
     | sfp_instance/div2/div_19/FE_RC_46561_0             | B1 v -> ZN ^ | IND2D4    | 0.020 |   4.328 |  -17.814 | 
     | sfp_instance/div2/div_19/FE_RC_46560_0             | A1 ^ -> ZN v | CKND2D4   | 0.020 |   4.348 |  -17.794 | 
     | sfp_instance/div2/div_19/FE_RC_34495_0             | A1 v -> ZN ^ | ND2D2     | 0.019 |   4.367 |  -17.775 | 
     | sfp_instance/div2/div_19/FE_RC_34494_0             | A1 ^ -> ZN v | ND2D2     | 0.025 |   4.392 |  -17.750 | 
     | sfp_instance/div2/div_19/u_div_u_fa_PartRem_0_23_3 | CI v -> CO v | FA1D1     | 0.072 |   4.464 |  -17.677 | 
     | sfp_instance/div2/div_19/u_div_u_fa_PartRem_0_23_4 | CI v -> CO v | FA1D1     | 0.076 |   4.540 |  -17.602 | 
     | sfp_instance/div2/div_19/u_div_u_fa_PartRem_0_23_5 | CI v -> CO v | FA1D1     | 0.075 |   4.615 |  -17.527 | 
     | sfp_instance/div2/div_19/u_div_u_fa_PartRem_0_23_6 | CI v -> CO v | FA1D2     | 0.088 |   4.703 |  -17.439 | 
     | sfp_instance/div2/div_19/FE_RC_26455_0             | B1 v -> ZN ^ | IND2D4    | 0.033 |   4.735 |  -17.406 | 
     | sfp_instance/div2/div_19/FE_RC_26454_0             | A1 ^ -> ZN v | CKND2D8   | 0.032 |   4.767 |  -17.374 | 
     | sfp_instance/div2/div_19/FE_RC_9802_0              | A1 v -> Z v  | OR2D4     | 0.065 |   4.833 |  -17.309 | 
     | sfp_instance/div2/div_19/FE_RC_9801_0              | A1 v -> ZN ^ | ND2D4     | 0.020 |   4.852 |  -17.289 | 
     | sfp_instance/div2/div_19/FE_RC_13904_0             | A1 ^ -> ZN v | ND2D2     | 0.023 |   4.875 |  -17.267 | 
     | sfp_instance/div2/div_19/FE_RC_13903_0             | B v -> ZN ^  | IOA21D2   | 0.024 |   4.899 |  -17.242 | 
     | sfp_instance/div2/div_19/FE_RC_37181_0             | A1 ^ -> ZN v | ND2D2     | 0.029 |   4.928 |  -17.213 | 
     | sfp_instance/div2/div_19/FE_RC_37217_0             | A1 v -> ZN ^ | ND2D2     | 0.026 |   4.954 |  -17.188 | 
     | sfp_instance/div2/div_19/FE_RC_45852_0             | A1 ^ -> ZN v | ND2D2     | 0.025 |   4.980 |  -17.162 | 
     | sfp_instance/div2/div_19/FE_RC_45851_0             | B v -> ZN ^  | IOA21D2   | 0.023 |   5.002 |  -17.139 | 
     | sfp_instance/div2/div_19/u_div_u_fa_PartRem_0_22_4 | CI ^ -> CO ^ | FA1D2     | 0.061 |   5.064 |  -17.078 | 
     | sfp_instance/div2/div_19/u_div_u_fa_PartRem_0_22_5 | CI ^ -> CO ^ | FA1D2     | 0.070 |   5.134 |  -17.008 | 
     | sfp_instance/div2/div_19/FE_RC_12299_0             | B1 ^ -> ZN v | IND2D4    | 0.031 |   5.164 |  -16.978 | 
     | sfp_instance/div2/div_19/FE_RC_35370_0             | B1 v -> ZN ^ | IND2D4    | 0.021 |   5.185 |  -16.957 | 
     | sfp_instance/div2/div_19/FE_RC_36270_0             | B1 ^ -> ZN v | IND2D4    | 0.024 |   5.210 |  -16.932 | 
     | sfp_instance/div2/div_19/FE_RC_57392_0             | B1 v -> ZN ^ | IND2D4    | 0.021 |   5.231 |  -16.911 | 
     | sfp_instance/div2/div_19/FE_RC_57391_0             | A1 ^ -> ZN v | ND2D4     | 0.030 |   5.261 |  -16.881 | 
     | sfp_instance/div2/div_19/FE_RC_19639_0             | A1 v -> ZN ^ | AOI21D4   | 0.046 |   5.307 |  -16.835 | 
     | sfp_instance/div2/div_19/FE_RC_21336_0             | A1 ^ -> ZN v | ND2D2     | 0.033 |   5.340 |  -16.802 | 
     | sfp_instance/div2/div_19/FE_RC_21334_0             | B v -> ZN ^  | OAI21D2   | 0.037 |   5.377 |  -16.765 | 
     | sfp_instance/div2/div_19/u_div_u_fa_PartRem_0_21_2 | A ^ -> CO ^  | FA1D1     | 0.151 |   5.527 |  -16.614 | 
     | sfp_instance/div2/div_19/FE_RC_46103_0             | A1 ^ -> ZN v | ND2D2     | 0.035 |   5.562 |  -16.580 | 
     | sfp_instance/div2/div_19/FE_RC_58044_0             | A1 v -> ZN ^ | ND2D3     | 0.027 |   5.589 |  -16.553 | 
     | sfp_instance/div2/div_19/FE_RC_48738_0             | A1 ^ -> ZN v | ND2D2     | 0.027 |   5.616 |  -16.526 | 
     | sfp_instance/div2/div_19/FE_RC_48737_0             | A1 v -> ZN ^ | ND2D2     | 0.023 |   5.639 |  -16.503 | 
     | sfp_instance/div2/div_19/u_div_u_fa_PartRem_0_21_5 | CI ^ -> CO ^ | FA1D1     | 0.070 |   5.709 |  -16.433 | 
     | sfp_instance/div2/div_19/u_div_u_fa_PartRem_0_21_6 | CI ^ -> CO ^ | FA1D1     | 0.067 |   5.775 |  -16.366 | 
     | sfp_instance/div2/div_19/u_div_u_fa_PartRem_0_21_7 | CI ^ -> CO ^ | FA1D2     | 0.063 |   5.839 |  -16.303 | 
     | sfp_instance/div2/div_19/u_div_u_fa_PartRem_0_21_8 | CI ^ -> CO ^ | FA1D4     | 0.093 |   5.932 |  -16.210 | 
     | sfp_instance/div2/div_19/FE_RC_57386_0             | B2 ^ -> ZN v | IND3D2    | 0.054 |   5.986 |  -16.155 | 
     | sfp_instance/div2/div_19/FE_RC_57385_0             | A1 v -> ZN ^ | ND2D4     | 0.045 |   6.032 |  -16.110 | 
     | sfp_instance/div2/div_19/FE_RC_13033_0             | A1 ^ -> ZN v | NR2XD4    | 0.028 |   6.059 |  -16.082 | 
     | sfp_instance/div2/div_19/FE_RC_35711_0             | B1 v -> ZN ^ | INR2XD2   | 0.031 |   6.090 |  -16.051 | 
     | sfp_instance/div2/div_19/FE_RC_35710_0             | A1 ^ -> ZN v | ND2D4     | 0.031 |   6.122 |  -16.020 | 
     | sfp_instance/div2/div_19/FE_RC_33931_0             | A2 v -> ZN ^ | ND2D4     | 0.025 |   6.146 |  -15.995 | 
     | sfp_instance/div2/div_19/FE_RC_33930_0             | A1 ^ -> ZN v | CKND2D4   | 0.024 |   6.171 |  -15.971 | 
     | sfp_instance/div2/div_19/FE_RC_42860_0             | A1 v -> ZN ^ | ND2D4     | 0.019 |   6.190 |  -15.952 | 
     | sfp_instance/div2/div_19/FE_RC_42859_0             | A1 ^ -> ZN v | ND2D3     | 0.025 |   6.215 |  -15.927 | 
     | sfp_instance/div2/div_19/FE_RC_47956_0             | A1 v -> ZN ^ | ND2D2     | 0.022 |   6.236 |  -15.906 | 
     | sfp_instance/div2/div_19/FE_RC_47955_0             | A1 ^ -> ZN v | CKND2D2   | 0.022 |   6.259 |  -15.883 | 
     | sfp_instance/div2/div_19/u_div_u_fa_PartRem_0_20_5 | CI v -> CO v | FA1D1     | 0.070 |   6.329 |  -15.813 | 
     | sfp_instance/div2/div_19/u_div_u_fa_PartRem_0_20_6 | CI v -> CO v | FA1D1     | 0.073 |   6.402 |  -15.740 | 
     | sfp_instance/div2/div_19/u_div_u_fa_PartRem_0_20_7 | CI v -> CO v | FA1D1     | 0.074 |   6.475 |  -15.667 | 
     | sfp_instance/div2/div_19/u_div_u_fa_PartRem_0_20_8 | CI v -> CO v | FA1D2     | 0.092 |   6.568 |  -15.574 | 
     | sfp_instance/div2/div_19/FE_RC_30186_0             | A1 v -> ZN ^ | ND2D2     | 0.037 |   6.605 |  -15.537 | 
     | sfp_instance/div2/div_19/FE_RC_30185_0             | A1 ^ -> ZN v | ND2D4     | 0.031 |   6.636 |  -15.506 | 
     | sfp_instance/div2/div_19/FE_RC_22732_0             | A1 v -> ZN v | IND2D4    | 0.055 |   6.691 |  -15.451 | 
     | sfp_instance/div2/div_19/FE_RC_26860_0             | A2 v -> ZN ^ | ND2D4     | 0.027 |   6.717 |  -15.424 | 
     | sfp_instance/div2/div_19/FE_OCPC10989_u_div_PartRe | I ^ -> ZN v  | CKND2     | 0.022 |   6.740 |  -15.402 | 
     | m_20__2_                                           |              |           |       |         |          | 
     | sfp_instance/div2/div_19/FE_RC_48735_0             | A1 v -> ZN ^ | CKND2D4   | 0.023 |   6.763 |  -15.379 | 
     | sfp_instance/div2/div_19/FE_RC_48734_0             | A1 ^ -> ZN v | ND2D4     | 0.032 |   6.795 |  -15.347 | 
     | sfp_instance/div2/div_19/FE_RC_35581_0             | A1 v -> ZN ^ | ND2D4     | 0.027 |   6.821 |  -15.320 | 
     | sfp_instance/div2/div_19/FE_RC_41905_0             | A1 ^ -> ZN v | ND2D4     | 0.025 |   6.847 |  -15.295 | 
     | sfp_instance/div2/div_19/FE_RC_41904_0             | A1 v -> ZN ^ | CKND2D4   | 0.029 |   6.876 |  -15.266 | 
     | sfp_instance/div2/div_19/FE_RC_42928_0             | A1 ^ -> ZN v | ND2D4     | 0.029 |   6.905 |  -15.237 | 
     | sfp_instance/div2/div_19/FE_RC_42927_0             | A1 v -> ZN ^ | ND2D4     | 0.021 |   6.926 |  -15.216 | 
     | sfp_instance/div2/div_19/FE_RC_57819_0             | A1 ^ -> ZN v | ND2D2     | 0.028 |   6.954 |  -15.188 | 
     | sfp_instance/div2/div_19/FE_RC_57818_0             | A1 v -> ZN ^ | CKND2D2   | 0.030 |   6.984 |  -15.157 | 
     | sfp_instance/div2/div_19/u_div_u_fa_PartRem_0_19_6 | CI ^ -> CO ^ | FA1D1     | 0.068 |   7.052 |  -15.090 | 
     | sfp_instance/div2/div_19/u_div_u_fa_PartRem_0_19_7 | CI ^ -> CO ^ | FA1D1     | 0.068 |   7.120 |  -15.022 | 
     | sfp_instance/div2/div_19/u_div_u_fa_PartRem_0_19_8 | CI ^ -> CO ^ | FA1D1     | 0.067 |   7.187 |  -14.955 | 
     | sfp_instance/div2/div_19/u_div_u_fa_PartRem_0_19_9 | CI ^ -> CO ^ | FA1D1     | 0.066 |   7.253 |  -14.888 | 
     | sfp_instance/div2/div_19/u_div_u_fa_PartRem_0_19_1 | CI ^ -> CO ^ | FA1D2     | 0.083 |   7.336 |  -14.806 | 
     | 0                                                  |              |           |       |         |          | 
     | sfp_instance/div2/div_19/FE_RC_46496_0             | A1 ^ -> ZN v | ND2D4     | 0.043 |   7.379 |  -14.763 | 
     | sfp_instance/div2/div_19/FE_RC_33091_0             | A1 v -> ZN ^ | ND2D3     | 0.027 |   7.406 |  -14.736 | 
     | sfp_instance/div2/div_19/FE_RC_46337_0             | B1 ^ -> ZN v | IND2D4    | 0.027 |   7.433 |  -14.709 | 
     | sfp_instance/div2/div_19/FE_RC_46336_0             | A1 v -> ZN ^ | CKND2D4   | 0.023 |   7.455 |  -14.687 | 
     | sfp_instance/div2/div_19/u_div_u_fa_PartRem_0_18_2 | A ^ -> CO ^  | FA1D1     | 0.135 |   7.591 |  -14.551 | 
     | sfp_instance/div2/div_19/u_div_u_fa_PartRem_0_18_3 | CI ^ -> CO ^ | FA1D1     | 0.068 |   7.659 |  -14.483 | 
     | sfp_instance/div2/div_19/u_div_u_fa_PartRem_0_18_4 | CI ^ -> CO ^ | FA1D2     | 0.062 |   7.722 |  -14.420 | 
     | sfp_instance/div2/div_19/u_div_u_fa_PartRem_0_18_5 | CI ^ -> CO ^ | FA1D2     | 0.074 |   7.796 |  -14.346 | 
     | sfp_instance/div2/div_19/FE_RC_30118_0             | A1 ^ -> ZN v | AOI21D4   | 0.032 |   7.828 |  -14.314 | 
     | sfp_instance/div2/div_19/FE_RC_30117_0             | A1 v -> ZN ^ | OAI21D4   | 0.044 |   7.872 |  -14.270 | 
     | sfp_instance/div2/div_19/FE_RC_41659_0             | A1 ^ -> ZN v | ND2D4     | 0.033 |   7.905 |  -14.236 | 
     | sfp_instance/div2/div_19/FE_RC_49938_0             | A1 v -> ZN ^ | OAI21D4   | 0.041 |   7.947 |  -14.195 | 
     | sfp_instance/div2/div_19/FE_RC_57534_0             | A2 ^ -> ZN v | OAI211D4  | 0.036 |   7.983 |  -14.159 | 
     | sfp_instance/div2/div_19/FE_RC_57183_0             | A1 v -> ZN ^ | ND2D2     | 0.029 |   8.012 |  -14.130 | 
     | sfp_instance/div2/div_19/U606                      | A1 ^ -> Z ^  | AN2D8     | 0.077 |   8.089 |  -14.053 | 
     | sfp_instance/div2/div_19/FE_RC_945_0               | A1 ^ -> ZN v | ND2D4     | 0.031 |   8.120 |  -14.022 | 
     | sfp_instance/div2/div_19/FE_RC_943_0               | B v -> ZN ^  | OAI21D4   | 0.027 |   8.148 |  -13.994 | 
     | sfp_instance/div2/div_19/FE_RC_14312_0             | A1 ^ -> ZN v | ND2D3     | 0.030 |   8.177 |  -13.964 | 
     | sfp_instance/div2/div_19/FE_RC_14311_0             | A1 v -> ZN ^ | CKND2D4   | 0.030 |   8.208 |  -13.934 | 
     | sfp_instance/div2/div_19/FE_RC_35852_0             | A2 ^ -> ZN v | ND2D4     | 0.030 |   8.237 |  -13.905 | 
     | sfp_instance/div2/div_19/FE_RC_35851_0             | A1 v -> ZN ^ | CKND2D4   | 0.029 |   8.266 |  -13.876 | 
     | sfp_instance/div2/div_19/FE_RC_49929_0             | B1 ^ -> ZN v | IND2D4    | 0.029 |   8.295 |  -13.847 | 
     | sfp_instance/div2/div_19/FE_RC_49928_0             | A1 v -> ZN ^ | CKND2D4   | 0.022 |   8.317 |  -13.825 | 
     | sfp_instance/div2/div_19/FE_RC_50646_0             | A1 ^ -> ZN v | ND2D2     | 0.026 |   8.343 |  -13.799 | 
     | sfp_instance/div2/div_19/FE_RC_50645_0             | A1 v -> ZN ^ | ND2D2     | 0.020 |   8.363 |  -13.779 | 
     | sfp_instance/div2/div_19/u_div_u_fa_PartRem_0_17_5 | CI ^ -> CO ^ | FA1D2     | 0.066 |   8.428 |  -13.714 | 
     | sfp_instance/div2/div_19/FE_RC_16623_0             | A1 ^ -> ZN v | ND2D2     | 0.032 |   8.461 |  -13.681 | 
     | sfp_instance/div2/div_19/FE_RC_16622_0             | A1 v -> ZN ^ | CKND2D4   | 0.029 |   8.490 |  -13.652 | 
     | sfp_instance/div2/div_19/FE_RC_49850_0             | B1 ^ -> ZN v | IND2D4    | 0.028 |   8.518 |  -13.624 | 
     | sfp_instance/div2/div_19/FE_RC_49848_0             | B1 v -> ZN ^ | IND2D4    | 0.022 |   8.541 |  -13.601 | 
     | sfp_instance/div2/div_19/FE_RC_30268_0             | A1 ^ -> ZN v | ND2D4     | 0.026 |   8.567 |  -13.575 | 
     | sfp_instance/div2/div_19/FE_RC_48667_0             | A1 v -> ZN ^ | OAI21D4   | 0.033 |   8.600 |  -13.542 | 
     | sfp_instance/div2/div_19/u_div_u_fa_PartRem_0_17_1 | CI ^ -> CO ^ | FA1D2     | 0.063 |   8.663 |  -13.479 | 
     | 1                                                  |              |           |       |         |          | 
     | sfp_instance/div2/div_19/u_div_u_fa_PartRem_0_17_1 | CI ^ -> CO ^ | FA1D2     | 0.078 |   8.741 |  -13.401 | 
     | 2                                                  |              |           |       |         |          | 
     | sfp_instance/div2/div_19/FE_RC_27751_0             | A1 ^ -> ZN v | ND2D4     | 0.035 |   8.776 |  -13.366 | 
     | sfp_instance/div2/div_19/FE_RC_27310_0             | A1 v -> ZN ^ | CKND2D8   | 0.038 |   8.814 |  -13.327 | 
     | sfp_instance/div2/div_19/FE_RC_34274_0             | I ^ -> Z ^   | BUFFD16   | 0.057 |   8.871 |  -13.271 | 
     | sfp_instance/div2/div_19/FE_RC_50085_0             | A1 ^ -> ZN v | OAI21D4   | 0.024 |   8.895 |  -13.247 | 
     | sfp_instance/div2/div_19/u_div_u_fa_PartRem_0_16_3 | A v -> CO v  | FA1D1     | 0.142 |   9.038 |  -13.104 | 
     | sfp_instance/div2/div_19/u_div_u_fa_PartRem_0_16_4 | CI v -> CO v | FA1D2     | 0.083 |   9.121 |  -13.021 | 
     | sfp_instance/div2/div_19/FE_RC_7279_0              | B1 v -> ZN ^ | IND2D4    | 0.030 |   9.150 |  -12.992 | 
     | sfp_instance/div2/div_19/FE_RC_57556_0             | B1 ^ -> ZN v | IND2D4    | 0.024 |   9.175 |  -12.967 | 
     | sfp_instance/div2/div_19/FE_RC_57555_0             | A1 v -> ZN ^ | ND2D4     | 0.019 |   9.194 |  -12.948 | 
     | sfp_instance/div2/div_19/FE_RC_3425_0              | A1 ^ -> ZN v | CKND2D4   | 0.021 |   9.215 |  -12.927 | 
     | sfp_instance/div2/div_19/FE_RC_42832_0             | A1 v -> ZN ^ | ND2D2     | 0.024 |   9.240 |  -12.902 | 
     | sfp_instance/div2/div_19/FE_RC_57216_0             | A1 ^ -> ZN v | ND2D2     | 0.027 |   9.267 |  -12.875 | 
     | sfp_instance/div2/div_19/FE_RC_42345_0             | B1 v -> ZN ^ | IND2D2    | 0.026 |   9.292 |  -12.849 | 
     | sfp_instance/div2/div_19/FE_RC_42344_0             | A1 ^ -> ZN v | CKND2D2   | 0.022 |   9.315 |  -12.827 | 
     | sfp_instance/div2/div_19/u_div_u_fa_PartRem_0_16_9 | CI v -> CO v | FA1D2     | 0.073 |   9.387 |  -12.755 | 
     | sfp_instance/div2/div_19/u_div_u_fa_PartRem_0_16_1 | CI v -> CO v | FA1D2     | 0.090 |   9.477 |  -12.665 | 
     | 0                                                  |              |           |       |         |          | 
     | sfp_instance/div2/div_19/FE_RC_26740_0             | B1 v -> ZN ^ | IND2D4    | 0.034 |   9.511 |  -12.631 | 
     | sfp_instance/div2/div_19/FE_RC_26739_0             | A1 ^ -> ZN v | CKND2D8   | 0.037 |   9.548 |  -12.594 | 
     | sfp_instance/div2/div_19/FE_RC_20424_0             | A1 v -> ZN ^ | NR2XD4    | 0.025 |   9.573 |  -12.569 | 
     | sfp_instance/div2/div_19/FE_RC_20423_0_dup         | A1 ^ -> ZN ^ | IND2D4    | 0.038 |   9.611 |  -12.531 | 
     | sfp_instance/div2/div_19/u_div_u_fa_PartRem_0_15_2 | A ^ -> CO ^  | FA1D1     | 0.131 |   9.742 |  -12.400 | 
     | sfp_instance/div2/div_19/u_div_u_fa_PartRem_0_15_3 | CI ^ -> CO ^ | FA1D1     | 0.068 |   9.810 |  -12.332 | 
     | sfp_instance/div2/div_19/u_div_u_fa_PartRem_0_15_4 | CI ^ -> CO ^ | FA1D2     | 0.074 |   9.884 |  -12.258 | 
     | sfp_instance/div2/div_19/FE_RC_18195_0             | B1 ^ -> ZN v | IND2D4    | 0.030 |   9.914 |  -12.228 | 
     | sfp_instance/div2/div_19/FE_RC_18194_0             | A1 v -> ZN ^ | ND2D4     | 0.023 |   9.937 |  -12.205 | 
     | sfp_instance/div2/div_19/FE_RC_50432_0             | A1 ^ -> ZN v | OAI21D4   | 0.032 |   9.969 |  -12.173 | 
     | sfp_instance/div2/div_19/FE_RC_35784_0             | A1 v -> ZN ^ | OAI21D4   | 0.043 |  10.012 |  -12.130 | 
     | sfp_instance/div2/div_19/FE_RC_41715_0             | A1 ^ -> ZN v | ND2D4     | 0.031 |  10.044 |  -12.098 | 
     | sfp_instance/div2/div_19/FE_RC_50202_0             | A1 v -> ZN ^ | OAI21D4   | 0.036 |  10.079 |  -12.063 | 
     | sfp_instance/div2/div_19/u_div_u_fa_PartRem_0_15_1 | CI ^ -> CO ^ | FA1D1     | 0.067 |  10.146 |  -11.996 | 
     | 1                                                  |              |           |       |         |          | 
     | sfp_instance/div2/div_19/u_div_u_fa_PartRem_0_15_1 | CI ^ -> CO ^ | FA1D2     | 0.080 |  10.225 |  -11.916 | 
     | 2                                                  |              |           |       |         |          | 
     | sfp_instance/div2/div_19/FE_RC_41669_0             | B1 ^ -> ZN v | IND2D4    | 0.034 |  10.259 |  -11.883 | 
     | sfp_instance/div2/div_19/FE_RC_46427_0             | A1 v -> ZN ^ | OAI21D4   | 0.041 |  10.300 |  -11.842 | 
     | sfp_instance/div2/div_19/FE_RC_42718_0             | A1 ^ -> ZN v | ND2D4     | 0.029 |  10.329 |  -11.813 | 
     | sfp_instance/div2/div_19/FE_RC_42717_0             | A1 v -> ZN ^ | ND2D4     | 0.028 |  10.357 |  -11.785 | 
     | sfp_instance/div2/div_19/U600_dup                  | A1 ^ -> Z ^  | AN2D4     | 0.066 |  10.423 |  -11.719 | 
     | sfp_instance/div2/div_19/FE_RC_20041_0             | A1 ^ -> ZN v | OAI21D4   | 0.029 |  10.452 |  -11.689 | 
     | sfp_instance/div2/div_19/u_div_u_fa_PartRem_0_14_2 | A v -> CO v  | FA1D1     | 0.150 |  10.602 |  -11.540 | 
     | sfp_instance/div2/div_19/FE_RC_18095_0             | A1 v -> ZN ^ | ND2D2     | 0.024 |  10.626 |  -11.516 | 
     | sfp_instance/div2/div_19/FE_RC_18094_0             | A1 ^ -> ZN v | CKND2D2   | 0.025 |  10.651 |  -11.491 | 
     | sfp_instance/div2/div_19/FE_RC_11372_0             | A1 v -> ZN ^ | ND2D2     | 0.020 |  10.672 |  -11.470 | 
     | sfp_instance/div2/div_19/FE_RC_16032_0             | A1 ^ -> ZN v | CKND2D2   | 0.024 |  10.696 |  -11.446 | 
     | sfp_instance/div2/div_19/FE_RC_45832_0             | A1 v -> ZN ^ | ND2D2     | 0.022 |  10.718 |  -11.424 | 
     | sfp_instance/div2/div_19/FE_RC_45831_0             | A1 ^ -> ZN v | CKND2D2   | 0.022 |  10.740 |  -11.402 | 
     | sfp_instance/div2/div_19/u_div_u_fa_PartRem_0_14_6 | CI v -> CO v | FA1D2     | 0.084 |  10.824 |  -11.318 | 
     | sfp_instance/div2/div_19/FE_RC_22159_0             | B1 v -> ZN ^ | IND2D4    | 0.030 |  10.854 |  -11.288 | 
     | sfp_instance/div2/div_19/FE_RC_22364_0             | A2 ^ -> ZN v | OAI211D4  | 0.034 |  10.887 |  -11.255 | 
     | sfp_instance/div2/div_19/FE_RC_42064_0             | A1 v -> ZN ^ | ND2D2     | 0.027 |  10.915 |  -11.227 | 
     | sfp_instance/div2/div_19/FE_RC_42075_0             | B ^ -> ZN v  | IOA21D2   | 0.026 |  10.940 |  -11.201 | 
     | sfp_instance/div2/div_19/u_div_u_fa_PartRem_0_14_1 | CI v -> CO v | FA1D1     | 0.071 |  11.012 |  -11.130 | 
     | 0                                                  |              |           |       |         |          | 
     | sfp_instance/div2/div_19/u_div_u_fa_PartRem_0_14_1 | CI v -> CO v | FA1D2     | 0.076 |  11.087 |  -11.054 | 
     | 1                                                  |              |           |       |         |          | 
     | sfp_instance/div2/div_19/u_div_u_fa_PartRem_0_14_1 | CI v -> CO v | FA1D1     | 0.074 |  11.162 |  -10.980 | 
     | 2                                                  |              |           |       |         |          | 
     | sfp_instance/div2/div_19/u_div_u_fa_PartRem_0_14_1 | CI v -> CO v | FA1D1     | 0.071 |  11.233 |  -10.909 | 
     | 3                                                  |              |           |       |         |          | 
     | sfp_instance/div2/div_19/u_div_u_fa_PartRem_0_14_1 | CI v -> CO v | FA1D1     | 0.073 |  11.306 |  -10.835 | 
     | 4                                                  |              |           |       |         |          | 
     | sfp_instance/div2/div_19/u_div_u_fa_PartRem_0_14_1 | CI v -> CO v | FA1D1     | 0.075 |  11.381 |  -10.761 | 
     | 5                                                  |              |           |       |         |          | 
     | sfp_instance/div2/div_19/u_div_u_fa_PartRem_0_14_1 | CI v -> CO v | FA1D2     | 0.077 |  11.458 |  -10.684 | 
     | 6                                                  |              |           |       |         |          | 
     | sfp_instance/div2/div_19/U598                      | A1 v -> Z v  | AN2D8     | 0.064 |  11.523 |  -10.619 | 
     | sfp_instance/div2/div_19/FE_RC_13498_0             | A1 v -> ZN ^ | ND2D4     | 0.032 |  11.555 |  -10.587 | 
     | sfp_instance/div2/div_19/FE_RC_13525_0             | B1 ^ -> ZN v | IND2D4    | 0.036 |  11.591 |  -10.551 | 
     | sfp_instance/div2/div_19/FE_RC_34073_0             | A1 v -> ZN ^ | ND2D4     | 0.023 |  11.614 |  -10.528 | 
     | sfp_instance/div2/div_19/FE_RC_47300_0             | B ^ -> ZN v  | OAI21D4   | 0.049 |  11.663 |  -10.479 | 
     | sfp_instance/div2/div_19/FE_RC_42433_0             | A1 v -> ZN ^ | ND2D2     | 0.023 |  11.686 |  -10.456 | 
     | sfp_instance/div2/div_19/FE_RC_42432_0             | A1 ^ -> ZN v | ND2D2     | 0.024 |  11.709 |  -10.432 | 
     | sfp_instance/div2/div_19/u_div_u_fa_PartRem_0_13_4 | CI v -> CO v | FA1D1     | 0.071 |  11.780 |  -10.362 | 
     | sfp_instance/div2/div_19/u_div_u_fa_PartRem_0_13_5 | CI v -> CO v | FA1D1     | 0.071 |  11.852 |  -10.290 | 
     | sfp_instance/div2/div_19/u_div_u_fa_PartRem_0_13_6 | CI v -> CO v | FA1D2     | 0.083 |  11.935 |  -10.207 | 
     | sfp_instance/div2/div_19/FE_RC_31077_0             | B1 v -> ZN ^ | IND2D4    | 0.031 |  11.966 |  -10.176 | 
     | sfp_instance/div2/div_19/FE_RC_34880_0             | A1 ^ -> ZN v | OAI21D4   | 0.029 |  11.995 |  -10.147 | 
     | sfp_instance/div2/div_19/FE_RC_41466_0             | A1 v -> ZN ^ | ND2D4     | 0.024 |  12.019 |  -10.123 | 
     | sfp_instance/div2/div_19/FE_RC_41568_0             | A1 ^ -> ZN v | ND2D4     | 0.025 |  12.044 |  -10.098 | 
     | sfp_instance/div2/div_19/FE_RC_18085_0             | B1 v -> ZN ^ | IND2D4    | 0.025 |  12.069 |  -10.073 | 
     | sfp_instance/div2/div_19/FE_RC_48680_0             | A1 ^ -> ZN v | OAI21D4   | 0.029 |  12.098 |  -10.044 | 
     | sfp_instance/div2/div_19/FE_RC_57108_0             | A1 v -> ZN ^ | CKND2D4   | 0.027 |  12.126 |  -10.016 | 
     | sfp_instance/div2/div_19/FE_RC_57107_0             | A1 ^ -> ZN v | ND2D4     | 0.031 |  12.156 |   -9.986 | 
     | sfp_instance/div2/div_19/FE_RC_28248_0             | A1 v -> ZN ^ | ND2D4     | 0.026 |  12.182 |   -9.960 | 
     | sfp_instance/div2/div_19/FE_RC_32722_0             | B1 ^ -> ZN v | IND2D4    | 0.026 |  12.208 |   -9.934 | 
     | sfp_instance/div2/div_19/FE_RC_28449_0             | B1 v -> ZN ^ | IND2D4    | 0.025 |  12.233 |   -9.909 | 
     | sfp_instance/div2/div_19/FE_RC_28448_0             | A1 ^ -> ZN v | ND2D8     | 0.040 |  12.274 |   -9.868 | 
     | sfp_instance/div2/div_19/FE_RC_21251_0             | A1 v -> ZN ^ | ND2D3     | 0.029 |  12.303 |   -9.839 | 
     | sfp_instance/div2/div_19/FE_RC_21249_0             | B ^ -> ZN v  | OAI21D4   | 0.038 |  12.340 |   -9.801 | 
     | sfp_instance/div2/div_19/u_div_u_fa_PartRem_0_12_2 | A v -> CO v  | FA1D1     | 0.144 |  12.485 |   -9.657 | 
     | sfp_instance/div2/div_19/u_div_u_fa_PartRem_0_12_3 | CI v -> CO v | FA1D2     | 0.074 |  12.559 |   -9.583 | 
     | sfp_instance/div2/div_19/u_div_u_fa_PartRem_0_12_4 | CI v -> CO v | FA1D2     | 0.083 |  12.642 |   -9.500 | 
     | sfp_instance/div2/div_19/FE_RC_14559_0             | A1 v -> ZN ^ | ND2D2     | 0.032 |  12.673 |   -9.469 | 
     | sfp_instance/div2/div_19/FE_RC_14558_0             | A1 ^ -> ZN v | CKND2D4   | 0.027 |  12.700 |   -9.442 | 
     | sfp_instance/div2/div_19/FE_RC_10963_0             | B1 v -> ZN ^ | IND2D4    | 0.026 |  12.726 |   -9.416 | 
     | sfp_instance/div2/div_19/FE_RC_28667_0             | A1 ^ -> ZN v | OAI21D4   | 0.030 |  12.756 |   -9.386 | 
     | sfp_instance/div2/div_19/FE_RC_57843_0             | B1 v -> ZN ^ | IND2D4    | 0.024 |  12.780 |   -9.362 | 
     | sfp_instance/div2/div_19/FE_RC_57842_0             | A1 ^ -> ZN v | CKND2D4   | 0.020 |  12.800 |   -9.342 | 
     | sfp_instance/div2/div_19/u_div_u_fa_PartRem_0_12_1 | CI v -> CO v | FA1D1     | 0.068 |  12.868 |   -9.274 | 
     | 0                                                  |              |           |       |         |          | 
     | sfp_instance/div2/div_19/u_div_u_fa_PartRem_0_12_1 | CI v -> CO v | FA1D1     | 0.073 |  12.941 |   -9.201 | 
     | 1                                                  |              |           |       |         |          | 
     | sfp_instance/div2/div_19/u_div_u_fa_PartRem_0_12_1 | CI v -> CO v | FA1D2     | 0.077 |  13.017 |   -9.125 | 
     | 2                                                  |              |           |       |         |          | 
     | sfp_instance/div2/div_19/u_div_u_fa_PartRem_0_12_1 | CI v -> CO v | FA1D1     | 0.075 |  13.092 |   -9.050 | 
     | 3                                                  |              |           |       |         |          | 
     | sfp_instance/div2/div_19/u_div_u_fa_PartRem_0_12_1 | CI v -> CO v | FA1D2     | 0.090 |  13.182 |   -8.960 | 
     | 4                                                  |              |           |       |         |          | 
     | sfp_instance/div2/div_19/FE_RC_37899_0             | B1 v -> ZN ^ | IND2D4    | 0.033 |  13.215 |   -8.927 | 
     | sfp_instance/div2/div_19/FE_RC_49853_0             | B1 ^ -> ZN v | IND2D4    | 0.025 |  13.240 |   -8.902 | 
     | sfp_instance/div2/div_19/FE_RC_49852_0             | A1 v -> ZN ^ | ND2D4     | 0.024 |  13.264 |   -8.878 | 
     | sfp_instance/div2/div_19/FE_RC_41624_0             | A1 ^ -> ZN v | CKND2D8   | 0.037 |  13.301 |   -8.841 | 
     | sfp_instance/div2/div_19/FE_RC_1415_0              | A1 v -> Z v  | OR2D4     | 0.068 |  13.369 |   -8.773 | 
     | sfp_instance/div2/div_19/FE_RC_1414_0              | A1 v -> ZN ^ | ND2D4     | 0.023 |  13.392 |   -8.750 | 
     | sfp_instance/div2/div_19/FE_RC_57672_0             | B1 ^ -> ZN v | IND2D4    | 0.024 |  13.416 |   -8.726 | 
     | sfp_instance/div2/div_19/FE_RC_57671_0             | A1 v -> ZN ^ | ND2D4     | 0.024 |  13.440 |   -8.702 | 
     | sfp_instance/div2/div_19/FE_RC_34000_0             | A1 ^ -> ZN v | ND2D4     | 0.026 |  13.466 |   -8.676 | 
     | sfp_instance/div2/div_19/FE_RC_37884_0             | A1 v -> ZN ^ | ND2D4     | 0.021 |  13.487 |   -8.655 | 
     | sfp_instance/div2/div_19/FE_RC_48959_0             | A1 ^ -> ZN v | ND2D2     | 0.023 |  13.510 |   -8.632 | 
     | sfp_instance/div2/div_19/FE_RC_48958_0             | A1 v -> ZN ^ | ND2D2     | 0.020 |  13.530 |   -8.612 | 
     | sfp_instance/div2/div_19/u_div_u_fa_PartRem_0_11_4 | CI ^ -> CO ^ | FA1D2     | 0.067 |  13.597 |   -8.545 | 
     | sfp_instance/div2/div_19/FE_RC_33820_0             | A1 ^ -> ZN v | ND2D2     | 0.035 |  13.632 |   -8.510 | 
     | sfp_instance/div2/div_19/FE_RC_33819_0             | A1 v -> ZN ^ | ND2D4     | 0.026 |  13.658 |   -8.484 | 
     | sfp_instance/div2/div_19/FE_RC_57851_0             | B1 ^ -> ZN v | IND2D4    | 0.028 |  13.685 |   -8.457 | 
     | sfp_instance/div2/div_19/FE_RC_57849_0             | B1 v -> ZN ^ | IND2D4    | 0.025 |  13.710 |   -8.432 | 
     | sfp_instance/div2/div_19/FE_RC_49122_0             | B1 ^ -> ZN v | IND2D4    | 0.025 |  13.735 |   -8.407 | 
     | sfp_instance/div2/div_19/FE_RC_49121_0             | A1 v -> ZN ^ | ND2D4     | 0.021 |  13.756 |   -8.386 | 
     | sfp_instance/div2/div_19/FE_RC_57341_0             | B1 ^ -> ZN v | IND2D4    | 0.028 |  13.784 |   -8.358 | 
     | sfp_instance/div2/div_19/FE_RC_57340_0             | A1 v -> ZN ^ | ND2D4     | 0.022 |  13.806 |   -8.336 | 
     | sfp_instance/div2/div_19/FE_RC_57561_0             | A1 ^ -> ZN v | ND2D2     | 0.027 |  13.832 |   -8.310 | 
     | sfp_instance/div2/div_19/FE_RC_57641_0             | B v -> ZN ^  | IOA21D2   | 0.021 |  13.854 |   -8.288 | 
     | sfp_instance/div2/div_19/u_div_u_fa_PartRem_0_11_1 | CI ^ -> CO ^ | FA1D2     | 0.073 |  13.927 |   -8.215 | 
     | 0                                                  |              |           |       |         |          | 
     | sfp_instance/div2/div_19/FE_RC_45627_0             | A2 ^ -> ZN v | OAI211D4  | 0.045 |  13.972 |   -8.170 | 
     | sfp_instance/div2/div_19/FE_RC_50299_0             | A2 v -> ZN ^ | OAI211D4  | 0.049 |  14.021 |   -8.121 | 
     | sfp_instance/div2/div_19/FE_RC_50533_0             | A1 ^ -> ZN v | CKND2D4   | 0.029 |  14.049 |   -8.092 | 
     | sfp_instance/div2/div_19/FE_RC_50532_0             | A1 v -> ZN ^ | ND2D4     | 0.030 |  14.079 |   -8.063 | 
     | sfp_instance/div2/div_19/FE_RC_29492_0             | B1 ^ -> ZN v | IND2D4    | 0.037 |  14.116 |   -8.026 | 
     | sfp_instance/div2/div_19/FE_RC_36639_0_dup         | A1 v -> ZN ^ | CKND2D8   | 0.035 |  14.151 |   -7.991 | 
     | sfp_instance/div2/div_19/FE_RC_36331_0             | A1 ^ -> ZN ^ | IND2D4    | 0.046 |  14.197 |   -7.945 | 
     | sfp_instance/div2/div_19/FE_RC_36138_0             | A1 ^ -> ZN v | CKND2D4   | 0.023 |  14.220 |   -7.922 | 
     | sfp_instance/div2/div_19/u_div_u_fa_PartRem_0_10_3 | A v -> CO v  | FA1D1     | 0.143 |  14.363 |   -7.779 | 
     | sfp_instance/div2/div_19/u_div_u_fa_PartRem_0_10_4 | CI v -> CO v | FA1D1     | 0.074 |  14.436 |   -7.705 | 
     | sfp_instance/div2/div_19/u_div_u_fa_PartRem_0_10_5 | CI v -> CO v | FA1D1     | 0.074 |  14.511 |   -7.631 | 
     | sfp_instance/div2/div_19/u_div_u_fa_PartRem_0_10_6 | CI v -> CO v | FA1D1     | 0.074 |  14.585 |   -7.557 | 
     | sfp_instance/div2/div_19/u_div_u_fa_PartRem_0_10_7 | CI v -> CO v | FA1D1     | 0.076 |  14.661 |   -7.481 | 
     | sfp_instance/div2/div_19/u_div_u_fa_PartRem_0_10_8 | CI v -> CO v | FA1D2     | 0.086 |  14.747 |   -7.395 | 
     | sfp_instance/div2/div_19/FE_RC_45988_0             | A2 v -> ZN ^ | OAI211D4  | 0.049 |  14.796 |   -7.346 | 
     | sfp_instance/div2/div_19/FE_RC_57103_0             | A1 ^ -> ZN v | OAI21D4   | 0.038 |  14.834 |   -7.308 | 
     | sfp_instance/div2/div_19/FE_RC_35566_0             | A1 v -> ZN ^ | OAI21D4   | 0.040 |  14.874 |   -7.268 | 
     | sfp_instance/div2/div_19/FE_RC_33421_0             | A1 ^ -> ZN v | ND2D4     | 0.031 |  14.905 |   -7.237 | 
     | sfp_instance/div2/div_19/FE_RC_36496_0             | B1 v -> ZN ^ | IND2D4    | 0.031 |  14.936 |   -7.206 | 
     | sfp_instance/div2/div_19/FE_RC_9268_0              | I ^ -> ZN v  | INVD12    | 0.029 |  14.965 |   -7.177 | 
     | sfp_instance/div2/div_19/FE_RC_9464_0              | A1 v -> ZN ^ | NR2XD4    | 0.029 |  14.994 |   -7.148 | 
     | sfp_instance/div2/div_19/FE_RC_58013_0             | A2 ^ -> ZN v | OAI21D4   | 0.031 |  15.025 |   -7.117 | 
     | sfp_instance/div2/div_19/FE_RC_58012_0             | A1 v -> ZN ^ | CKND2D4   | 0.028 |  15.053 |   -7.089 | 
     | sfp_instance/div2/div_19/FE_RC_20888_0             | A1 ^ -> ZN v | ND2D4     | 0.027 |  15.080 |   -7.062 | 
     | sfp_instance/div2/div_19/FE_RC_20887_0             | A1 v -> ZN ^ | ND2D4     | 0.020 |  15.100 |   -7.042 | 
     | sfp_instance/div2/div_19/FE_RC_41623_0             | A1 ^ -> ZN v | CKND2D4   | 0.021 |  15.121 |   -7.021 | 
     | sfp_instance/div2/div_19/FE_RC_41622_0             | A1 v -> ZN ^ | ND2D2     | 0.018 |  15.139 |   -7.003 | 
     | sfp_instance/div2/div_19/u_div_u_fa_PartRem_0_9_4  | CI ^ -> CO ^ | FA1D2     | 0.069 |  15.208 |   -6.934 | 
     | sfp_instance/div2/div_19/FE_RC_6266_0              | B1 ^ -> ZN v | IND2D4    | 0.032 |  15.240 |   -6.902 | 
     | sfp_instance/div2/div_19/FE_RC_46016_0             | A2 v -> ZN ^ | OAI211D4  | 0.043 |  15.283 |   -6.859 | 
     | sfp_instance/div2/div_19/FE_RC_16466_0             | A1 ^ -> ZN v | ND2D4     | 0.032 |  15.315 |   -6.827 | 
     | sfp_instance/div2/div_19/FE_RC_51050_0             | B1 v -> ZN ^ | IND2D4    | 0.024 |  15.339 |   -6.803 | 
     | sfp_instance/div2/div_19/FE_RC_51049_0             | A1 ^ -> ZN v | ND2D4     | 0.024 |  15.363 |   -6.779 | 
     | sfp_instance/div2/div_19/FE_RC_39361_0             | A1 v -> ZN ^ | ND2D4     | 0.024 |  15.387 |   -6.755 | 
     | sfp_instance/div2/div_19/FE_RC_42179_0             | A1 ^ -> ZN v | ND2D4     | 0.027 |  15.414 |   -6.728 | 
     | sfp_instance/div2/div_19/FE_RC_46341_0             | B1 v -> ZN ^ | IND2D4    | 0.021 |  15.435 |   -6.707 | 
     | sfp_instance/div2/div_19/FE_RC_46340_0             | A1 ^ -> ZN v | ND2D4     | 0.024 |  15.459 |   -6.682 | 
     | sfp_instance/div2/div_19/FE_RC_46802_0             | B1 v -> ZN ^ | IND2D4    | 0.021 |  15.481 |   -6.661 | 
     | sfp_instance/div2/div_19/FE_RC_46801_0             | A1 ^ -> ZN v | ND2D4     | 0.027 |  15.507 |   -6.635 | 
     | sfp_instance/div2/div_19/FE_RC_47458_0             | A2 v -> ZN ^ | OAI211D4  | 0.042 |  15.549 |   -6.593 | 
     | sfp_instance/div2/div_19/FE_RC_57670_0             | A1 ^ -> ZN v | ND2D3     | 0.033 |  15.582 |   -6.560 | 
     | sfp_instance/div2/div_19/FE_RC_57668_0             | B1 v -> ZN ^ | IND2D4    | 0.025 |  15.606 |   -6.536 | 
     | sfp_instance/div2/div_19/FE_RC_57858_0             | B1 ^ -> ZN v | IND2D4    | 0.024 |  15.631 |   -6.511 | 
     | sfp_instance/div2/div_19/FE_RC_57857_0             | A1 v -> ZN ^ | ND2D4     | 0.022 |  15.653 |   -6.489 | 
     | sfp_instance/div2/div_19/FE_RC_46025_0             | B1 ^ -> ZN v | IND2D4    | 0.034 |  15.687 |   -6.455 | 
     | sfp_instance/div2/div_19/FE_RC_47541_0             | B1 v -> ZN ^ | IND2D4    | 0.027 |  15.714 |   -6.428 | 
     | sfp_instance/div2/div_19/U350_dup1                 | A1 ^ -> Z ^  | AN2D8     | 0.070 |  15.784 |   -6.358 | 
     | sfp_instance/div2/div_19/FE_RC_38751_0             | B1 ^ -> ZN v | IND2D4    | 0.031 |  15.815 |   -6.327 | 
     | sfp_instance/div2/div_19/FE_RC_1482_0_dup          | A1 v -> ZN ^ | CKND2D4   | 0.022 |  15.837 |   -6.305 | 
     | sfp_instance/div2/div_19/FE_RC_13640_0             | A1 ^ -> ZN v | ND2D3     | 0.024 |  15.862 |   -6.280 | 
     | sfp_instance/div2/div_19/FE_RC_13639_0             | A1 v -> ZN ^ | CKND2D4   | 0.027 |  15.889 |   -6.253 | 
     | sfp_instance/div2/div_19/FE_RC_32636_0             | A1 ^ -> ZN v | ND2D4     | 0.029 |  15.918 |   -6.224 | 
     | sfp_instance/div2/div_19/FE_RC_34585_0             | A1 v -> ZN ^ | ND2D4     | 0.020 |  15.938 |   -6.204 | 
     | sfp_instance/div2/div_19/FE_RC_36647_0             | A1 ^ -> ZN v | ND2D2     | 0.024 |  15.962 |   -6.180 | 
     | sfp_instance/div2/div_19/FE_RC_36646_0             | A1 v -> ZN ^ | CKND2D2   | 0.026 |  15.988 |   -6.154 | 
     | sfp_instance/div2/div_19/u_div_u_fa_PartRem_0_8_4  | CI ^ -> CO ^ | FA1D2     | 0.066 |  16.054 |   -6.088 | 
     | sfp_instance/div2/div_19/FE_RC_27946_0             | A1 ^ -> ZN v | ND2D2     | 0.028 |  16.082 |   -6.060 | 
     | sfp_instance/div2/div_19/FE_RC_30014_0             | A1 v -> ZN ^ | CKND2D2   | 0.027 |  16.109 |   -6.033 | 
     | sfp_instance/div2/div_19/FE_RC_36169_0             | A1 ^ -> ZN v | ND2D2     | 0.031 |  16.140 |   -6.002 | 
     | sfp_instance/div2/div_19/FE_RC_36168_0             | A1 v -> ZN ^ | CKND2D4   | 0.028 |  16.169 |   -5.973 | 
     | sfp_instance/div2/div_19/FE_RC_3494_0              | B1 ^ -> ZN v | IND2D4    | 0.034 |  16.203 |   -5.939 | 
     | sfp_instance/div2/div_19/FE_RC_34840_0             | A1 v -> ZN ^ | OAI21D4   | 0.042 |  16.245 |   -5.897 | 
     | sfp_instance/div2/div_19/FE_RC_27924_0             | A2 ^ -> ZN v | OAI211D4  | 0.038 |  16.283 |   -5.858 | 
     | sfp_instance/div2/div_19/FE_RC_30362_0             | A1 v -> ZN ^ | ND2D2     | 0.028 |  16.312 |   -5.830 | 
     | sfp_instance/div2/div_19/u_div_u_fa_PartRem_0_8_12 | CI ^ -> CO ^ | FA1D1     | 0.065 |  16.377 |   -5.765 | 
     | sfp_instance/div2/div_19/u_div_u_fa_PartRem_0_8_13 | CI ^ -> CO ^ | FA1D1     | 0.069 |  16.447 |   -5.695 | 
     | sfp_instance/div2/div_19/u_div_u_fa_PartRem_0_8_14 | CI ^ -> CO ^ | FA1D1     | 0.070 |  16.516 |   -5.626 | 
     | sfp_instance/div2/div_19/u_div_u_fa_PartRem_0_8_15 | CI ^ -> CO ^ | FA1D1     | 0.068 |  16.585 |   -5.557 | 
     | sfp_instance/div2/div_19/u_div_u_fa_PartRem_0_8_16 | CI ^ -> CO ^ | FA1D1     | 0.069 |  16.654 |   -5.488 | 
     | sfp_instance/div2/div_19/u_div_u_fa_PartRem_0_8_17 | CI ^ -> CO ^ | FA1D1     | 0.075 |  16.729 |   -5.413 | 
     | sfp_instance/div2/div_19/u_div_u_fa_PartRem_0_8_18 | CI ^ -> CO ^ | FA1D1     | 0.072 |  16.801 |   -5.341 | 
     | sfp_instance/div2/div_19/u_div_u_fa_PartRem_0_8_19 | CI ^ -> CO ^ | FA1D1     | 0.067 |  16.868 |   -5.274 | 
     | sfp_instance/div2/div_19/u_div_u_fa_PartRem_0_8_20 | CI ^ -> CO ^ | FA1D1     | 0.069 |  16.937 |   -5.205 | 
     | sfp_instance/div2/div_19/u_div_u_fa_PartRem_0_8_21 | CI ^ -> CO ^ | FA1D1     | 0.069 |  17.005 |   -5.137 | 
     | sfp_instance/div2/div_19/u_div_u_fa_PartRem_0_8_22 | CI ^ -> CO ^ | FA1D2     | 0.078 |  17.083 |   -5.059 | 
     | sfp_instance/div2/div_19/FE_RC_58053_0             | A1 ^ -> Z ^  | AN2D8     | 0.076 |  17.159 |   -4.983 | 
     | sfp_instance/div2/div_19/FE_RC_46058_0             | A1 ^ -> ZN v | NR2D4     | 0.020 |  17.179 |   -4.963 | 
     | sfp_instance/div2/div_19/FE_RC_46056_0             | B v -> ZN ^  | AOI21D2   | 0.062 |  17.241 |   -4.901 | 
     | sfp_instance/div2/div_19/FE_RC_46055_0             | A1 ^ -> ZN v | OAI21D4   | 0.036 |  17.277 |   -4.865 | 
     | sfp_instance/div2/div_19/FE_RC_34753_0             | A1 v -> ZN ^ | ND2D2     | 0.027 |  17.304 |   -4.838 | 
     | sfp_instance/div2/div_19/FE_RC_34752_0             | A1 ^ -> ZN v | ND2D3     | 0.028 |  17.331 |   -4.810 | 
     | sfp_instance/div2/div_19/FE_RC_57225_0             | A1 v -> ZN ^ | ND2D2     | 0.022 |  17.353 |   -4.789 | 
     | sfp_instance/div2/div_19/FE_RC_57806_0             | A1 ^ -> ZN v | ND2D2     | 0.026 |  17.380 |   -4.762 | 
     | sfp_instance/div2/div_19/u_div_u_fa_PartRem_0_7_4  | CI v -> CO v | FA1D2     | 0.081 |  17.461 |   -4.681 | 
     | sfp_instance/div2/div_19/FE_RC_38609_0             | A1 v -> ZN ^ | ND2D2     | 0.032 |  17.493 |   -4.649 | 
     | sfp_instance/div2/div_19/FE_RC_38608_0             | A1 ^ -> ZN v | CKND2D4   | 0.024 |  17.517 |   -4.624 | 
     | sfp_instance/div2/div_19/FE_RC_3722_0              | B1 v -> ZN ^ | IND2D4    | 0.024 |  17.542 |   -4.600 | 
     | sfp_instance/div2/div_19/FE_RC_24424_0             | B1 ^ -> ZN v | IND2D4    | 0.026 |  17.568 |   -4.574 | 
     | sfp_instance/div2/div_19/FE_RC_28470_0             | B1 v -> ZN ^ | IND2D4    | 0.022 |  17.589 |   -4.553 | 
     | sfp_instance/div2/div_19/FE_RC_28469_0             | A1 ^ -> ZN v | ND2D4     | 0.025 |  17.614 |   -4.528 | 
     | sfp_instance/div2/div_19/FE_RC_41627_0             | B1 v -> ZN ^ | IND2D4    | 0.021 |  17.635 |   -4.507 | 
     | sfp_instance/div2/div_19/FE_RC_41626_0             | A1 ^ -> ZN v | ND2D4     | 0.024 |  17.659 |   -4.483 | 
     | sfp_instance/div2/div_19/FE_RC_41591_0             | B1 v -> ZN ^ | IND2D4    | 0.021 |  17.680 |   -4.462 | 
     | sfp_instance/div2/div_19/FE_RC_41590_0             | A1 ^ -> ZN v | CKND2D4   | 0.028 |  17.708 |   -4.434 | 
     | sfp_instance/div2/div_19/FE_RC_21018_0             | B1 v -> ZN ^ | IND2D4    | 0.027 |  17.736 |   -4.406 | 
     | sfp_instance/div2/div_19/FE_RC_45844_0             | A1 ^ -> ZN v | OAI21D4   | 0.032 |  17.768 |   -4.374 | 
     | sfp_instance/div2/div_19/FE_RC_39224_0             | B1 v -> ZN ^ | IND2D4    | 0.026 |  17.794 |   -4.347 | 
     | sfp_instance/div2/div_19/FE_RC_39231_0             | A1 ^ -> ZN v | ND2D4     | 0.029 |  17.824 |   -4.318 | 
     | sfp_instance/div2/div_19/FE_RC_49380_0             | B1 v -> ZN ^ | IND2D4    | 0.028 |  17.851 |   -4.290 | 
     | sfp_instance/div2/div_19/FE_RC_51242_0             | A1 ^ -> ZN v | ND2D8     | 0.048 |  17.900 |   -4.242 | 
     | sfp_instance/div2/div_19/FE_RC_48722_0             | A1 v -> ZN ^ | ND2D4     | 0.032 |  17.931 |   -4.210 | 
     | sfp_instance/div2/div_19/FE_RC_51250_0             | B ^ -> ZN v  | OAI21D4   | 0.035 |  17.966 |   -4.175 | 
     | sfp_instance/div2/div_19/u_div_u_fa_PartRem_0_6_2  | A v -> CO v  | FA1D1     | 0.148 |  18.114 |   -4.028 | 
     | sfp_instance/div2/div_19/u_div_u_fa_PartRem_0_6_3  | CI v -> CO v | FA1D2     | 0.076 |  18.190 |   -3.952 | 
     | sfp_instance/div2/div_19/u_div_u_fa_PartRem_0_6_4  | CI v -> CO v | FA1D2     | 0.080 |  18.270 |   -3.872 | 
     | sfp_instance/div2/div_19/FE_RC_18074_0             | A1 v -> ZN ^ | ND2D2     | 0.027 |  18.297 |   -3.845 | 
     | sfp_instance/div2/div_19/FE_RC_18073_0             | A1 ^ -> ZN v | ND2D2     | 0.029 |  18.326 |   -3.815 | 
     | sfp_instance/div2/div_19/FE_RC_22371_0             | A1 v -> ZN ^ | ND2D2     | 0.028 |  18.354 |   -3.788 | 
     | sfp_instance/div2/div_19/FE_RC_22370_0             | A1 ^ -> ZN v | CKND2D4   | 0.025 |  18.379 |   -3.763 | 
     | sfp_instance/div2/div_19/FE_RC_40509_0             | B1 v -> ZN ^ | IND2D4    | 0.025 |  18.404 |   -3.738 | 
     | sfp_instance/div2/div_19/FE_RC_42238_0             | B1 ^ -> ZN v | IND2D4    | 0.024 |  18.428 |   -3.714 | 
     | sfp_instance/div2/div_19/FE_RC_57332_0             | B1 v -> ZN ^ | IND2D4    | 0.020 |  18.448 |   -3.694 | 
     | sfp_instance/div2/div_19/FE_RC_57331_0             | A1 ^ -> ZN v | CKND2D4   | 0.023 |  18.471 |   -3.671 | 
     | sfp_instance/div2/div_19/FE_RC_9647_0              | B1 v -> ZN ^ | IND2D4    | 0.027 |  18.497 |   -3.645 | 
     | sfp_instance/div2/div_19/FE_RC_28692_0             | A1 ^ -> ZN v | OAI21D4   | 0.028 |  18.526 |   -3.616 | 
     | sfp_instance/div2/div_19/FE_RC_5829_0              | A1 v -> ZN ^ | ND2D4     | 0.027 |  18.553 |   -3.589 | 
     | sfp_instance/div2/div_19/FE_RC_5828_0              | A1 ^ -> ZN v | ND2D8     | 0.031 |  18.584 |   -3.558 | 
     | sfp_instance/div2/div_19/FE_RC_20471_0_dup         | A1 v -> ZN ^ | OAI21D4   | 0.040 |  18.624 |   -3.517 | 
     | sfp_instance/div2/div_19/FE_RC_35718_0             | A1 ^ -> ZN v | OAI21D4   | 0.032 |  18.657 |   -3.485 | 
     | sfp_instance/div2/div_19/FE_RC_50025_0_dup         | B1 v -> ZN ^ | IND2D4    | 0.029 |  18.686 |   -3.456 | 
     | sfp_instance/div2/div_19/FE_RC_33729_0             | A1 ^ -> ZN v | ND2D8     | 0.042 |  18.728 |   -3.414 | 
     | sfp_instance/div2/div_19/FE_RC_10658_0_dup         | A1 v -> ZN v | IND2D4    | 0.064 |  18.792 |   -3.350 | 
     | sfp_instance/div2/div_19/FE_RC_12222_0             | A1 v -> ZN ^ | ND2D4     | 0.026 |  18.818 |   -3.324 | 
     | sfp_instance/div2/div_19/FE_RC_10349_0             | A1 ^ -> ZN v | ND2D4     | 0.023 |  18.841 |   -3.301 | 
     | sfp_instance/div2/div_19/FE_RC_10345_0             | A2 v -> ZN ^ | CKND2D4   | 0.044 |  18.885 |   -3.257 | 
     | sfp_instance/div2/div_19/FE_RC_41646_0             | B1 ^ -> ZN v | IND2D4    | 0.027 |  18.912 |   -3.230 | 
     | sfp_instance/div2/div_19/FE_RC_41645_0             | A1 v -> ZN ^ | ND2D4     | 0.022 |  18.934 |   -3.208 | 
     | sfp_instance/div2/div_19/FE_RC_13984_0             | A1 ^ -> ZN v | ND2D4     | 0.025 |  18.959 |   -3.183 | 
     | sfp_instance/div2/div_19/FE_RC_13983_0             | A1 v -> ZN ^ | ND2D4     | 0.021 |  18.980 |   -3.162 | 
     | sfp_instance/div2/div_19/FE_RC_57543_0             | A1 ^ -> ZN v | ND2D4     | 0.029 |  19.008 |   -3.134 | 
     | sfp_instance/div2/div_19/FE_RC_57542_0             | A1 v -> ZN ^ | ND2D4     | 0.024 |  19.032 |   -3.109 | 
     | sfp_instance/div2/div_19/FE_RC_2328_0              | B1 ^ -> ZN v | IND2D4    | 0.026 |  19.058 |   -3.083 | 
     | sfp_instance/div2/div_19/FE_RC_38071_0             | A1 v -> ZN ^ | OAI21D4   | 0.033 |  19.091 |   -3.050 | 
     | sfp_instance/div2/div_19/FE_RC_39136_0             | A1 ^ -> ZN v | ND2D2     | 0.031 |  19.123 |   -3.019 | 
     | sfp_instance/div2/div_19/FE_RC_40973_0             | A1 v -> ZN ^ | CKND2D4   | 0.028 |  19.151 |   -2.991 | 
     | sfp_instance/div2/div_19/FE_RC_57666_0             | B1 ^ -> ZN v | IND2D4    | 0.027 |  19.178 |   -2.964 | 
     | sfp_instance/div2/div_19/FE_RC_57665_0             | A1 v -> ZN ^ | ND2D4     | 0.022 |  19.201 |   -2.941 | 
     | sfp_instance/div2/div_19/FE_RC_46064_0             | A1 ^ -> ZN v | ND2D4     | 0.026 |  19.227 |   -2.915 | 
     | sfp_instance/div2/div_19/FE_RC_47823_0             | A1 v -> ZN ^ | OAI21D4   | 0.035 |  19.262 |   -2.880 | 
     | sfp_instance/div2/div_19/FE_RC_22442_0             | A1 ^ -> ZN v | ND2D2     | 0.027 |  19.289 |   -2.853 | 
     | sfp_instance/div2/div_19/FE_RC_22441_0             | B v -> ZN ^  | IOA21D2   | 0.023 |  19.312 |   -2.830 | 
     | sfp_instance/div2/div_19/u_div_u_fa_PartRem_0_5_15 | CI ^ -> CO ^ | FA1D1     | 0.067 |  19.379 |   -2.763 | 
     | sfp_instance/div2/div_19/u_div_u_fa_PartRem_0_5_16 | CI ^ -> CO ^ | FA1D2     | 0.072 |  19.451 |   -2.691 | 
     | sfp_instance/div2/div_19/FE_RC_26334_0             | A2 ^ -> ZN v | OAI211D4  | 0.043 |  19.494 |   -2.648 | 
     | sfp_instance/div2/div_19/FE_RC_26201_0_dup         | A1 v -> ZN ^ | ND2D4     | 0.042 |  19.536 |   -2.606 | 
     | sfp_instance/div2/div_19/FE_RC_36642_0             | B1 ^ -> ZN v | IND2D4    | 0.035 |  19.570 |   -2.571 | 
     | sfp_instance/div2/div_19/FE_RC_36641_0             | A1 v -> ZN ^ | ND2D8     | 0.042 |  19.612 |   -2.530 | 
     | sfp_instance/div2/div_19/FE_RC_30672_0             | A1 ^ -> ZN v | ND2D3     | 0.033 |  19.645 |   -2.497 | 
     | sfp_instance/div2/div_19/FE_RC_30710_0             | B v -> ZN ^  | OAI21D2   | 0.033 |  19.677 |   -2.464 | 
     | sfp_instance/div2/div_19/FE_RC_46256_0             | A1 ^ -> ZN ^ | IND2D2    | 0.054 |  19.731 |   -2.411 | 
     | sfp_instance/div2/div_19/FE_RC_40542_0             | A2 ^ -> ZN v | ND2D2     | 0.029 |  19.760 |   -2.382 | 
     | sfp_instance/div2/div_19/FE_RC_40541_0             | A1 v -> ZN ^ | ND2D2     | 0.021 |  19.781 |   -2.361 | 
     | sfp_instance/div2/div_19/u_div_u_fa_PartRem_0_4_4  | CI ^ -> CO ^ | FA1D2     | 0.074 |  19.855 |   -2.287 | 
     | sfp_instance/div2/div_19/FE_RC_3158_0              | B1 ^ -> ZN v | IND2D4    | 0.032 |  19.886 |   -2.256 | 
     | sfp_instance/div2/div_19/FE_RC_41812_0             | B1 v -> ZN ^ | IND2D4    | 0.021 |  19.908 |   -2.234 | 
     | sfp_instance/div2/div_19/FE_RC_57338_0             | B1 ^ -> ZN v | IND2D4    | 0.023 |  19.930 |   -2.211 | 
     | sfp_instance/div2/div_19/FE_RC_57336_0             | B1 v -> ZN ^ | IND2D4    | 0.023 |  19.953 |   -2.189 | 
     | sfp_instance/div2/div_19/FE_RC_4349_0              | A1 ^ -> ZN v | ND2D4     | 0.027 |  19.980 |   -2.161 | 
     | sfp_instance/div2/div_19/FE_RC_57675_0             | B1 v -> ZN ^ | IND2D4    | 0.022 |  20.002 |   -2.139 | 
     | sfp_instance/div2/div_19/FE_RC_57674_0             | A1 ^ -> ZN v | ND2D4     | 0.024 |  20.026 |   -2.116 | 
     | sfp_instance/div2/div_19/FE_RC_10682_0             | A1 v -> ZN ^ | ND2D4     | 0.021 |  20.048 |   -2.094 | 
     | sfp_instance/div2/div_19/FE_RC_5070_0              | B1 ^ -> ZN v | IND2D4    | 0.031 |  20.079 |   -2.063 | 
     | sfp_instance/div2/div_19/FE_RC_30446_0             | A1 v -> ZN ^ | OAI21D4   | 0.038 |  20.117 |   -2.025 | 
     | sfp_instance/div2/div_19/FE_RC_32935_0             | A1 ^ -> ZN v | ND2D2     | 0.030 |  20.147 |   -1.995 | 
     | sfp_instance/div2/div_19/FE_RC_32934_0             | A1 v -> ZN ^ | CKND2D2   | 0.028 |  20.174 |   -1.967 | 
     | sfp_instance/div2/div_19/FE_RC_40021_0             | A1 ^ -> ZN v | ND2D2     | 0.025 |  20.199 |   -1.943 | 
     | sfp_instance/div2/div_19/FE_RC_40020_0             | A1 v -> ZN ^ | ND2D2     | 0.028 |  20.228 |   -1.914 | 
     | sfp_instance/div2/div_19/FE_RC_40933_0             | B1 ^ -> ZN v | IND2D4    | 0.032 |  20.260 |   -1.882 | 
     | sfp_instance/div2/div_19/FE_RC_40932_0             | A1 v -> ZN ^ | ND2D4     | 0.025 |  20.285 |   -1.857 | 
     | sfp_instance/div2/div_19/FE_RC_41005_0             | B1 ^ -> ZN v | IND2D4    | 0.027 |  20.311 |   -1.830 | 
     | sfp_instance/div2/div_19/FE_RC_48883_0             | A1 v -> ZN ^ | AOI21D4   | 0.046 |  20.358 |   -1.784 | 
     | sfp_instance/div2/div_19/FE_RC_46154_0             | A1 ^ -> ZN v | OAI21D4   | 0.047 |  20.405 |   -1.737 | 
     | sfp_instance/div2/div_19/FE_RC_46153_0             | A1 v -> ZN ^ | ND2D8     | 0.040 |  20.445 |   -1.697 | 
     | sfp_instance/div2/div_19/FE_RC_31153_0             | A1 ^ -> ZN v | ND2D4     | 0.030 |  20.475 |   -1.667 | 
     | sfp_instance/div2/div_19/FE_RC_49346_0             | B v -> ZN ^  | OAI21D4   | 0.029 |  20.504 |   -1.638 | 
     | sfp_instance/div2/div_19/u_div_u_fa_PartRem_0_3_2  | A ^ -> CO ^  | FA1D1     | 0.141 |  20.644 |   -1.497 | 
     | sfp_instance/div2/div_19/u_div_u_fa_PartRem_0_3_3  | CI ^ -> CO ^ | FA1D2     | 0.067 |  20.711 |   -1.430 | 
     | sfp_instance/div2/div_19/FE_RC_9968_0              | A1 ^ -> ZN v | ND2D2     | 0.026 |  20.737 |   -1.404 | 
     | sfp_instance/div2/div_19/FE_RC_9967_0              | A1 v -> ZN ^ | ND2D2     | 0.029 |  20.767 |   -1.375 | 
     | sfp_instance/div2/div_19/FE_RC_57318_0             | B1 ^ -> ZN v | IND2D4    | 0.029 |  20.796 |   -1.346 | 
     | sfp_instance/div2/div_19/FE_RC_57317_0             | A1 v -> ZN ^ | CKND2D4   | 0.027 |  20.823 |   -1.319 | 
     | sfp_instance/div2/div_19/FE_RC_3580_0              | B1 ^ -> ZN v | IND2D4    | 0.031 |  20.854 |   -1.288 | 
     | sfp_instance/div2/div_19/FE_RC_3579_0              | A1 v -> ZN ^ | ND2D4     | 0.024 |  20.878 |   -1.264 | 
     | sfp_instance/div2/div_19/FE_RC_5271_0              | B1 ^ -> ZN v | IND2D4    | 0.033 |  20.910 |   -1.231 | 
     | sfp_instance/div2/div_19/FE_RC_46667_0             | A1 v -> ZN ^ | CKND2D4   | 0.026 |  20.936 |   -1.205 | 
     | sfp_instance/div2/div_19/FE_RC_46738_0             | B1 ^ -> ZN v | IND2D4    | 0.026 |  20.963 |   -1.179 | 
     | sfp_instance/div2/div_19/FE_RC_47864_0             | A1 v -> ZN ^ | OAI21D4   | 0.039 |  21.002 |   -1.140 | 
     | sfp_instance/div2/div_19/FE_RC_11947_0             | A1 ^ -> ZN v | ND2D4     | 0.033 |  21.035 |   -1.107 | 
     | sfp_instance/div2/div_19/FE_RC_23201_0             | A2 v -> ZN ^ | OAI211D4  | 0.041 |  21.076 |   -1.066 | 
     | sfp_instance/div2/div_19/FE_RC_51120_0             | A1 ^ -> ZN v | ND2D2     | 0.029 |  21.105 |   -1.037 | 
     | sfp_instance/div2/div_19/FE_RC_51119_0             | A1 v -> ZN ^ | ND2D2     | 0.024 |  21.129 |   -1.013 | 
     | sfp_instance/div2/div_19/u_div_u_fa_PartRem_0_3_15 | CI ^ -> CO ^ | FA1D1     | 0.071 |  21.200 |   -0.942 | 
     | sfp_instance/div2/div_19/u_div_u_fa_PartRem_0_3_16 | CI ^ -> CO ^ | FA1D1     | 0.073 |  21.273 |   -0.869 | 
     | sfp_instance/div2/div_19/u_div_u_fa_PartRem_0_3_17 | CI ^ -> CO ^ | FA1D1     | 0.068 |  21.341 |   -0.801 | 
     | sfp_instance/div2/div_19/u_div_u_fa_PartRem_0_3_18 | CI ^ -> CO ^ | FA1D1     | 0.067 |  21.408 |   -0.733 | 
     | sfp_instance/div2/div_19/u_div_u_fa_PartRem_0_3_19 | CI ^ -> CO ^ | FA1D2     | 0.077 |  21.485 |   -0.657 | 
     | sfp_instance/div2/div_19/FE_RC_57382_0             | B1 ^ -> ZN v | IND2D4    | 0.037 |  21.522 |   -0.620 | 
     | sfp_instance/div2/div_19/FE_RC_57381_0             | A1 v -> ZN ^ | ND2D8     | 0.036 |  21.559 |   -0.583 | 
     | sfp_instance/div2/div_19/FE_RC_38214_0             | B1 ^ -> ZN v | IND2D4    | 0.032 |  21.591 |   -0.551 | 
     | sfp_instance/div2/div_19/FE_RC_38212_0             | B v -> ZN ^  | OAI21D4   | 0.026 |  21.617 |   -0.525 | 
     | sfp_instance/div2/div_19/u_div_u_fa_PartRem_0_2_2  | A ^ -> CO ^  | FA1D4     | 0.146 |  21.762 |   -0.379 | 
     | sfp_instance/div2/div_19/FE_RC_46356_0             | B1 ^ -> ZN v | IND2D4    | 0.028 |  21.790 |   -0.351 | 
     | sfp_instance/div2/div_19/FE_RC_46355_0             | A1 v -> ZN ^ | ND2D4     | 0.021 |  21.812 |   -0.330 | 
     | sfp_instance/div2/div_19/FE_RC_46297_0             | B1 ^ -> ZN v | IND2D4    | 0.024 |  21.836 |   -0.306 | 
     | sfp_instance/div2/div_19/FE_RC_46296_0             | A1 v -> ZN ^ | CKND2D4   | 0.028 |  21.864 |   -0.278 | 
     | sfp_instance/div2/div_19/FE_RC_49150_0             | B1 ^ -> ZN v | IND2D4    | 0.029 |  21.893 |   -0.249 | 
     | sfp_instance/div2/div_19/FE_RC_47363_0             | A1 v -> ZN ^ | ND2D4     | 0.021 |  21.914 |   -0.228 | 
     | sfp_instance/div2/div_19/FE_RC_3858_0              | B1 ^ -> ZN v | IND2D4    | 0.029 |  21.943 |   -0.199 | 
     | sfp_instance/div2/div_19/FE_RC_48329_0             | A1 v -> ZN ^ | OAI21D4   | 0.042 |  21.985 |   -0.156 | 
     | sfp_instance/div2/div_19/FE_RC_21516_0             | A1 ^ -> ZN v | ND2D4     | 0.033 |  22.019 |   -0.123 | 
     | sfp_instance/div2/div_19/FE_RC_46060_0             | A1 v -> ZN ^ | OAI21D4   | 0.040 |  22.059 |   -0.083 | 
     | sfp_instance/div2/div_19/FE_RC_28766_0             | A1 ^ -> ZN v | ND2D2     | 0.030 |  22.089 |   -0.053 | 
     | sfp_instance/div2/div_19/FE_RC_28765_0             | A1 v -> ZN ^ | ND2D2     | 0.025 |  22.114 |   -0.028 | 
     | sfp_instance/div2/div_19/FE_RC_31052_0             | A1 ^ -> ZN v | ND2D2     | 0.025 |  22.139 |   -0.003 | 
     | sfp_instance/div2/div_19/FE_RC_31051_0             | A1 v -> ZN ^ | ND2D2     | 0.023 |  22.162 |    0.020 | 
     | sfp_instance/div2/div_19/u_div_u_fa_PartRem_0_2_14 | CI ^ -> CO ^ | FA1D1     | 0.065 |  22.227 |    0.085 | 
     | sfp_instance/div2/div_19/u_div_u_fa_PartRem_0_2_15 | CI ^ -> CO ^ | FA1D2     | 0.082 |  22.309 |    0.167 | 
     | sfp_instance/div2/div_19/FE_RC_36922_0             | B1 ^ -> ZN v | IND2D4    | 0.035 |  22.344 |    0.202 | 
     | sfp_instance/div2/div_19/FE_RC_16021_0             | A1 v -> ZN ^ | ND2D4     | 0.024 |  22.367 |    0.226 | 
     | sfp_instance/div2/div_19/FE_RC_32532_0             | B1 ^ -> ZN v | IND2D4    | 0.034 |  22.401 |    0.260 | 
     | sfp_instance/div2/div_19/FE_RC_57327_0             | B1 v -> ZN ^ | IND2D4    | 0.023 |  22.424 |    0.282 | 
     | sfp_instance/div2/div_19/FE_RC_57837_0             | B1 ^ -> ZN v | IND2D4    | 0.029 |  22.453 |    0.311 | 
     | sfp_instance/div2/div_19/FE_RC_57836_0             | A1 v -> ZN ^ | CKND2D8   | 0.042 |  22.495 |    0.353 | 
     | sfp_instance/div2/div_19/FE_RC_39101_0_dup         | B1 ^ -> ZN v | IND2D4    | 0.035 |  22.530 |    0.388 | 
     | sfp_instance/div2/div_19/FE_RC_37903_0             | B1 v -> ZN ^ | IND2D4    | 0.025 |  22.555 |    0.413 | 
     | sfp_instance/div2/div_19/FE_RC_10209_0             | A1 ^ -> ZN v | ND2D4     | 0.025 |  22.580 |    0.438 | 
     | sfp_instance/div2/div_19/FE_RC_10205_0             | A1 v -> ZN ^ | CKND2D4   | 0.040 |  22.620 |    0.478 | 
     | sfp_instance/div2/div_19/FE_RC_10092_0             | A1 ^ -> ZN v | ND2D4     | 0.025 |  22.645 |    0.503 | 
     | sfp_instance/div2/div_19/FE_RC_10091_0             | A1 v -> ZN ^ | CKND2D4   | 0.025 |  22.670 |    0.528 | 
     | sfp_instance/div2/div_19/FE_RC_57325_0             | B1 ^ -> ZN v | IND2D4    | 0.026 |  22.696 |    0.554 | 
     | sfp_instance/div2/div_19/FE_RC_57323_0             | B1 v -> ZN ^ | IND2D4    | 0.022 |  22.718 |    0.576 | 
     | sfp_instance/div2/div_19/FE_RC_5314_0              | B1 ^ -> ZN v | IND2D4    | 0.024 |  22.742 |    0.600 | 
     | sfp_instance/div2/div_19/FE_RC_5313_0              | A1 v -> ZN ^ | CKND2D4   | 0.027 |  22.769 |    0.627 | 
     | sfp_instance/div2/div_19/FE_RC_5235_0              | B1 ^ -> ZN v | IND2D4    | 0.035 |  22.803 |    0.661 | 
     | sfp_instance/div2/div_19/FE_RC_58130_0             | A1 v -> ZN ^ | OAI21D4   | 0.040 |  22.844 |    0.702 | 
     | sfp_instance/div2/div_19/FE_RC_22450_0             | A1 ^ -> ZN v | ND2D4     | 0.033 |  22.876 |    0.734 | 
     | sfp_instance/div2/div_19/FE_RC_38231_0             | A1 v -> ZN ^ | OAI21D4   | 0.037 |  22.913 |    0.772 | 
     | sfp_instance/div2/div_19/FE_RC_47902_0             | A1 ^ -> ZN v | ND2D2     | 0.026 |  22.939 |    0.798 | 
     | sfp_instance/div2/div_19/FE_RC_57758_0             | A1 v -> ZN ^ | CKND2D2   | 0.026 |  22.965 |    0.823 | 
     | sfp_instance/div2/div_19/u_div_u_fa_PartRem_0_1_11 | CI ^ -> CO ^ | FA1D2     | 0.071 |  23.036 |    0.894 | 
     | sfp_instance/div2/div_19/FE_RC_32377_0             | B1 ^ -> ZN v | IND2D4    | 0.033 |  23.069 |    0.927 | 
     | sfp_instance/div2/div_19/FE_RC_46893_0             | B1 v -> ZN ^ | IND2D4    | 0.025 |  23.093 |    0.951 | 
     | sfp_instance/div2/div_19/FE_RC_57081_0             | A1 ^ -> ZN v | AOI21D4   | 0.028 |  23.121 |    0.979 | 
     | sfp_instance/div2/div_19/FE_RC_50906_0             | A1 v -> ZN ^ | OAI21D4   | 0.035 |  23.157 |    1.015 | 
     | sfp_instance/div2/div_19/FE_RC_51032_0             | A1 ^ -> ZN v | ND2D2     | 0.028 |  23.184 |    1.042 | 
     | sfp_instance/div2/div_19/FE_RC_57104_0             | B v -> ZN ^  | IOA21D2   | 0.030 |  23.214 |    1.072 | 
     | sfp_instance/div2/div_19/FE_RC_57306_0             | B1 ^ -> ZN v | IND2D2    | 0.032 |  23.246 |    1.104 | 
     | sfp_instance/div2/div_19/FE_RC_57305_0             | A1 v -> ZN ^ | ND2D2     | 0.024 |  23.270 |    1.128 | 
     | sfp_instance/div2/div_19/u_div_u_fa_PartRem_0_1_19 | CI ^ -> CO ^ | FA1D2     | 0.062 |  23.331 |    1.190 | 
     | sfp_instance/div2/div_19/u_div_u_fa_PartRem_0_1_20 | CI ^ -> CO ^ | FA1D1     | 0.067 |  23.398 |    1.257 | 
     | sfp_instance/div2/div_19/u_div_u_fa_PartRem_0_1_21 | CI ^ -> CO ^ | FA1D1     | 0.069 |  23.467 |    1.325 | 
     | sfp_instance/div2/div_19/u_div_u_fa_PartRem_0_1_22 | CI ^ -> CO ^ | FA1D2     | 0.084 |  23.550 |    1.409 | 
     | sfp_instance/div2/div_19/FE_RC_19724_0             | B1 ^ -> ZN v | IND2D4    | 0.050 |  23.601 |    1.459 | 
     | sfp_instance/div2/div_19/FE_RC_19723_0             | A1 v -> ZN ^ | ND2D8     | 0.053 |  23.653 |    1.512 | 
     | sfp_instance/FE_OCPC12393_div_out2_1_              | I ^ -> ZN v  | CKND12    | 0.038 |  23.692 |    1.550 | 
     | sfp_instance/FE_OFC3746_div_out2_1_                | I v -> ZN ^  | CKND12    | 0.026 |  23.718 |    1.576 | 
     | sfp_instance/sfp_out_sign2_reg_1_                  | D ^          | EDFKCNQD1 | 0.003 |  23.721 |    1.579 | 
     +------------------------------------------------------------------------------------------------------------+ 
Path 5: VIOLATED Setup Check with Pin sfp_instance/sfp_out_sign4_reg_0_/CP 
Endpoint:   sfp_instance/sfp_out_sign4_reg_0_/D     (^) checked with  leading 
edge of 'clk'
Beginpoint: sfp_instance/fifo_inst_int/q15_reg_3_/Q (v) triggered by  leading 
edge of 'clk'
Path Groups: {clk}
Analysis View: WC_VIEW
Other End Arrival Time          1.002
- Setup                         0.170
+ Phase Shift                   1.000
+ CPPR Adjustment               0.000
= Required Time                 1.833
- Arrival Time                 23.939
= Slack Time                  -22.106
     Clock Rise Edge                 0.000
     + Clock Network Latency (Prop)  0.725
     = Beginpoint Arrival Time       0.725
     +------------------------------------------------------------------------------------------------------------+ 
     |                      Instance                      |     Arc      |   Cell    | Delay | Arrival | Required | 
     |                                                    |              |           |       |  Time   |   Time   | 
     |----------------------------------------------------+--------------+-----------+-------+---------+----------| 
     | sfp_instance/fifo_inst_int/q15_reg_3_              | CP ^         |           |       |   0.725 |  -21.381 | 
     | sfp_instance/fifo_inst_int/q15_reg_3_              | CP ^ -> Q v  | DFQD4     | 0.140 |   0.865 |  -21.241 | 
     | sfp_instance/fifo_inst_int/fifo_mux_16_1a/mux_8_1b | A1 v -> ZN ^ | ND2D2     | 0.021 |   0.886 |  -21.220 | 
     | /fifo_mux_2_1d/FE_RC_46917_0                       |              |           |       |         |          | 
     | sfp_instance/fifo_inst_int/fifo_mux_16_1a/mux_8_1b | A1 ^ -> ZN v | ND2D2     | 0.023 |   0.910 |  -21.197 | 
     | /fifo_mux_2_1d/FE_RC_46915_0                       |              |           |       |         |          | 
     | sfp_instance/fifo_inst_int/fifo_mux_16_1a/mux_8_1b | A1 v -> ZN ^ | ND2D2     | 0.025 |   0.935 |  -21.172 | 
     | /fifo_mux_2_1f/FE_RC_7124_0                        |              |           |       |         |          | 
     | sfp_instance/fifo_inst_int/fifo_mux_16_1a/mux_8_1b | A1 ^ -> ZN v | CKND2D4   | 0.025 |   0.960 |  -21.146 | 
     | /fifo_mux_2_1f/FE_RC_46902_0                       |              |           |       |         |          | 
     | sfp_instance/fifo_inst_int/fifo_mux_16_1a/mux_8_1b | A1 v -> ZN ^ | ND2D4     | 0.020 |   0.980 |  -21.126 | 
     | /fifo_mux_2_1g/FE_RC_7371_0                        |              |           |       |         |          | 
     | sfp_instance/fifo_inst_int/fifo_mux_16_1a/mux_8_1b | A1 ^ -> ZN v | CKND2D4   | 0.022 |   1.002 |  -21.104 | 
     | /fifo_mux_2_1g/FE_RC_7370_0                        |              |           |       |         |          | 
     | sfp_instance/fifo_inst_int/fifo_mux_16_1a/mux_2_1a | B1 v -> ZN ^ | IND2D4    | 0.020 |   1.022 |  -21.084 | 
     | /FE_RC_42698_0                                     |              |           |       |         |          | 
     | sfp_instance/fifo_inst_int/fifo_mux_16_1a/mux_2_1a | A1 ^ -> ZN v | ND2D4     | 0.028 |   1.050 |  -21.057 | 
     | /FE_RC_7103_0                                      |              |           |       |         |          | 
     | sfp_instance/add_88/FE_RC_22209_0                  | A1 v -> ZN ^ | NR2XD2    | 0.028 |   1.077 |  -21.029 | 
     | sfp_instance/add_88/FE_RC_22210_0                  | I ^ -> ZN v  | CKND4     | 0.020 |   1.098 |  -21.009 | 
     | sfp_instance/add_88/FE_RC_21464_0                  | A1 v -> ZN ^ | ND2D4     | 0.017 |   1.115 |  -20.992 | 
     | sfp_instance/add_88/FE_RC_21463_0                  | A1 ^ -> ZN v | CKND2D4   | 0.023 |   1.137 |  -20.969 | 
     | sfp_instance/add_88/FE_RC_31222_0                  | A1 v -> ZN ^ | ND2D4     | 0.020 |   1.158 |  -20.949 | 
     | sfp_instance/add_88/FE_RC_31221_0                  | A1 ^ -> ZN v | ND2D4     | 0.027 |   1.185 |  -20.922 | 
     | sfp_instance/add_88/FE_RC_35028_0                  | A1 v -> ZN ^ | ND2D4     | 0.021 |   1.206 |  -20.901 | 
     | sfp_instance/add_88/FE_RC_35027_0                  | A1 ^ -> ZN v | ND2D4     | 0.026 |   1.232 |  -20.874 | 
     | sfp_instance/add_88/FE_RC_41927_0                  | A1 v -> ZN ^ | ND2D4     | 0.021 |   1.253 |  -20.854 | 
     | sfp_instance/add_88/FE_RC_41926_0                  | A1 ^ -> ZN v | CKND2D4   | 0.023 |   1.276 |  -20.830 | 
     | sfp_instance/add_88/FE_RC_39061_0                  | A1 v -> ZN ^ | ND2D4     | 0.023 |   1.300 |  -20.807 | 
     | sfp_instance/add_88/FE_RC_49937_0                  | A1 ^ -> ZN v | OAI21D4   | 0.023 |   1.323 |  -20.784 | 
     | sfp_instance/add_88/U1_9                           | CI v -> CO v | FA1D1     | 0.069 |   1.391 |  -20.715 | 
     | sfp_instance/add_88/U1_10                          | CI v -> CO v | FA1D2     | 0.082 |   1.474 |  -20.633 | 
     | sfp_instance/add_88/FE_RC_7041_0                   | A1 v -> ZN ^ | ND2D4     | 0.031 |   1.504 |  -20.602 | 
     | sfp_instance/add_88/FE_RC_16170_0                  | A1 ^ -> ZN v | OAI21D4   | 0.028 |   1.533 |  -20.574 | 
     | sfp_instance/add_88/FE_RC_31285_0                  | A1 v -> ZN ^ | OAI21D4   | 0.042 |   1.574 |  -20.532 | 
     | sfp_instance/add_88/FE_RC_9417_0                   | B1 ^ -> ZN v | IND2D4    | 0.030 |   1.604 |  -20.503 | 
     | sfp_instance/add_88/FE_RC_9416_0                   | A1 v -> ZN ^ | ND2D4     | 0.027 |   1.631 |  -20.476 | 
     | sfp_instance/add_88/FE_RC_58113_0                  | A1 ^ -> ZN v | OAI21D4   | 0.024 |   1.655 |  -20.452 | 
     | sfp_instance/add_88/U1_18                          | CI v -> CO v | FA1D2     | 0.080 |   1.735 |  -20.371 | 
     | sfp_instance/add_88/U1_19                          | CI v -> CO v | FA1D1     | 0.079 |   1.814 |  -20.292 | 
     | sfp_instance/add_88/U1_20                          | CI v -> CO v | FA1D1     | 0.075 |   1.889 |  -20.217 | 
     | sfp_instance/add_88/U1_21                          | CI v -> CO v | FA1D1     | 0.073 |   1.962 |  -20.144 | 
     | sfp_instance/add_88/U1_22                          | CI v -> CO v | FA1D1     | 0.079 |   2.041 |  -20.066 | 
     | sfp_instance/add_88/FE_RC_16841_0                  | A1 v -> ZN v | IND2D2    | 0.063 |   2.104 |  -20.003 | 
     | sfp_instance/add_88/FE_RC_16840_0                  | A1 v -> ZN ^ | ND2D4     | 0.034 |   2.138 |  -19.969 | 
     | sfp_instance/FE_OCPC13318_sum_2core_23_            | I ^ -> Z ^   | BUFFD16   | 0.103 |   2.240 |  -19.866 | 
     | sfp_instance/div4/div_19/FE_RC_41852_0             | A2 ^ -> ZN v | NR3D8     | 0.064 |   2.304 |  -19.802 | 
     | sfp_instance/div4/div_19/FE_RC_30628_0_dup         | A1 v -> ZN ^ | CKND2D8   | 0.055 |   2.359 |  -19.748 | 
     | sfp_instance/div4/div_19/FE_RC_31115_0             | A1 ^ -> ZN v | OAI21D4   | 0.038 |   2.397 |  -19.710 | 
     | sfp_instance/div4/div_19/FE_RC_22459_0             | A1 v -> ZN ^ | AOI21D4   | 0.044 |   2.441 |  -19.666 | 
     | sfp_instance/div4/div_19/FE_RC_22458_0             | A1 ^ -> ZN v | NR2XD4    | 0.034 |   2.475 |  -19.632 | 
     | sfp_instance/div4/div_19/FE_RC_42116_0             | I v -> ZN ^  | INVD4     | 0.020 |   2.495 |  -19.611 | 
     | sfp_instance/div4/div_19/FE_RC_42115_0             | A1 ^ -> ZN v | ND2D4     | 0.020 |   2.515 |  -19.592 | 
     | sfp_instance/div4/div_19/FE_RC_42261_0             | A1 v -> ZN ^ | ND2D3     | 0.020 |   2.534 |  -19.572 | 
     | sfp_instance/div4/div_19/u_div_u_fa_PartRem_0_28_2 | A ^ -> CO ^  | FA1D1     | 0.131 |   2.666 |  -19.441 | 
     | sfp_instance/div4/div_19/U458                      | A1 ^ -> Z ^  | AN2D4     | 0.062 |   2.728 |  -19.379 | 
     | sfp_instance/div4/div_19/FE_RC_21643_0             | A1 ^ -> ZN v | ND2D2     | 0.033 |   2.761 |  -19.346 | 
     | sfp_instance/div4/div_19/FE_RC_21641_0             | B v -> ZN ^  | OAI21D4   | 0.032 |   2.792 |  -19.314 | 
     | sfp_instance/div4/div_19/FE_RC_13256_0             | A1 ^ -> Z ^  | OR2D4     | 0.055 |   2.847 |  -19.260 | 
     | sfp_instance/div4/div_19/FE_RC_13255_0             | A2 ^ -> ZN v | ND2D2     | 0.026 |   2.873 |  -19.234 | 
     | sfp_instance/div4/div_19/FE_RC_49558_0             | A1 v -> ZN ^ | CKND2D2   | 0.027 |   2.899 |  -19.207 | 
     | sfp_instance/div4/div_19/u_div_u_fa_PartRem_0_27_3 | CI ^ -> CO ^ | FA1D1     | 0.063 |   2.962 |  -19.144 | 
     | sfp_instance/div4/div_19/FE_RC_31605_0             | A1 ^ -> ZN v | ND2D2     | 0.034 |   2.996 |  -19.110 | 
     | sfp_instance/div4/div_19/FE_RC_29_0                | I v -> ZN ^  | CKND4     | 0.033 |   3.029 |  -19.077 | 
     | sfp_instance/div4/div_19/U477                      | S ^ -> Z ^   | MUX2D2    | 0.060 |   3.089 |  -19.017 | 
     | sfp_instance/div4/div_19/FE_RC_12221_0             | A1 ^ -> ZN v | CKND2D2   | 0.024 |   3.114 |  -18.993 | 
     | sfp_instance/div4/div_19/FE_RC_13148_0             | B v -> ZN ^  | IOA21D2   | 0.024 |   3.138 |  -18.969 | 
     | sfp_instance/div4/div_19/FE_RC_48902_0             | A1 ^ -> ZN v | CKND2D2   | 0.026 |   3.164 |  -18.943 | 
     | sfp_instance/div4/div_19/FE_RC_48901_0             | A1 v -> ZN ^ | ND2D2     | 0.024 |   3.188 |  -18.919 | 
     | sfp_instance/div4/div_19/u_div_u_fa_PartRem_0_26_3 | CI ^ -> CO ^ | FA1D2     | 0.074 |   3.261 |  -18.845 | 
     | sfp_instance/div4/div_19/FE_RC_35018_0             | A1 ^ -> ZN v | ND2D4     | 0.043 |   3.304 |  -18.802 | 
     | sfp_instance/div4/div_19/FE_RC_16950_0_dup         | A1 v -> ZN ^ | AOI21D4   | 0.058 |   3.362 |  -18.744 | 
     | sfp_instance/div4/div_19/FE_RC_33929_0             | A1 ^ -> ZN v | NR2XD2    | 0.031 |   3.394 |  -18.713 | 
     | sfp_instance/div4/div_19/FE_RC_33928_0             | A1 v -> ZN v | IND2D4    | 0.054 |   3.447 |  -18.659 | 
     | sfp_instance/div4/div_19/u_div_u_fa_PartRem_0_25_3 | A v -> CO v  | FA1D1     | 0.142 |   3.589 |  -18.517 | 
     | sfp_instance/div4/div_19/u_div_u_fa_PartRem_0_25_4 | CI v -> CO v | FA1D2     | 0.087 |   3.676 |  -18.431 | 
     | sfp_instance/div4/div_19/FE_RC_16619_0             | A1 v -> ZN ^ | ND2D4     | 0.033 |   3.709 |  -18.397 | 
     | sfp_instance/div4/div_19/FE_RC_16618_0_dup         | A1 ^ -> ZN v | AOI21D4   | 0.025 |   3.734 |  -18.372 | 
     | sfp_instance/div4/div_19/FE_OCPC11662_n106         | I v -> ZN ^  | CKND2     | 0.025 |   3.759 |  -18.347 | 
     | sfp_instance/div4/div_19/FE_RC_13429_0             | A1 ^ -> ZN v | ND2D2     | 0.022 |   3.781 |  -18.325 | 
     | sfp_instance/div4/div_19/FE_RC_13428_0             | A2 v -> ZN ^ | CKND2D2   | 0.032 |   3.813 |  -18.293 | 
     | sfp_instance/div4/div_19/u_div_u_fa_PartRem_0_24_2 | A ^ -> CO ^  | FA1D1     | 0.142 |   3.955 |  -18.151 | 
     | sfp_instance/div4/div_19/u_div_u_fa_PartRem_0_24_3 | CI ^ -> CO ^ | FA1D1     | 0.068 |   4.023 |  -18.084 | 
     | sfp_instance/div4/div_19/u_div_u_fa_PartRem_0_24_4 | CI ^ -> CO ^ | FA1D1     | 0.068 |   4.091 |  -18.016 | 
     | sfp_instance/div4/div_19/u_div_u_fa_PartRem_0_24_5 | CI ^ -> CO ^ | FA1D1     | 0.066 |   4.157 |  -17.949 | 
     | sfp_instance/div4/div_19/u_div_u_fa_PartRem_0_24_6 | CI ^ -> CO ^ | FA1D1     | 0.069 |   4.226 |  -17.880 | 
     | sfp_instance/div4/div_19/U530                      | A1 ^ -> Z ^  | AN2D4     | 0.078 |   4.304 |  -17.802 | 
     | sfp_instance/div4/div_19/FE_RC_18577_0             | I ^ -> ZN v  | CKND4     | 0.024 |   4.328 |  -17.779 | 
     | sfp_instance/div4/div_19/FE_RC_42642_0             | A1 v -> ZN ^ | OAI22D4   | 0.034 |   4.362 |  -17.744 | 
     | sfp_instance/div4/div_19/FE_RC_12713_0             | A1 ^ -> Z ^  | OR2XD1    | 0.058 |   4.421 |  -17.686 | 
     | sfp_instance/div4/div_19/FE_RC_47906_0             | A2 ^ -> ZN v | ND2D2     | 0.032 |   4.453 |  -17.653 | 
     | sfp_instance/div4/div_19/FE_RC_47905_0             | A1 v -> ZN ^ | CKND2D2   | 0.025 |   4.479 |  -17.628 | 
     | sfp_instance/div4/div_19/u_div_u_fa_PartRem_0_23_3 | CI ^ -> CO ^ | FA1D1     | 0.068 |   4.547 |  -17.560 | 
     | sfp_instance/div4/div_19/u_div_u_fa_PartRem_0_23_4 | CI ^ -> CO ^ | FA1D1     | 0.067 |   4.614 |  -17.493 | 
     | sfp_instance/div4/div_19/u_div_u_fa_PartRem_0_23_5 | CI ^ -> CO ^ | FA1D1     | 0.067 |   4.681 |  -17.425 | 
     | sfp_instance/div4/div_19/u_div_u_fa_PartRem_0_23_6 | CI ^ -> CO ^ | FA1D1     | 0.068 |   4.749 |  -17.357 | 
     | sfp_instance/div4/div_19/u_div_u_fa_PartRem_0_23_7 | CI ^ -> CO ^ | FA1D2     | 0.071 |   4.821 |  -17.286 | 
     | sfp_instance/div4/div_19/U546                      | A1 ^ -> Z ^  | AN2D4     | 0.064 |   4.885 |  -17.222 | 
     | sfp_instance/div4/div_19/FE_RC_9050_0              | A1 ^ -> ZN ^ | IND2D4    | 0.045 |   4.930 |  -17.176 | 
     | sfp_instance/div4/div_19/FE_RC_9049_0              | A2 ^ -> ZN v | ND2D4     | 0.028 |   4.958 |  -17.149 | 
     | sfp_instance/div4/div_19/FE_RC_21208_0             | I v -> ZN ^  | CKND4     | 0.019 |   4.977 |  -17.129 | 
     | sfp_instance/div4/div_19/FE_RC_21207_0             | B1 ^ -> ZN v | IND2D4    | 0.021 |   4.999 |  -17.108 | 
     | sfp_instance/div4/div_19/FE_RC_21206_0             | A2 v -> ZN ^ | ND2D2     | 0.023 |   5.022 |  -17.085 | 
     | sfp_instance/div4/div_19/FE_RC_21205_0             | A1 ^ -> ZN v | ND2D2     | 0.030 |   5.052 |  -17.055 | 
     | sfp_instance/div4/div_19/FE_RC_50503_0             | A1 v -> ZN ^ | ND2D2     | 0.024 |   5.076 |  -17.031 | 
     | sfp_instance/div4/div_19/FE_RC_50502_0             | B ^ -> ZN v  | IOA21D2   | 0.025 |   5.101 |  -17.005 | 
     | sfp_instance/div4/div_19/u_div_u_fa_PartRem_0_22_4 | CI v -> CO v | FA1D1     | 0.075 |   5.176 |  -16.930 | 
     | sfp_instance/div4/div_19/u_div_u_fa_PartRem_0_22_5 | CI v -> CO v | FA1D1     | 0.072 |   5.248 |  -16.858 | 
     | sfp_instance/div4/div_19/u_div_u_fa_PartRem_0_22_6 | CI v -> CO v | FA1D2     | 0.084 |   5.333 |  -16.774 | 
     | sfp_instance/div4/div_19/FE_RC_48503_0             | A1 v -> ZN ^ | ND2D3     | 0.030 |   5.363 |  -16.743 | 
     | sfp_instance/div4/div_19/FE_RC_48502_0             | A1 ^ -> ZN v | ND2D4     | 0.036 |   5.399 |  -16.707 | 
     | sfp_instance/div4/div_19/FE_RC_48336_0_dup         | A1 v -> ZN ^ | AOI21D4   | 0.042 |   5.442 |  -16.665 | 
     | sfp_instance/div4/div_19/FE_RC_48337_0             | I ^ -> ZN v  | CKND4     | 0.031 |   5.473 |  -16.634 | 
     | sfp_instance/div4/div_19/FE_RC_13416_0             | I v -> ZN ^  | CKND4     | 0.019 |   5.492 |  -16.614 | 
     | sfp_instance/div4/div_19/FE_RC_13415_0             | A1 ^ -> ZN v | ND2D4     | 0.020 |   5.512 |  -16.594 | 
     | sfp_instance/div4/div_19/FE_RC_13414_0             | A1 v -> ZN ^ | CKND2D4   | 0.022 |   5.534 |  -16.572 | 
     | sfp_instance/div4/div_19/u_div_u_fa_PartRem_0_21_2 | A ^ -> CO ^  | FA1D1     | 0.135 |   5.669 |  -16.437 | 
     | sfp_instance/div4/div_19/u_div_u_fa_PartRem_0_21_3 | CI ^ -> CO ^ | FA1D1     | 0.070 |   5.739 |  -16.367 | 
     | sfp_instance/div4/div_19/u_div_u_fa_PartRem_0_21_4 | CI ^ -> CO ^ | FA1D1     | 0.069 |   5.809 |  -16.298 | 
     | sfp_instance/div4/div_19/u_div_u_fa_PartRem_0_21_5 | CI ^ -> CO ^ | FA1D1     | 0.067 |   5.876 |  -16.231 | 
     | sfp_instance/div4/div_19/u_div_u_fa_PartRem_0_21_6 | CI ^ -> CO ^ | FA1D1     | 0.070 |   5.946 |  -16.161 | 
     | sfp_instance/div4/div_19/u_div_u_fa_PartRem_0_21_7 | CI ^ -> CO ^ | FA1D1     | 0.069 |   6.015 |  -16.091 | 
     | sfp_instance/div4/div_19/u_div_u_fa_PartRem_0_21_8 | CI ^ -> CO ^ | FA1D1     | 0.072 |   6.087 |  -16.020 | 
     | sfp_instance/div4/div_19/u_div_u_fa_PartRem_0_21_9 | CI ^ -> CO ^ | FA1D2     | 0.073 |   6.160 |  -15.946 | 
     | sfp_instance/div4/div_19/FE_RC_22716_0             | A1 ^ -> ZN v | ND2D4     | 0.036 |   6.196 |  -15.910 | 
     | sfp_instance/div4/div_19/FE_OCPC7649_FE_RN_273_0   | I v -> ZN ^  | INVD6     | 0.033 |   6.229 |  -15.877 | 
     | sfp_instance/div4/div_19/FE_RC_37399_0             | A1 ^ -> ZN v | NR2XD2    | 0.023 |   6.252 |  -15.854 | 
     | sfp_instance/div4/div_19/FE_RC_37400_0             | I v -> ZN ^  | INVD3     | 0.020 |   6.272 |  -15.835 | 
     | sfp_instance/div4/div_19/FE_RC_610_0_dup           | A1 ^ -> ZN v | ND2D2     | 0.021 |   6.293 |  -15.814 | 
     | sfp_instance/div4/div_19/FE_RC_27569_0             | A1 v -> ZN ^ | ND2D2     | 0.018 |   6.311 |  -15.796 | 
     | sfp_instance/div4/div_19/FE_RC_35066_0             | A1 ^ -> ZN v | CKND2D2   | 0.028 |   6.339 |  -15.767 | 
     | sfp_instance/div4/div_19/FE_RC_36687_0             | A1 v -> ZN ^ | ND2D2     | 0.025 |   6.364 |  -15.743 | 
     | sfp_instance/div4/div_19/FE_RC_41686_0             | B ^ -> ZN v  | IOA21D2   | 0.027 |   6.391 |  -15.716 | 
     | sfp_instance/div4/div_19/u_div_u_fa_PartRem_0_20_3 | CI v -> CO v | FA1D1     | 0.072 |   6.463 |  -15.644 | 
     | sfp_instance/div4/div_19/u_div_u_fa_PartRem_0_20_4 | CI v -> CO v | FA1D1     | 0.073 |   6.536 |  -15.571 | 
     | sfp_instance/div4/div_19/u_div_u_fa_PartRem_0_20_5 | CI v -> CO v | FA1D1     | 0.074 |   6.609 |  -15.497 | 
     | sfp_instance/div4/div_19/u_div_u_fa_PartRem_0_20_6 | CI v -> CO v | FA1D2     | 0.086 |   6.696 |  -15.411 | 
     | sfp_instance/div4/div_19/FE_RC_18249_0             | A1 v -> ZN ^ | ND2D4     | 0.030 |   6.725 |  -15.381 | 
     | sfp_instance/div4/div_19/FE_RC_30665_0             | A1 ^ -> ZN v | OAI21D4   | 0.029 |   6.755 |  -15.352 | 
     | sfp_instance/div4/div_19/FE_RC_46957_0             | A2 v -> ZN ^ | OAI211D4  | 0.043 |   6.798 |  -15.309 | 
     | sfp_instance/div4/div_19/FE_RC_46956_0             | A1 ^ -> ZN v | ND2D4     | 0.032 |   6.830 |  -15.277 | 
     | sfp_instance/div4/div_19/U587_dup                  | A1 v -> Z v  | AN2D4     | 0.049 |   6.879 |  -15.228 | 
     | sfp_instance/div4/div_19/FE_RC_40619_0             | B1 v -> ZN ^ | IND2D4    | 0.019 |   6.898 |  -15.209 | 
     | sfp_instance/div4/div_19/FE_RC_40618_0             | B ^ -> ZN v  | OAI21D4   | 0.038 |   6.936 |  -15.171 | 
     | sfp_instance/div4/div_19/FE_RC_47754_0             | A1 v -> Z v  | OR2D4     | 0.063 |   6.999 |  -15.108 | 
     | sfp_instance/div4/div_19/FE_RC_47753_0             | A1 v -> ZN ^ | ND2D3     | 0.019 |   7.018 |  -15.088 | 
     | sfp_instance/div4/div_19/FE_RC_47778_0             | B ^ -> ZN v  | IOA21D2   | 0.024 |   7.042 |  -15.064 | 
     | sfp_instance/div4/div_19/u_div_u_fa_PartRem_0_19_3 | CI v -> CO v | FA1D1     | 0.073 |   7.115 |  -14.992 | 
     | sfp_instance/div4/div_19/u_div_u_fa_PartRem_0_19_4 | CI v -> CO v | FA1D2     | 0.080 |   7.195 |  -14.911 | 
     | sfp_instance/div4/div_19/FE_RC_15493_0             | A1 v -> ZN ^ | ND2D2     | 0.032 |   7.227 |  -14.879 | 
     | sfp_instance/div4/div_19/FE_RC_15492_0             | A1 ^ -> ZN v | ND2D4     | 0.026 |   7.253 |  -14.854 | 
     | sfp_instance/div4/div_19/FE_RC_6191_0              | B1 v -> ZN ^ | IND2D4    | 0.024 |   7.277 |  -14.830 | 
     | sfp_instance/div4/div_19/FE_RC_20028_0             | A2 ^ -> ZN v | OAI211D4  | 0.034 |   7.310 |  -14.796 | 
     | sfp_instance/div4/div_19/FE_RC_21929_0             | A1 v -> ZN ^ | ND2D2     | 0.027 |   7.337 |  -14.769 | 
     | sfp_instance/div4/div_19/FE_RC_21928_0             | A1 ^ -> ZN v | CKND2D2   | 0.024 |   7.361 |  -14.745 | 
     | sfp_instance/div4/div_19/u_div_u_fa_PartRem_0_19_9 | CI v -> CO v | FA1D1     | 0.072 |   7.433 |  -14.673 | 
     | sfp_instance/div4/div_19/u_div_u_fa_PartRem_0_19_1 | CI v -> CO v | FA1D1     | 0.075 |   7.508 |  -14.598 | 
     | 0                                                  |              |           |       |         |          | 
     | sfp_instance/div4/div_19/u_div_u_fa_PartRem_0_19_1 | CI v -> CO v | FA1D2     | 0.088 |   7.596 |  -14.510 | 
     | 1                                                  |              |           |       |         |          | 
     | sfp_instance/div4/div_19/FE_RC_40991_0             | B1 v -> ZN ^ | IND2D4    | 0.042 |   7.638 |  -14.469 | 
     | sfp_instance/div4/div_19/FE_RC_47504_0             | A1 ^ -> ZN v | ND2D2     | 0.028 |   7.666 |  -14.440 | 
     | sfp_instance/div4/div_19/FE_RC_47503_0             | A1 v -> ZN ^ | ND2D2     | 0.020 |   7.686 |  -14.420 | 
     | sfp_instance/div4/div_19/u_div_u_fa_PartRem_0_18_2 | A ^ -> CO ^  | FA1D1     | 0.135 |   7.821 |  -14.285 | 
     | sfp_instance/div4/div_19/u_div_u_fa_PartRem_0_18_3 | CI ^ -> CO ^ | FA1D2     | 0.064 |   7.885 |  -14.221 | 
     | sfp_instance/div4/div_19/u_div_u_fa_PartRem_0_18_4 | CI ^ -> CO ^ | FA1D2     | 0.070 |   7.956 |  -14.151 | 
     | sfp_instance/div4/div_19/FE_RC_12914_0             | A1 ^ -> ZN v | ND2D2     | 0.028 |   7.983 |  -14.123 | 
     | sfp_instance/div4/div_19/FE_RC_12913_0             | A1 v -> ZN ^ | ND2D2     | 0.025 |   8.008 |  -14.099 | 
     | sfp_instance/div4/div_19/FE_RC_43050_0             | A1 ^ -> ZN v | ND2D2     | 0.030 |   8.038 |  -14.068 | 
     | sfp_instance/div4/div_19/FE_RC_45213_0             | A1 v -> ZN ^ | ND2D3     | 0.029 |   8.067 |  -14.039 | 
     | sfp_instance/div4/div_19/FE_RC_49470_0             | A1 ^ -> ZN v | CKND2D4   | 0.028 |   8.095 |  -14.012 | 
     | sfp_instance/div4/div_19/FE_RC_49475_0             | A1 v -> ZN ^ | ND2D4     | 0.023 |   8.118 |  -13.988 | 
     | sfp_instance/div4/div_19/FE_RC_41782_0             | B1 ^ -> ZN v | IND2D4    | 0.030 |   8.148 |  -13.958 | 
     | sfp_instance/div4/div_19/FE_RC_48051_0             | A1 v -> ZN ^ | OAI21D4   | 0.039 |   8.187 |  -13.919 | 
     | sfp_instance/div4/div_19/FE_RC_47709_0             | A1 ^ -> ZN v | CKND2D4   | 0.028 |   8.215 |  -13.891 | 
     | sfp_instance/div4/div_19/FE_RC_47708_0             | A1 v -> ZN ^ | ND2D4     | 0.031 |   8.246 |  -13.860 | 
     | sfp_instance/div4/div_19/FE_RC_19746_0_dup         | B1 ^ -> ZN v | IND2D4    | 0.051 |   8.297 |  -13.809 | 
     | sfp_instance/div4/div_19/FE_RC_27873_0_dup_dup     | A1 v -> ZN ^ | OAI21D4   | 0.056 |   8.353 |  -13.753 | 
     | sfp_instance/div4/div_19/FE_RC_30357_0             | A1 ^ -> ZN ^ | IND2D4    | 0.054 |   8.408 |  -13.699 | 
     | sfp_instance/div4/div_19/FE_RC_30355_0             | A1 ^ -> ZN v | CKND2D4   | 0.028 |   8.436 |  -13.670 | 
     | sfp_instance/div4/div_19/FE_RC_45991_0             | A1 v -> ZN ^ | NR2XD2    | 0.024 |   8.460 |  -13.646 | 
     | sfp_instance/div4/div_19/FE_RC_45992_0             | I ^ -> ZN v  | INVD2     | 0.022 |   8.483 |  -13.624 | 
     | sfp_instance/div4/div_19/FE_RC_40851_0             | A2 v -> ZN ^ | ND2D2     | 0.020 |   8.503 |  -13.604 | 
     | sfp_instance/div4/div_19/FE_RC_40850_0             | A1 ^ -> ZN v | ND2D2     | 0.025 |   8.528 |  -13.579 | 
     | sfp_instance/div4/div_19/u_div_u_fa_PartRem_0_17_4 | CI v -> CO v | FA1D1     | 0.072 |   8.599 |  -13.507 | 
     | sfp_instance/div4/div_19/u_div_u_fa_PartRem_0_17_5 | CI v -> CO v | FA1D1     | 0.072 |   8.671 |  -13.435 | 
     | sfp_instance/div4/div_19/u_div_u_fa_PartRem_0_17_6 | CI v -> CO v | FA1D1     | 0.075 |   8.746 |  -13.361 | 
     | sfp_instance/div4/div_19/u_div_u_fa_PartRem_0_17_7 | CI v -> CO v | FA1D1     | 0.074 |   8.820 |  -13.286 | 
     | sfp_instance/div4/div_19/u_div_u_fa_PartRem_0_17_8 | CI v -> CO v | FA1D1     | 0.074 |   8.895 |  -13.212 | 
     | sfp_instance/div4/div_19/u_div_u_fa_PartRem_0_17_9 | CI v -> CO v | FA1D2     | 0.085 |   8.979 |  -13.127 | 
     | sfp_instance/div4/div_19/FE_RC_6305_0              | B1 v -> ZN ^ | IND2D4    | 0.034 |   9.013 |  -13.093 | 
     | sfp_instance/div4/div_19/FE_RC_6304_0_dup          | A1 ^ -> ZN v | CKND2D4   | 0.025 |   9.039 |  -13.068 | 
     | sfp_instance/div4/div_19/FE_RC_39846_0             | A1 v -> ZN ^ | ND2D4     | 0.024 |   9.063 |  -13.043 | 
     | sfp_instance/div4/div_19/FE_RC_39790_0             | A1 ^ -> ZN v | CKND2D4   | 0.025 |   9.088 |  -13.019 | 
     | sfp_instance/div4/div_19/FE_RC_12226_0             | A1 v -> ZN ^ | ND2D3     | 0.022 |   9.110 |  -12.997 | 
     | sfp_instance/div4/div_19/FE_RC_12224_0             | B ^ -> ZN v  | OAI21D4   | 0.034 |   9.143 |  -12.963 | 
     | sfp_instance/div4/div_19/u_div_u_fa_PartRem_0_16_2 | A v -> CO v  | FA1D1     | 0.143 |   9.286 |  -12.820 | 
     | sfp_instance/div4/div_19/u_div_u_fa_PartRem_0_16_3 | CI v -> CO v | FA1D1     | 0.072 |   9.358 |  -12.748 | 
     | sfp_instance/div4/div_19/u_div_u_fa_PartRem_0_16_4 | CI v -> CO v | FA1D2     | 0.079 |   9.437 |  -12.669 | 
     | sfp_instance/div4/div_19/FE_RC_38629_0             | A1 v -> ZN ^ | ND2D2     | 0.033 |   9.470 |  -12.637 | 
     | sfp_instance/div4/div_19/FE_RC_38628_0             | A1 ^ -> ZN v | CKND2D4   | 0.031 |   9.500 |  -12.606 | 
     | sfp_instance/div4/div_19/FE_RC_43137_0             | A1 v -> ZN ^ | ND2D4     | 0.025 |   9.525 |  -12.581 | 
     | sfp_instance/div4/div_19/FE_RC_46680_0             | A1 ^ -> ZN v | CKND2D4   | 0.023 |   9.548 |  -12.558 | 
     | sfp_instance/div4/div_19/FE_RC_46679_0             | A1 v -> ZN ^ | ND2D4     | 0.022 |   9.570 |  -12.536 | 
     | sfp_instance/div4/div_19/FE_RC_34791_0             | A2 ^ -> ZN v | OAI211D4  | 0.031 |   9.601 |  -12.505 | 
     | sfp_instance/div4/div_19/u_div_u_fa_PartRem_0_16_1 | CI v -> CO v | FA1D1     | 0.076 |   9.677 |  -12.429 | 
     | 0                                                  |              |           |       |         |          | 
     | sfp_instance/div4/div_19/u_div_u_fa_PartRem_0_16_1 | CI v -> CO v | FA1D2     | 0.087 |   9.764 |  -12.343 | 
     | 1                                                  |              |           |       |         |          | 
     | sfp_instance/div4/div_19/FE_RC_6077_0              | B1 v -> ZN ^ | IND2D4    | 0.040 |   9.804 |  -12.302 | 
     | sfp_instance/div4/div_19/FE_RC_22682_0_dup         | A1 ^ -> ZN v | OAI21D4   | 0.032 |   9.836 |  -12.270 | 
     | sfp_instance/div4/div_19/FE_OCPC12762_FE_RN_122    | I v -> ZN ^  | CKND2     | 0.025 |   9.861 |  -12.245 | 
     | sfp_instance/div4/div_19/FE_RC_21450_0             | A1 ^ -> ZN v | OAI22D2   | 0.030 |   9.891 |  -12.215 | 
     | sfp_instance/div4/div_19/u_div_u_fa_PartRem_0_15_2 | A v -> CO v  | FA1D1     | 0.146 |  10.038 |  -12.069 | 
     | sfp_instance/div4/div_19/u_div_u_fa_PartRem_0_15_3 | CI v -> CO v | FA1D1     | 0.074 |  10.111 |  -11.995 | 
     | sfp_instance/div4/div_19/u_div_u_fa_PartRem_0_15_4 | CI v -> CO v | FA1D2     | 0.080 |  10.192 |  -11.915 | 
     | sfp_instance/div4/div_19/FE_RC_47814_0             | A1 v -> ZN ^ | ND2D2     | 0.031 |  10.223 |  -11.883 | 
     | sfp_instance/div4/div_19/FE_RC_47813_0             | A1 ^ -> ZN v | CKND2D4   | 0.026 |  10.249 |  -11.858 | 
     | sfp_instance/div4/div_19/FE_RC_47397_0             | A1 v -> ZN ^ | ND2D3     | 0.024 |  10.273 |  -11.834 | 
     | sfp_instance/div4/div_19/FE_RC_47396_0             | A1 ^ -> ZN v | ND2D4     | 0.028 |  10.301 |  -11.806 | 
     | sfp_instance/div4/div_19/FE_RC_50083_0             | A1 v -> ZN ^ | ND2D4     | 0.026 |  10.327 |  -11.779 | 
     | sfp_instance/div4/div_19/FE_RC_50627_0             | A2 ^ -> ZN v | OAI211D4  | 0.032 |  10.360 |  -11.747 | 
     | sfp_instance/div4/div_19/u_div_u_fa_PartRem_0_15_1 | CI v -> CO v | FA1D1     | 0.076 |  10.436 |  -11.671 | 
     | 0                                                  |              |           |       |         |          | 
     | sfp_instance/div4/div_19/u_div_u_fa_PartRem_0_15_1 | CI v -> CO v | FA1D2     | 0.098 |  10.534 |  -11.573 | 
     | 1                                                  |              |           |       |         |          | 
     | sfp_instance/div4/div_19/FE_RC_34785_0             | A1 v -> ZN ^ | ND2D4     | 0.042 |  10.576 |  -11.531 | 
     | sfp_instance/div4/div_19/FE_RC_34784_0             | A1 ^ -> ZN v | AOI21D4   | 0.034 |  10.610 |  -11.497 | 
     | sfp_instance/div4/div_19/FE_RC_13438_0             | I v -> ZN ^  | CKND4     | 0.022 |  10.632 |  -11.475 | 
     | sfp_instance/div4/div_19/FE_RC_13437_0             | B1 ^ -> ZN v | IND2D4    | 0.023 |  10.655 |  -11.452 | 
     | sfp_instance/div4/div_19/FE_RC_13436_0             | A2 v -> ZN ^ | ND2D4     | 0.025 |  10.680 |  -11.427 | 
     | sfp_instance/div4/div_19/FE_RC_8733_0              | B1 ^ -> ZN v | IND2D4    | 0.022 |  10.702 |  -11.405 | 
     | sfp_instance/div4/div_19/FE_RC_8732_0              | A1 v -> ZN ^ | ND2D3     | 0.022 |  10.723 |  -11.383 | 
     | sfp_instance/div4/div_19/FE_RC_42077_0             | A2 ^ -> ZN v | ND2D2     | 0.033 |  10.756 |  -11.350 | 
     | sfp_instance/div4/div_19/FE_RC_42925_0             | A1 v -> ZN ^ | ND2D2     | 0.028 |  10.784 |  -11.323 | 
     | sfp_instance/div4/div_19/FE_RC_45341_0             | A1 ^ -> ZN v | ND2D2     | 0.028 |  10.812 |  -11.295 | 
     | sfp_instance/div4/div_19/FE_RC_45340_0             | A1 v -> ZN ^ | ND2D2     | 0.024 |  10.836 |  -11.271 | 
     | sfp_instance/div4/div_19/FE_RC_8206_0              | A1 ^ -> ZN v | CKND2D2   | 0.024 |  10.860 |  -11.246 | 
     | sfp_instance/div4/div_19/FE_RC_8205_0              | A1 v -> ZN ^ | ND2D2     | 0.022 |  10.882 |  -11.224 | 
     | sfp_instance/div4/div_19/FE_RC_8178_0              | A1 ^ -> ZN v | ND2D2     | 0.028 |  10.910 |  -11.197 | 
     | sfp_instance/div4/div_19/FE_RC_8177_0              | A1 v -> ZN ^ | CKND2D3   | 0.027 |  10.937 |  -11.170 | 
     | sfp_instance/div4/div_19/FE_RC_43089_0             | A1 ^ -> ZN v | ND2D3     | 0.031 |  10.968 |  -11.139 | 
     | sfp_instance/div4/div_19/FE_RC_43088_0             | A1 v -> ZN ^ | ND2D4     | 0.025 |  10.993 |  -11.114 | 
     | sfp_instance/div4/div_19/FE_RC_51268_0             | A2 ^ -> ZN v | OAI211D4  | 0.044 |  11.037 |  -11.070 | 
     | sfp_instance/div4/div_19/FE_RC_25779_0             | A1 v -> ZN ^ | CKND2D4   | 0.033 |  11.069 |  -11.037 | 
     | sfp_instance/div4/div_19/FE_RC_25786_0             | A1 ^ -> ZN v | ND2D4     | 0.024 |  11.094 |  -11.013 | 
     | sfp_instance/div4/div_19/FE_RC_20985_0             | A1 v -> ZN ^ | ND2D4     | 0.022 |  11.116 |  -10.991 | 
     | sfp_instance/div4/div_19/FE_RC_49301_0             | B1 ^ -> ZN v | IND2D4    | 0.028 |  11.144 |  -10.963 | 
     | sfp_instance/div4/div_19/FE_RC_49300_0             | A1 v -> ZN ^ | ND2D4     | 0.024 |  11.168 |  -10.938 | 
     | sfp_instance/div4/div_19/FE_RC_50796_0             | A1 ^ -> ZN v | ND2D4     | 0.024 |  11.192 |  -10.914 | 
     | sfp_instance/div4/div_19/FE_RC_51248_0             | B1 v -> ZN ^ | IND2D4    | 0.023 |  11.215 |  -10.891 | 
     | sfp_instance/div4/div_19/U598                      | A1 ^ -> Z ^  | AN2D4     | 0.070 |  11.286 |  -10.821 | 
     | sfp_instance/div4/div_19/FE_RC_29919_0             | B1 ^ -> ZN v | IND2D4    | 0.030 |  11.316 |  -10.791 | 
     | sfp_instance/div4/div_19/FE_RC_25068_0             | A2 v -> ZN ^ | CKND2D4   | 0.030 |  11.346 |  -10.761 | 
     | sfp_instance/div4/div_19/FE_RC_7772_0              | B1 ^ -> ZN v | IND2D4    | 0.025 |  11.371 |  -10.736 | 
     | sfp_instance/div4/div_19/FE_RC_7771_0              | A1 v -> ZN ^ | ND2D4     | 0.019 |  11.389 |  -10.717 | 
     | sfp_instance/div4/div_19/FE_RC_50520_0             | A1 ^ -> ZN v | ND2D2     | 0.029 |  11.418 |  -10.688 | 
     | sfp_instance/div4/div_19/FE_RC_50519_0             | A1 v -> ZN ^ | CKND2D2   | 0.026 |  11.445 |  -10.662 | 
     | sfp_instance/div4/div_19/u_div_u_fa_PartRem_0_13_3 | CI ^ -> CO ^ | FA1D1     | 0.067 |  11.511 |  -10.595 | 
     | sfp_instance/div4/div_19/u_div_u_fa_PartRem_0_13_4 | CI ^ -> CO ^ | FA1D1     | 0.067 |  11.578 |  -10.528 | 
     | sfp_instance/div4/div_19/u_div_u_fa_PartRem_0_13_5 | CI ^ -> CO ^ | FA1D1     | 0.068 |  11.646 |  -10.460 | 
     | sfp_instance/div4/div_19/u_div_u_fa_PartRem_0_13_6 | CI ^ -> CO ^ | FA1D1     | 0.069 |  11.716 |  -10.391 | 
     | sfp_instance/div4/div_19/u_div_u_fa_PartRem_0_13_7 | CI ^ -> CO ^ | FA1D1     | 0.068 |  11.784 |  -10.323 | 
     | sfp_instance/div4/div_19/u_div_u_fa_PartRem_0_13_8 | CI ^ -> CO ^ | FA1D1     | 0.067 |  11.850 |  -10.256 | 
     | sfp_instance/div4/div_19/u_div_u_fa_PartRem_0_13_9 | CI ^ -> CO ^ | FA1D2     | 0.065 |  11.915 |  -10.191 | 
     | sfp_instance/div4/div_19/u_div_u_fa_PartRem_0_13_1 | CI ^ -> CO ^ | FA1D1     | 0.067 |  11.982 |  -10.125 | 
     | 0                                                  |              |           |       |         |          | 
     | sfp_instance/div4/div_19/u_div_u_fa_PartRem_0_13_1 | CI ^ -> CO ^ | FA1D1     | 0.067 |  12.048 |  -10.058 | 
     | 1                                                  |              |           |       |         |          | 
     | sfp_instance/div4/div_19/u_div_u_fa_PartRem_0_13_1 | CI ^ -> CO ^ | FA1D1     | 0.068 |  12.116 |   -9.990 | 
     | 2                                                  |              |           |       |         |          | 
     | sfp_instance/div4/div_19/u_div_u_fa_PartRem_0_13_1 | CI ^ -> CO ^ | FA1D2     | 0.074 |  12.191 |   -9.916 | 
     | 3                                                  |              |           |       |         |          | 
     | sfp_instance/div4/div_19/FE_RC_4434_0              | B1 ^ -> ZN v | IND2D4    | 0.035 |  12.226 |   -9.881 | 
     | sfp_instance/div4/div_19/FE_RC_4433_0              | A1 v -> ZN ^ | CKND2D8   | 0.037 |  12.263 |   -9.844 | 
     | sfp_instance/div4/div_19/FE_RC_3145_0              | B1 ^ -> ZN v | IND2D4    | 0.044 |  12.307 |   -9.800 | 
     | sfp_instance/div4/div_19/FE_RC_28303_0             | A1 v -> ZN ^ | OAI21D4   | 0.052 |  12.359 |   -9.748 | 
     | sfp_instance/div4/div_19/FE_RC_46492_0_dup         | A1 ^ -> ZN v | ND2D4     | 0.039 |  12.398 |   -9.709 | 
     | sfp_instance/div4/div_19/FE_RC_22522_0_dup         | A1 v -> ZN ^ | ND2D8     | 0.037 |  12.435 |   -9.672 | 
     | sfp_instance/div4/div_19/FE_RC_14369_0             | A1 ^ -> Z ^  | OR2D4     | 0.074 |  12.509 |   -9.598 | 
     | sfp_instance/div4/div_19/FE_RC_14368_0_dup         | A1 ^ -> ZN v | ND2D3     | 0.033 |  12.541 |   -9.565 | 
     | sfp_instance/div4/div_19/FE_RC_34936_0             | A1 v -> ZN ^ | ND2D4     | 0.024 |  12.565 |   -9.541 | 
     | sfp_instance/div4/div_19/FE_RC_34932_0             | A2 ^ -> ZN v | ND2D4     | 0.033 |  12.598 |   -9.508 | 
     | sfp_instance/div4/div_19/FE_RC_50782_0             | A1 v -> ZN ^ | ND2D3     | 0.020 |  12.618 |   -9.488 | 
     | sfp_instance/div4/div_19/FE_RC_50781_0             | A1 ^ -> ZN v | ND2D2     | 0.023 |  12.641 |   -9.466 | 
     | sfp_instance/div4/div_19/u_div_u_fa_PartRem_0_12_4 | CI v -> CO v | FA1D1     | 0.073 |  12.714 |   -9.392 | 
     | sfp_instance/div4/div_19/u_div_u_fa_PartRem_0_12_5 | CI v -> CO v | FA1D1     | 0.074 |  12.788 |   -9.318 | 
     | sfp_instance/div4/div_19/u_div_u_fa_PartRem_0_12_6 | CI v -> CO v | FA1D1     | 0.074 |  12.862 |   -9.245 | 
     | sfp_instance/div4/div_19/u_div_u_fa_PartRem_0_12_7 | CI v -> CO v | FA1D1     | 0.073 |  12.935 |   -9.172 | 
     | sfp_instance/div4/div_19/u_div_u_fa_PartRem_0_12_8 | CI v -> CO v | FA1D1     | 0.072 |  13.006 |   -9.100 | 
     | sfp_instance/div4/div_19/u_div_u_fa_PartRem_0_12_9 | CI v -> CO v | FA1D1     | 0.071 |  13.078 |   -9.029 | 
     | sfp_instance/div4/div_19/u_div_u_fa_PartRem_0_12_1 | CI v -> CO v | FA1D2     | 0.076 |  13.154 |   -8.953 | 
     | 0                                                  |              |           |       |         |          | 
     | sfp_instance/div4/div_19/u_div_u_fa_PartRem_0_12_1 | CI v -> CO v | FA1D2     | 0.086 |  13.240 |   -8.867 | 
     | 1                                                  |              |           |       |         |          | 
     | sfp_instance/div4/div_19/FE_RC_776_0               | B1 v -> ZN ^ | IND2D4    | 0.032 |  13.272 |   -8.835 | 
     | sfp_instance/div4/div_19/FE_RC_775_0               | A1 ^ -> ZN v | CKND2D8   | 0.033 |  13.304 |   -8.802 | 
     | sfp_instance/div4/div_19/FE_RC_47848_0             | A1 v -> ZN ^ | ND2D8     | 0.028 |  13.332 |   -8.775 | 
     | sfp_instance/div4/div_19/FE_RC_47847_0             | A1 ^ -> ZN v | ND2D8     | 0.033 |  13.365 |   -8.741 | 
     | sfp_instance/div4/div_19/FE_RC_1495_0              | A2 v -> ZN ^ | ND2D8     | 0.030 |  13.395 |   -8.711 | 
     | sfp_instance/div4/div_19/FE_RC_33425_0_dup         | A2 ^ -> ZN v | OAI211D4  | 0.035 |  13.431 |   -8.676 | 
     | sfp_instance/div4/div_19/U594_dup                  | A1 v -> Z v  | AN2D8     | 0.064 |  13.495 |   -8.612 | 
     | sfp_instance/div4/div_19/FE_RC_11294_0             | A1 v -> ZN ^ | ND2D4     | 0.025 |  13.519 |   -8.587 | 
     | sfp_instance/div4/div_19/FE_RC_11292_0             | B ^ -> ZN v  | OAI21D4   | 0.038 |  13.557 |   -8.549 | 
     | sfp_instance/div4/div_19/u_div_u_fa_PartRem_0_11_2 | A v -> CO v  | FA1D1     | 0.145 |  13.702 |   -8.405 | 
     | sfp_instance/div4/div_19/u_div_u_fa_PartRem_0_11_3 | CI v -> CO v | FA1D1     | 0.075 |  13.777 |   -8.329 | 
     | sfp_instance/div4/div_19/u_div_u_fa_PartRem_0_11_4 | CI v -> CO v | FA1D1     | 0.076 |  13.854 |   -8.253 | 
     | sfp_instance/div4/div_19/u_div_u_fa_PartRem_0_11_5 | CI v -> CO v | FA1D1     | 0.074 |  13.927 |   -8.179 | 
     | sfp_instance/div4/div_19/u_div_u_fa_PartRem_0_11_6 | CI v -> CO v | FA1D2     | 0.083 |  14.011 |   -8.096 | 
     | sfp_instance/div4/div_19/FE_RC_4023_0              | B1 v -> ZN ^ | IND2D4    | 0.029 |  14.040 |   -8.067 | 
     | sfp_instance/div4/div_19/FE_RC_30564_0             | A2 ^ -> ZN v | OAI211D4  | 0.044 |  14.084 |   -8.023 | 
     | sfp_instance/div4/div_19/FE_RC_7232_0              | A1 v -> ZN ^ | ND2D4     | 0.036 |  14.119 |   -7.987 | 
     | sfp_instance/div4/div_19/FE_RC_51326_0             | A1 ^ -> ZN v | OAI21D4   | 0.033 |  14.153 |   -7.954 | 
     | sfp_instance/div4/div_19/FE_RC_57919_0             | A1 v -> ZN ^ | CKND2D4   | 0.028 |  14.181 |   -7.926 | 
     | sfp_instance/div4/div_19/FE_RC_57918_0             | A1 ^ -> ZN v | CKND2D4   | 0.030 |  14.211 |   -7.895 | 
     | sfp_instance/div4/div_19/FE_RC_2602_0              | B1 v -> ZN ^ | IND2D4    | 0.026 |  14.237 |   -7.869 | 
     | sfp_instance/div4/div_19/FE_RC_2601_0              | A1 ^ -> ZN v | CKND2D4   | 0.028 |  14.266 |   -7.841 | 
     | sfp_instance/div4/div_19/FE_RC_10875_0             | A1 v -> ZN ^ | ND2D4     | 0.030 |  14.296 |   -7.811 | 
     | sfp_instance/div4/div_19/FE_RC_51045_0             | B1 ^ -> ZN v | IND2D4    | 0.028 |  14.324 |   -7.782 | 
     | sfp_instance/div4/div_19/FE_RC_57129_0             | A1 v -> ZN ^ | ND2D4     | 0.029 |  14.353 |   -7.754 | 
     | sfp_instance/div4/div_19/FE_RC_42267_0             | B1 ^ -> ZN v | IND2D4    | 0.027 |  14.380 |   -7.726 | 
     | sfp_instance/div4/div_19/FE_RC_42266_0             | A1 v -> ZN ^ | ND2D4     | 0.027 |  14.407 |   -7.700 | 
     | sfp_instance/div4/div_19/FE_RC_40486_0             | A1 ^ -> ZN v | CKND2D8   | 0.047 |  14.454 |   -7.652 | 
     | sfp_instance/div4/div_19/FE_RC_47482_0             | A1 v -> ZN ^ | ND2D4     | 0.036 |  14.490 |   -7.617 | 
     | sfp_instance/div4/div_19/FE_RC_47480_0             | B ^ -> ZN v  | OAI21D4   | 0.040 |  14.530 |   -7.576 | 
     | sfp_instance/div4/div_19/FE_RC_47276_0             | B1 v -> ZN ^ | INR2XD1   | 0.035 |  14.565 |   -7.541 | 
     | sfp_instance/div4/div_19/FE_RC_47277_0             | I ^ -> ZN v  | INVD2     | 0.023 |  14.588 |   -7.518 | 
     | sfp_instance/div4/div_19/FE_RC_40225_0             | A2 v -> ZN ^ | ND2D3     | 0.021 |  14.609 |   -7.498 | 
     | sfp_instance/div4/div_19/FE_RC_40224_0             | A1 ^ -> ZN v | CKND2D2   | 0.022 |  14.630 |   -7.476 | 
     | sfp_instance/div4/div_19/u_div_u_fa_PartRem_0_10_3 | CI v -> CO v | FA1D1     | 0.074 |  14.704 |   -7.402 | 
     | sfp_instance/div4/div_19/u_div_u_fa_PartRem_0_10_4 | CI v -> CO v | FA1D1     | 0.074 |  14.778 |   -7.329 | 
     | sfp_instance/div4/div_19/u_div_u_fa_PartRem_0_10_5 | CI v -> CO v | FA1D1     | 0.071 |  14.849 |   -7.258 | 
     | sfp_instance/div4/div_19/u_div_u_fa_PartRem_0_10_6 | CI v -> CO v | FA1D2     | 0.086 |  14.935 |   -7.172 | 
     | sfp_instance/div4/div_19/FE_RC_13658_0             | B1 v -> ZN ^ | IND2D4    | 0.028 |  14.962 |   -7.144 | 
     | sfp_instance/div4/div_19/FE_RC_17514_0             | A1 ^ -> ZN v | CKND2D4   | 0.027 |  14.989 |   -7.118 | 
     | sfp_instance/div4/div_19/FE_RC_38347_0             | B1 v -> ZN ^ | IND2D4    | 0.026 |  15.015 |   -7.091 | 
     | sfp_instance/div4/div_19/FE_RC_38346_0             | A1 ^ -> ZN v | CKND2D8   | 0.030 |  15.045 |   -7.061 | 
     | sfp_instance/div4/div_19/FE_RC_42417_0             | B1 v -> ZN ^ | IND2D4    | 0.025 |  15.070 |   -7.036 | 
     | sfp_instance/div4/div_19/FE_RC_42416_0             | A1 ^ -> ZN v | CKND2D8   | 0.034 |  15.105 |   -7.002 | 
     | sfp_instance/div4/div_19/FE_RC_39434_0             | A1 v -> ZN ^ | OAI21D4   | 0.050 |  15.154 |   -6.952 | 
     | sfp_instance/div4/div_19/FE_OCPC10105_FE_RN_27687_ | I ^ -> ZN v  | INVD8     | 0.035 |  15.190 |   -6.917 | 
     | 0                                                  |              |           |       |         |          | 
     | sfp_instance/div4/div_19/FE_RC_22698_0             | A1 v -> ZN ^ | ND2D4     | 0.029 |  15.219 |   -6.888 | 
     | sfp_instance/div4/div_19/FE_RC_22696_0             | B ^ -> ZN v  | OAI21D4   | 0.034 |  15.252 |   -6.854 | 
     | sfp_instance/div4/div_19/FE_RC_22695_0             | A1 v -> ZN ^ | ND2D2     | 0.021 |  15.273 |   -6.833 | 
     | sfp_instance/div4/div_19/FE_RC_22694_0             | B ^ -> ZN v  | IOA21D2   | 0.035 |  15.308 |   -6.799 | 
     | sfp_instance/div4/div_19/FE_RC_48061_0             | A1 v -> ZN ^ | ND2D2     | 0.026 |  15.333 |   -6.773 | 
     | sfp_instance/div4/div_19/FE_RC_48060_0             | A1 ^ -> ZN v | CKND2D2   | 0.025 |  15.358 |   -6.749 | 
     | sfp_instance/div4/div_19/u_div_u_fa_PartRem_0_9_3  | CI v -> CO v | FA1D2     | 0.079 |  15.437 |   -6.669 | 
     | sfp_instance/div4/div_19/FE_RC_16244_0             | A1 v -> ZN ^ | ND2D2     | 0.026 |  15.463 |   -6.643 | 
     | sfp_instance/div4/div_19/FE_RC_16243_0             | A1 ^ -> ZN v | ND2D2     | 0.026 |  15.489 |   -6.617 | 
     | sfp_instance/div4/div_19/FE_RC_39939_0             | A1 v -> ZN ^ | ND2D2     | 0.021 |  15.510 |   -6.596 | 
     | sfp_instance/div4/div_19/FE_RC_39938_0             | A1 ^ -> ZN v | CKND2D2   | 0.027 |  15.537 |   -6.569 | 
     | sfp_instance/div4/div_19/u_div_u_fa_PartRem_0_9_6  | CI v -> CO v | FA1D1     | 0.071 |  15.608 |   -6.499 | 
     | sfp_instance/div4/div_19/u_div_u_fa_PartRem_0_9_7  | CI v -> CO v | FA1D1     | 0.073 |  15.681 |   -6.426 | 
     | sfp_instance/div4/div_19/u_div_u_fa_PartRem_0_9_8  | CI v -> CO v | FA1D2     | 0.087 |  15.768 |   -6.339 | 
     | sfp_instance/div4/div_19/FE_RC_45818_0             | A2 v -> ZN ^ | OAI211D4  | 0.048 |  15.816 |   -6.291 | 
     | sfp_instance/div4/div_19/FE_RC_45817_0             | A1 ^ -> ZN v | CKND2D4   | 0.032 |  15.848 |   -6.258 | 
     | sfp_instance/div4/div_19/FE_RC_45938_0             | B1 v -> ZN ^ | IND2D4    | 0.031 |  15.879 |   -6.228 | 
     | sfp_instance/div4/div_19/FE_RC_39333_0             | A1 ^ -> ZN v | OAI21D4   | 0.037 |  15.916 |   -6.191 | 
     | sfp_instance/div4/div_19/FE_RC_16541_0             | A1 v -> ZN ^ | ND2D8     | 0.031 |  15.947 |   -6.160 | 
     | sfp_instance/div4/div_19/FE_RC_49010_0             | A1 ^ -> ZN v | CKND2D4   | 0.031 |  15.978 |   -6.129 | 
     | sfp_instance/div4/div_19/FE_RC_49006_0             | B1 v -> ZN ^ | IND2D4    | 0.025 |  16.003 |   -6.103 | 
     | sfp_instance/div4/div_19/FE_RC_49005_0             | A1 ^ -> ZN v | ND2D8     | 0.053 |  16.057 |   -6.050 | 
     | sfp_instance/div4/div_19/FE_OCPC4431_n89           | I v -> Z v   | BUFFD16   | 0.064 |  16.121 |   -5.986 | 
     | sfp_instance/div4/div_19/FE_RC_31245_0             | A1 v -> ZN ^ | ND2D4     | 0.023 |  16.144 |   -5.963 | 
     | sfp_instance/div4/div_19/FE_RC_31243_0             | B ^ -> ZN v  | OAI21D4   | 0.041 |  16.185 |   -5.922 | 
     | sfp_instance/div4/div_19/FE_RC_50164_0             | A1 v -> ZN v | IND2D2    | 0.061 |  16.245 |   -5.861 | 
     | sfp_instance/div4/div_19/FE_RC_50163_0             | A1 v -> ZN ^ | ND2D2     | 0.031 |  16.276 |   -5.830 | 
     | sfp_instance/div4/div_19/FE_RC_50162_0             | A1 ^ -> ZN v | ND2D2     | 0.031 |  16.307 |   -5.799 | 
     | sfp_instance/div4/div_19/FE_RC_57502_0             | A1 v -> ZN ^ | ND2D2     | 0.024 |  16.331 |   -5.775 | 
     | sfp_instance/div4/div_19/FE_RC_57501_0             | B ^ -> ZN v  | IOA21D2   | 0.029 |  16.360 |   -5.747 | 
     | sfp_instance/div4/div_19/u_div_u_fa_PartRem_0_8_5  | CI v -> CO v | FA1D1     | 0.070 |  16.430 |   -5.677 | 
     | sfp_instance/div4/div_19/u_div_u_fa_PartRem_0_8_6  | CI v -> CO v | FA1D1     | 0.071 |  16.501 |   -5.605 | 
     | sfp_instance/div4/div_19/u_div_u_fa_PartRem_0_8_7  | CI v -> CO v | FA1D2     | 0.076 |  16.577 |   -5.530 | 
     | sfp_instance/div4/div_19/u_div_u_fa_PartRem_0_8_8  | CI v -> CO v | FA1D2     | 0.090 |  16.667 |   -5.440 | 
     | sfp_instance/div4/div_19/FE_RC_37387_0             | A1 v -> ZN ^ | ND2D4     | 0.030 |  16.697 |   -5.410 | 
     | sfp_instance/div4/div_19/FE_RC_39086_0             | A2 ^ -> ZN v | OAI211D4  | 0.043 |  16.740 |   -5.367 | 
     | sfp_instance/div4/div_19/FE_RC_39513_0             | A1 v -> ZN ^ | ND2D4     | 0.042 |  16.782 |   -5.325 | 
     | sfp_instance/div4/div_19/FE_RC_48541_0             | A1 ^ -> ZN v | OAI21D4   | 0.033 |  16.815 |   -5.292 | 
     | sfp_instance/div4/div_19/FE_RC_20726_0             | A1 v -> ZN ^ | ND2D4     | 0.029 |  16.844 |   -5.263 | 
     | sfp_instance/div4/div_19/FE_RC_30166_0             | B1 ^ -> ZN v | IND2D4    | 0.031 |  16.875 |   -5.232 | 
     | sfp_instance/div4/div_19/FE_RC_30165_0             | A1 v -> ZN ^ | ND2D8     | 0.031 |  16.906 |   -5.201 | 
     | sfp_instance/div4/div_19/FE_RC_34743_0             | A1 ^ -> ZN v | OAI21D4   | 0.031 |  16.937 |   -5.170 | 
     | sfp_instance/div4/div_19/FE_RC_36967_0             | A1 v -> ZN ^ | ND2D4     | 0.032 |  16.969 |   -5.138 | 
     | sfp_instance/div4/div_19/FE_RC_36968_0             | I ^ -> ZN v  | CKND12    | 0.034 |  17.003 |   -5.104 | 
     | sfp_instance/div4/div_19/FE_RC_33653_0             | A1 v -> ZN ^ | NR2D4     | 0.043 |  17.046 |   -5.061 | 
     | sfp_instance/div4/div_19/FE_RC_33652_0             | A1 ^ -> ZN ^ | IND2D4    | 0.045 |  17.090 |   -5.016 | 
     | sfp_instance/div4/div_19/u_div_u_fa_PartRem_0_7_3  | A ^ -> CO ^  | FA1D2     | 0.145 |  17.236 |   -4.871 | 
     | sfp_instance/div4/div_19/FE_RC_22253_0             | A1 ^ -> ZN v | ND2D2     | 0.030 |  17.266 |   -4.840 | 
     | sfp_instance/div4/div_19/FE_RC_57949_0             | A1 v -> ZN ^ | CKND2D2   | 0.025 |  17.291 |   -4.815 | 
     | sfp_instance/div4/div_19/FE_RC_57948_0             | A1 ^ -> ZN v | ND2D2     | 0.027 |  17.319 |   -4.788 | 
     | sfp_instance/div4/div_19/FE_RC_57723_0             | A1 v -> ZN ^ | ND2D2     | 0.024 |  17.342 |   -4.764 | 
     | sfp_instance/div4/div_19/u_div_u_fa_PartRem_0_7_6  | CI ^ -> CO ^ | FA1D1     | 0.068 |  17.410 |   -4.696 | 
     | sfp_instance/div4/div_19/u_div_u_fa_PartRem_0_7_7  | CI ^ -> CO ^ | FA1D2     | 0.066 |  17.477 |   -4.630 | 
     | sfp_instance/div4/div_19/u_div_u_fa_PartRem_0_7_8  | CI ^ -> CO ^ | FA1D2     | 0.076 |  17.552 |   -4.554 | 
     | sfp_instance/div4/div_19/FE_RC_2046_0              | B1 ^ -> ZN v | IND2D4    | 0.036 |  17.589 |   -4.518 | 
     | sfp_instance/div4/div_19/FE_RC_28714_0             | A1 v -> ZN ^ | OAI21D4   | 0.042 |  17.631 |   -4.475 | 
     | sfp_instance/div4/div_19/FE_RC_40237_0             | B1 ^ -> ZN v | IND2D4    | 0.035 |  17.667 |   -4.440 | 
     | sfp_instance/div4/div_19/FE_RC_40950_0             | A1 v -> ZN ^ | CKND2D8   | 0.033 |  17.699 |   -4.407 | 
     | sfp_instance/div4/div_19/FE_RC_25734_0             | B1 ^ -> ZN v | IND2D4    | 0.028 |  17.727 |   -4.379 | 
     | sfp_instance/div4/div_19/FE_RC_25964_0             | A1 v -> ZN ^ | ND2D4     | 0.024 |  17.750 |   -4.356 | 
     | sfp_instance/div4/div_19/FE_RC_48940_0             | B1 ^ -> ZN v | IND2D4    | 0.025 |  17.776 |   -4.331 | 
     | sfp_instance/div4/div_19/FE_RC_48939_0             | A1 v -> ZN ^ | ND2D4     | 0.026 |  17.802 |   -4.305 | 
     | sfp_instance/div4/div_19/FE_RC_31545_0             | A1 ^ -> ZN v | CKND2D4   | 0.028 |  17.829 |   -4.277 | 
     | sfp_instance/div4/div_19/FE_RC_51370_0             | A2 v -> ZN ^ | OAI211D4  | 0.044 |  17.873 |   -4.234 | 
     | sfp_instance/div4/div_19/FE_OFC2889_u_div_CryTmp_7 | I ^ -> Z ^   | BUFFD16   | 0.057 |  17.930 |   -4.177 | 
     | __24_                                              |              |           |       |         |          | 
     | sfp_instance/div4/div_19/FE_RC_431_0               | A1 ^ -> ZN v | NR2XD4    | 0.026 |  17.955 |   -4.151 | 
     | sfp_instance/div4/div_19/FE_RC_430_0               | A1 v -> ZN v | IND2D4    | 0.055 |  18.010 |   -4.096 | 
     | sfp_instance/div4/div_19/FE_RC_8340_0              | B1 v -> ZN ^ | IND2D4    | 0.021 |  18.031 |   -4.076 | 
     | sfp_instance/div4/div_19/FE_RC_8339_0              | A1 ^ -> ZN v | CKND2D4   | 0.025 |  18.056 |   -4.050 | 
     | sfp_instance/div4/div_19/FE_RC_38647_0             | A1 v -> ZN ^ | ND2D4     | 0.025 |  18.081 |   -4.026 | 
     | sfp_instance/div4/div_19/FE_RC_38646_0             | A1 ^ -> ZN v | CKND2D4   | 0.026 |  18.107 |   -4.000 | 
     | sfp_instance/div4/div_19/FE_RC_7360_0              | A1 v -> ZN ^ | ND2D4     | 0.021 |  18.127 |   -3.979 | 
     | sfp_instance/div4/div_19/FE_RC_7359_0              | A1 ^ -> ZN v | CKND2D4   | 0.024 |  18.151 |   -3.955 | 
     | sfp_instance/div4/div_19/FE_RC_12710_0             | A1 v -> ZN ^ | ND2D4     | 0.021 |  18.172 |   -3.934 | 
     | sfp_instance/div4/div_19/FE_RC_12709_0             | A1 ^ -> ZN v | CKND2D4   | 0.021 |  18.193 |   -3.913 | 
     | sfp_instance/div4/div_19/FE_RC_38761_0             | A1 v -> ZN ^ | ND2D2     | 0.022 |  18.215 |   -3.891 | 
     | sfp_instance/div4/div_19/FE_RC_39665_0             | A1 ^ -> ZN v | ND2D2     | 0.023 |  18.238 |   -3.868 | 
     | sfp_instance/div4/div_19/u_div_u_fa_PartRem_0_6_6  | CI v -> CO v | FA1D1     | 0.070 |  18.308 |   -3.798 | 
     | sfp_instance/div4/div_19/u_div_u_fa_PartRem_0_6_7  | CI v -> CO v | FA1D2     | 0.074 |  18.382 |   -3.725 | 
     | sfp_instance/div4/div_19/u_div_u_fa_PartRem_0_6_8  | CI v -> CO v | FA1D2     | 0.087 |  18.468 |   -3.638 | 
     | sfp_instance/div4/div_19/FE_RC_45667_0             | A1 v -> ZN ^ | AOI21D4   | 0.054 |  18.523 |   -3.584 | 
     | sfp_instance/div4/div_19/FE_RC_39163_0             | A1 ^ -> ZN v | OAI21D4   | 0.050 |  18.572 |   -3.534 | 
     | sfp_instance/div4/div_19/FE_RC_2988_0              | A1 v -> ZN ^ | ND2D8     | 0.035 |  18.607 |   -3.499 | 
     | sfp_instance/div4/div_19/FE_RC_47829_0             | A2 ^ -> ZN v | OAI211D4  | 0.039 |  18.646 |   -3.460 | 
     | sfp_instance/div4/div_19/FE_RC_47828_0             | A1 v -> ZN ^ | AOI21D4   | 0.052 |  18.698 |   -3.408 | 
     | sfp_instance/div4/div_19/FE_RC_45800_0             | I ^ -> ZN v  | INVD8     | 0.037 |  18.736 |   -3.371 | 
     | sfp_instance/div4/div_19/FE_RC_8498_0              | A1 v -> ZN ^ | ND2D4     | 0.028 |  18.764 |   -3.343 | 
     | sfp_instance/div4/div_19/FE_RC_8496_0              | B ^ -> ZN v  | OAI21D4   | 0.044 |  18.808 |   -3.299 | 
     | sfp_instance/div4/div_19/FE_OCPC10474_u_div_PartRe | I v -> ZN ^  | CKND4     | 0.022 |  18.830 |   -3.277 | 
     | m_6__2_                                            |              |           |       |         |          | 
     | sfp_instance/div4/div_19/FE_RC_8676_0              | A1 ^ -> ZN v | CKND2D4   | 0.022 |  18.852 |   -3.254 | 
     | sfp_instance/div4/div_19/FE_RC_8675_0              | A1 v -> ZN ^ | ND2D4     | 0.022 |  18.874 |   -3.232 | 
     | sfp_instance/div4/div_19/FE_RC_8674_0              | A1 ^ -> ZN v | CKND2D4   | 0.023 |  18.898 |   -3.209 | 
     | sfp_instance/div4/div_19/FE_RC_8562_0              | A1 v -> ZN ^ | ND2D2     | 0.020 |  18.917 |   -3.189 | 
     | sfp_instance/div4/div_19/FE_RC_8561_0              | A1 ^ -> ZN v | ND2D2     | 0.027 |  18.945 |   -3.162 | 
     | sfp_instance/div4/div_19/u_div_u_fa_PartRem_0_5_4  | CI v -> CO v | FA1D1     | 0.071 |  19.016 |   -3.090 | 
     | sfp_instance/div4/div_19/u_div_u_fa_PartRem_0_5_5  | CI v -> CO v | FA1D1     | 0.072 |  19.088 |   -3.018 | 
     | sfp_instance/div4/div_19/u_div_u_fa_PartRem_0_5_6  | CI v -> CO v | FA1D2     | 0.076 |  19.164 |   -2.942 | 
     | sfp_instance/div4/div_19/u_div_u_fa_PartRem_0_5_7  | CI v -> CO v | FA1D1     | 0.077 |  19.242 |   -2.865 | 
     | sfp_instance/div4/div_19/u_div_u_fa_PartRem_0_5_8  | CI v -> CO v | FA1D2     | 0.082 |  19.324 |   -2.782 | 
     | sfp_instance/div4/div_19/FE_RC_48789_0             | A1 v -> ZN ^ | ND2D2     | 0.027 |  19.351 |   -2.755 | 
     | sfp_instance/div4/div_19/FE_RC_48788_0             | A1 ^ -> ZN v | CKND2D2   | 0.026 |  19.378 |   -2.729 | 
     | sfp_instance/div4/div_19/FE_RC_49367_0             | A1 v -> ZN ^ | ND2D2     | 0.029 |  19.407 |   -2.699 | 
     | sfp_instance/div4/div_19/FE_RC_49056_0             | A1 ^ -> ZN v | ND2D4     | 0.033 |  19.441 |   -2.666 | 
     | sfp_instance/div4/div_19/FE_RC_57546_0             | A1 v -> ZN ^ | CKND2D8   | 0.034 |  19.475 |   -2.632 | 
     | sfp_instance/div4/div_19/FE_RC_57952_0             | A1 ^ -> ZN v | ND2D8     | 0.033 |  19.508 |   -2.598 | 
     | sfp_instance/div4/div_19/FE_RC_58120_0             | A2 v -> ZN ^ | ND2D8     | 0.028 |  19.536 |   -2.571 | 
     | sfp_instance/div4/div_19/FE_RC_37667_0             | A1 ^ -> ZN v | OAI21D4   | 0.027 |  19.562 |   -2.544 | 
     | sfp_instance/div4/div_19/FE_RC_37666_0             | A1 v -> ZN ^ | ND2D4     | 0.027 |  19.590 |   -2.517 | 
     | sfp_instance/div4/div_19/FE_RC_26848_0             | B1 ^ -> ZN v | IND2D4    | 0.024 |  19.614 |   -2.492 | 
     | sfp_instance/div4/div_19/FE_RC_27558_0             | A1 v -> ZN ^ | ND2D4     | 0.023 |  19.638 |   -2.469 | 
     | sfp_instance/div4/div_19/U107                      | A1 ^ -> ZN v | CKND2D8   | 0.042 |  19.679 |   -2.427 | 
     | sfp_instance/div4/div_19/FE_RC_21764_0             | A1 v -> ZN v | IND2D4    | 0.064 |  19.743 |   -2.363 | 
     | sfp_instance/div4/div_19/FE_RC_24855_0             | A1 v -> ZN ^ | ND2D4     | 0.028 |  19.772 |   -2.335 | 
     | sfp_instance/div4/div_19/FE_RC_8030_0              | A1 ^ -> ZN v | CKND2D1   | 0.049 |  19.821 |   -2.286 | 
     | sfp_instance/div4/div_19/FE_RC_8026_0              | A2 v -> ZN ^ | CKND2D4   | 0.041 |  19.861 |   -2.245 | 
     | sfp_instance/div4/div_19/FE_RC_45258_0             | A1 ^ -> ZN v | ND2D2     | 0.025 |  19.886 |   -2.220 | 
     | sfp_instance/div4/div_19/FE_RC_45257_0             | A1 v -> ZN ^ | ND2D2     | 0.021 |  19.908 |   -2.199 | 
     | sfp_instance/div4/div_19/FE_RC_45273_0             | A1 ^ -> ZN v | ND2D2     | 0.024 |  19.932 |   -2.174 | 
     | sfp_instance/div4/div_19/FE_RC_51269_0             | A1 v -> ZN ^ | ND2D2     | 0.020 |  19.952 |   -2.154 | 
     | sfp_instance/div4/div_19/u_div_u_fa_PartRem_0_4_5  | CI ^ -> CO ^ | FA1D2     | 0.062 |  20.014 |   -2.092 | 
     | sfp_instance/div4/div_19/u_div_u_fa_PartRem_0_4_6  | CI ^ -> CO ^ | FA1D1     | 0.068 |  20.082 |   -2.024 | 
     | sfp_instance/div4/div_19/u_div_u_fa_PartRem_0_4_7  | CI ^ -> CO ^ | FA1D2     | 0.072 |  20.154 |   -1.952 | 
     | sfp_instance/div4/div_19/FE_RC_49047_0             | A1 ^ -> ZN v | ND2D2     | 0.028 |  20.183 |   -1.924 | 
     | sfp_instance/div4/div_19/FE_RC_49046_0             | A1 v -> ZN ^ | ND2D2     | 0.024 |  20.207 |   -1.900 | 
     | sfp_instance/div4/div_19/FE_RC_49481_0             | A1 ^ -> ZN v | CKND2D2   | 0.028 |  20.234 |   -1.872 | 
     | sfp_instance/div4/div_19/FE_RC_49592_0             | A1 v -> ZN ^ | ND2D2     | 0.025 |  20.259 |   -1.847 | 
     | sfp_instance/div4/div_19/FE_RC_49897_0             | A1 ^ -> ZN v | ND2D2     | 0.031 |  20.291 |   -1.816 | 
     | sfp_instance/div4/div_19/FE_RC_57105_0             | A1 v -> ZN ^ | ND2D3     | 0.028 |  20.319 |   -1.787 | 
     | sfp_instance/div4/div_19/FE_RC_57643_0             | A1 ^ -> ZN v | ND2D3     | 0.032 |  20.351 |   -1.756 | 
     | sfp_instance/div4/div_19/FE_RC_57642_0             | A1 v -> ZN ^ | ND2D4     | 0.027 |  20.377 |   -1.729 | 
     | sfp_instance/div4/div_19/FE_RC_31999_0             | B1 ^ -> ZN v | IND2D4    | 0.034 |  20.412 |   -1.695 | 
     | sfp_instance/div4/div_19/FE_RC_32747_0             | B1 v -> ZN ^ | IND2D4    | 0.026 |  20.437 |   -1.669 | 
     | sfp_instance/div4/div_19/FE_RC_2429_0              | B1 ^ -> ZN v | IND2D4    | 0.030 |  20.467 |   -1.639 | 
     | sfp_instance/div4/div_19/FE_RC_46527_0             | A1 v -> ZN ^ | OAI21D4   | 0.047 |  20.515 |   -1.592 | 
     | sfp_instance/div4/div_19/FE_RC_33574_0             | B1 ^ -> ZN v | IND2D4    | 0.038 |  20.553 |   -1.554 | 
     | sfp_instance/div4/div_19/FE_RC_48224_0             | A1 v -> ZN ^ | OAI21D4   | 0.040 |  20.593 |   -1.513 | 
     | sfp_instance/div4/div_19/FE_OFC2528_div_out4_4_    | I ^ -> Z ^   | BUFFD16   | 0.055 |  20.648 |   -1.458 | 
     | sfp_instance/div4/div_19/FE_RC_8793_0              | A1 ^ -> ZN v | CKND2D4   | 0.032 |  20.680 |   -1.426 | 
     | sfp_instance/div4/div_19/FE_RC_8791_0              | B v -> ZN ^  | OAI21D4   | 0.033 |  20.713 |   -1.393 | 
     | sfp_instance/div4/div_19/FE_RC_47414_0             | A1 ^ -> ZN v | CKND2D4   | 0.031 |  20.745 |   -1.362 | 
     | sfp_instance/div4/div_19/FE_RC_47411_0             | A2 v -> ZN ^ | CKND2D4   | 0.036 |  20.780 |   -1.326 | 
     | sfp_instance/div4/div_19/FE_RC_35886_0             | A1 ^ -> ZN v | ND2D4     | 0.024 |  20.804 |   -1.302 | 
     | sfp_instance/div4/div_19/FE_RC_35885_0             | A1 v -> ZN ^ | CKND2D4   | 0.025 |  20.829 |   -1.277 | 
     | sfp_instance/div4/div_19/FE_RC_43150_0             | A1 ^ -> ZN v | ND2D4     | 0.024 |  20.853 |   -1.254 | 
     | sfp_instance/div4/div_19/FE_RC_43149_0             | A1 v -> ZN ^ | ND2D2     | 0.021 |  20.874 |   -1.232 | 
     | sfp_instance/div4/div_19/u_div_u_fa_PartRem_0_3_5  | CI ^ -> CO ^ | FA1D2     | 0.062 |  20.936 |   -1.171 | 
     | sfp_instance/div4/div_19/u_div_u_fa_PartRem_0_3_6  | CI ^ -> CO ^ | FA1D1     | 0.069 |  21.005 |   -1.102 | 
     | sfp_instance/div4/div_19/u_div_u_fa_PartRem_0_3_7  | CI ^ -> CO ^ | FA1D1     | 0.068 |  21.073 |   -1.033 | 
     | sfp_instance/div4/div_19/u_div_u_fa_PartRem_0_3_8  | CI ^ -> CO ^ | FA1D2     | 0.066 |  21.139 |   -0.967 | 
     | sfp_instance/div4/div_19/u_div_u_fa_PartRem_0_3_9  | CI ^ -> CO ^ | FA1D1     | 0.067 |  21.206 |   -0.900 | 
     | sfp_instance/div4/div_19/u_div_u_fa_PartRem_0_3_10 | CI ^ -> CO ^ | FA1D2     | 0.079 |  21.285 |   -0.821 | 
     | sfp_instance/div4/div_19/FE_RC_33944_0             | B1 ^ -> ZN v | IND2D4    | 0.032 |  21.318 |   -0.789 | 
     | sfp_instance/div4/div_19/FE_RC_39902_0             | B1 v -> ZN ^ | IND2D4    | 0.025 |  21.342 |   -0.764 | 
     | sfp_instance/div4/div_19/FE_RC_40129_0             | A1 ^ -> ZN v | ND2D4     | 0.029 |  21.371 |   -0.736 | 
     | sfp_instance/div4/div_19/FE_RC_33341_0             | A1 v -> ZN ^ | OAI21D4   | 0.045 |  21.416 |   -0.690 | 
     | sfp_instance/div4/div_19/FE_RC_39406_0             | B1 ^ -> ZN v | IND2D4    | 0.036 |  21.452 |   -0.654 | 
     | sfp_instance/div4/div_19/FE_RC_36200_0             | A1 v -> ZN ^ | ND2D4     | 0.029 |  21.481 |   -0.625 | 
     | sfp_instance/div4/div_19/FE_RC_35951_0             | A2 ^ -> ZN v | OAI211D4  | 0.041 |  21.522 |   -0.584 | 
     | sfp_instance/div4/div_19/FE_RC_40097_0             | A1 v -> ZN ^ | OAI21D4   | 0.051 |  21.573 |   -0.533 | 
     | sfp_instance/div4/div_19/FE_OCPC7756_div_out4_3_   | I ^ -> Z ^   | BUFFD16   | 0.055 |  21.629 |   -0.478 | 
     | sfp_instance/div4/div_19/FE_RC_13601_0_dup         | A1 ^ -> ZN v | NR2XD4    | 0.033 |  21.661 |   -0.445 | 
     | sfp_instance/div4/div_19/FE_RC_13600_0             | A1 v -> ZN v | IND2D4    | 0.058 |  21.719 |   -0.387 | 
     | sfp_instance/div4/div_19/FE_RC_5792_0              | A1 v -> ZN ^ | ND2D4     | 0.022 |  21.741 |   -0.365 | 
     | sfp_instance/div4/div_19/FE_RC_5787_0              | A1 ^ -> ZN v | ND2D4     | 0.029 |  21.770 |   -0.337 | 
     | sfp_instance/div4/div_19/FE_RC_57767_0             | A1 v -> ZN ^ | ND2D2     | 0.021 |  21.790 |   -0.316 | 
     | sfp_instance/div4/div_19/FE_RC_17329_0             | A1 ^ -> ZN v | ND2D2     | 0.026 |  21.817 |   -0.290 | 
     | sfp_instance/div4/div_19/FE_RC_17328_0             | A1 v -> ZN ^ | ND2D3     | 0.026 |  21.843 |   -0.264 | 
     | sfp_instance/div4/div_19/FE_RC_17327_0             | A1 ^ -> ZN v | ND2D4     | 0.028 |  21.871 |   -0.236 | 
     | sfp_instance/div4/div_19/FE_RC_5087_0              | A1 v -> ZN ^ | ND2D4     | 0.021 |  21.892 |   -0.215 | 
     | sfp_instance/div4/div_19/FE_RC_5086_0              | A1 ^ -> ZN v | CKND2D4   | 0.024 |  21.916 |   -0.191 | 
     | sfp_instance/div4/div_19/FE_RC_42393_0             | B1 v -> ZN ^ | IND2D4    | 0.021 |  21.937 |   -0.170 | 
     | sfp_instance/div4/div_19/FE_RC_42391_0             | B1 ^ -> ZN v | IND2D4    | 0.029 |  21.965 |   -0.141 | 
     | sfp_instance/div4/div_19/FE_RC_51278_0             | A1 v -> ZN ^ | ND2D4     | 0.022 |  21.988 |   -0.119 | 
     | sfp_instance/div4/div_19/FE_RC_51282_0             | B1 ^ -> ZN v | IND2D4    | 0.025 |  22.013 |   -0.094 | 
     | sfp_instance/div4/div_19/FE_RC_32276_0             | A2 v -> ZN ^ | OAI211D4  | 0.042 |  22.055 |   -0.052 | 
     | sfp_instance/div4/div_19/FE_RC_32273_0             | B1 ^ -> ZN v | IND2D4    | 0.034 |  22.088 |   -0.018 | 
     | sfp_instance/div4/div_19/FE_RC_2163_0              | B1 v -> ZN ^ | IND2D4    | 0.024 |  22.113 |    0.007 | 
     | sfp_instance/div4/div_19/FE_RC_14826_0             | A2 ^ -> ZN v | OAI211D4  | 0.041 |  22.154 |    0.047 | 
     | sfp_instance/div4/div_19/FE_RC_45929_0             | A1 v -> ZN ^ | ND2D4     | 0.036 |  22.190 |    0.084 | 
     | sfp_instance/div4/div_19/FE_RC_19077_0             | A2 ^ -> ZN v | OAI211D4  | 0.048 |  22.238 |    0.131 | 
     | sfp_instance/div4/div_19/FE_RC_46745_0             | A1 v -> ZN ^ | OAI21D4   | 0.053 |  22.291 |    0.184 | 
     | sfp_instance/div4/div_19/FE_RC_46565_0             | A1 ^ -> ZN v | ND2D3     | 0.034 |  22.325 |    0.218 | 
     | sfp_instance/div4/div_19/FE_RC_51274_0             | B1 v -> ZN ^ | IND2D4    | 0.033 |  22.358 |    0.251 | 
     | sfp_instance/div4/div_19/FE_RC_51273_0             | A1 ^ -> ZN v | ND2D8     | 0.044 |  22.402 |    0.295 | 
     | sfp_instance/div4/div_19/FE_RC_13643_0             | B1 v -> ZN ^ | IND2D4    | 0.030 |  22.431 |    0.325 | 
     | sfp_instance/div4/div_19/FE_RC_58132_0             | B ^ -> ZN v  | OAI21D4   | 0.041 |  22.472 |    0.366 | 
     | sfp_instance/div4/div_19/FE_RC_6011_0              | I v -> ZN ^  | CKND4     | 0.024 |  22.496 |    0.390 | 
     | sfp_instance/div4/div_19/FE_RC_6010_0              | B1 ^ -> ZN v | IND2D4    | 0.025 |  22.521 |    0.415 | 
     | sfp_instance/div4/div_19/FE_RC_47630_0             | A1 v -> ZN ^ | ND2D4     | 0.021 |  22.542 |    0.436 | 
     | sfp_instance/div4/div_19/FE_RC_47629_0             | A1 ^ -> ZN v | CKND2D4   | 0.024 |  22.566 |    0.459 | 
     | sfp_instance/div4/div_19/FE_RC_5861_0              | A1 v -> ZN ^ | ND2D4     | 0.021 |  22.587 |    0.481 | 
     | sfp_instance/div4/div_19/FE_RC_5860_0              | A1 ^ -> ZN v | ND2D4     | 0.022 |  22.609 |    0.503 | 
     | sfp_instance/div4/div_19/FE_RC_40113_0             | A1 v -> ZN ^ | ND2D2     | 0.020 |  22.629 |    0.522 | 
     | sfp_instance/div4/div_19/FE_RC_40112_0             | A1 ^ -> ZN v | ND2D2     | 0.025 |  22.654 |    0.547 | 
     | sfp_instance/div4/div_19/FE_RC_45703_0             | A1 v -> ZN ^ | ND2D2     | 0.021 |  22.674 |    0.568 | 
     | sfp_instance/div4/div_19/FE_RC_45702_0             | A1 ^ -> ZN v | ND2D2     | 0.025 |  22.700 |    0.593 | 
     | sfp_instance/div4/div_19/u_div_u_fa_PartRem_0_1_6  | CI v -> CO v | FA1D2     | 0.074 |  22.773 |    0.667 | 
     | sfp_instance/div4/div_19/u_div_u_fa_PartRem_0_1_7  | CI v -> CO v | FA1D1     | 0.078 |  22.851 |    0.745 | 
     | sfp_instance/div4/div_19/u_div_u_fa_PartRem_0_1_8  | CI v -> CO v | FA1D2     | 0.087 |  22.939 |    0.832 | 
     | sfp_instance/div4/div_19/FE_RC_45624_0             | A1 v -> ZN ^ | AOI21D4   | 0.044 |  22.982 |    0.876 | 
     | sfp_instance/div4/div_19/FE_RC_45605_0             | A2 ^ -> ZN v | OAI211D4  | 0.050 |  23.032 |    0.926 | 
     | sfp_instance/div4/div_19/FE_RC_25853_0             | B1 v -> ZN ^ | IND2D4    | 0.032 |  23.065 |    0.958 | 
     | sfp_instance/div4/div_19/FE_RC_25912_0             | A1 ^ -> ZN v | ND2D4     | 0.030 |  23.095 |    0.988 | 
     | sfp_instance/div4/div_19/FE_RC_8623_0              | B1 v -> ZN ^ | IND2D4    | 0.026 |  23.120 |    1.014 | 
     | sfp_instance/div4/div_19/FE_RC_38520_0             | A1 ^ -> ZN v | OAI21D4   | 0.027 |  23.147 |    1.041 | 
     | sfp_instance/div4/div_19/FE_RC_51181_0             | A1 v -> ZN ^ | ND2D3     | 0.025 |  23.173 |    1.066 | 
     | sfp_instance/div4/div_19/FE_RC_57133_0             | A1 ^ -> ZN v | ND2D3     | 0.034 |  23.207 |    1.100 | 
     | sfp_instance/div4/div_19/FE_RC_57655_0             | A1 v -> ZN ^ | ND2D3     | 0.026 |  23.233 |    1.127 | 
     | sfp_instance/div4/div_19/FE_RC_57654_0             | A1 ^ -> ZN v | CKND2D4   | 0.029 |  23.262 |    1.155 | 
     | sfp_instance/div4/div_19/FE_RC_28071_0             | A1 v -> ZN ^ | ND2D4     | 0.030 |  23.292 |    1.185 | 
     | sfp_instance/div4/div_19/FE_RC_28200_0             | A1 ^ -> ZN v | CKND2D8   | 0.045 |  23.337 |    1.230 | 
     | sfp_instance/div4/div_19/FE_RC_28433_0             | A1 v -> ZN ^ | OAI21D4   | 0.044 |  23.380 |    1.274 | 
     | sfp_instance/div4/div_19/FE_RC_49290_0             | B ^ -> ZN v  | OAI21D4   | 0.036 |  23.417 |    1.310 | 
     | sfp_instance/div4/div_19/FE_RC_19240_0             | A1 v -> ZN ^ | ND2D2     | 0.030 |  23.447 |    1.340 | 
     | sfp_instance/div4/div_19/FE_RC_19239_0             | B ^ -> ZN v  | OAI21D2   | 0.037 |  23.483 |    1.377 | 
     | sfp_instance/div4/div_19/FE_RC_19238_0             | A1 v -> ZN ^ | ND2D2     | 0.037 |  23.520 |    1.414 | 
     | sfp_instance/div4/div_19/FE_RC_19237_0             | A1 ^ -> ZN v | AOI21D4   | 0.028 |  23.548 |    1.442 | 
     | sfp_instance/div4/div_19/FE_RC_48977_0             | A1 v -> ZN ^ | OAI21D4   | 0.037 |  23.586 |    1.479 | 
     | sfp_instance/div4/div_19/FE_RC_49345_0             | A1 ^ -> ZN v | CKND2D4   | 0.027 |  23.613 |    1.507 | 
     | sfp_instance/div4/div_19/FE_RC_49344_0             | A1 v -> ZN ^ | ND2D4     | 0.020 |  23.633 |    1.526 | 
     | sfp_instance/div4/div_19/FE_RC_22877_0             | B1 ^ -> ZN v | IND2D4    | 0.023 |  23.656 |    1.549 | 
     | sfp_instance/div4/div_19/FE_RC_27785_0             | A1 v -> ZN ^ | OAI21D4   | 0.035 |  23.691 |    1.584 | 
     | sfp_instance/div4/div_19/FE_RC_27784_0             | A1 ^ -> ZN v | CKND2D4   | 0.030 |  23.721 |    1.614 | 
     | sfp_instance/div4/div_19/FE_RC_31286_0             | B1 v -> ZN ^ | IND2D4    | 0.026 |  23.747 |    1.641 | 
     | sfp_instance/div4/div_19/FE_RC_19221_0             | A1 ^ -> ZN v | ND2D4     | 0.031 |  23.778 |    1.671 | 
     | sfp_instance/div4/div_19/FE_RC_20406_0             | A2 v -> ZN ^ | OAI211D4  | 0.047 |  23.824 |    1.718 | 
     | sfp_instance/div4/div_19/FE_RC_27870_0             | B1 ^ -> ZN v | IND2D4    | 0.032 |  23.856 |    1.750 | 
     | sfp_instance/div4/div_19/FE_RC_28022_0             | B1 v -> ZN ^ | IND2D4    | 0.024 |  23.880 |    1.773 | 
     | sfp_instance/FE_OCPC10455_div_out4_0_              | I ^ -> ZN v  | INVD6     | 0.022 |  23.902 |    1.795 | 
     | sfp_instance/FE_OCPC10456_div_out4_0_              | I v -> ZN ^  | INVD16    | 0.036 |  23.937 |    1.831 | 
     | sfp_instance/sfp_out_sign4_reg_0_                  | D ^          | EDFKCNQD1 | 0.002 |  23.939 |    1.833 | 
     +------------------------------------------------------------------------------------------------------------+ 

